model,seed,video_id,category,ground_truth,transformation,transformation_family,severity,prob_fake,pred_fake,correct,SO,SO@10,SO@20,SO@30,IoU,IoU@10,IoU@20,IoU@30,saliency_mass,hit_rate,saliency_entropy,faithfulness,faithfulness_blur,faithfulness_zero,faithfulness_mean,ES_cos,explanation_IoU,explanation_IoU@10,explanation_IoU@20,explanation_IoU@30,prediction_preserved,n_valid_frames,n_failed_frames
resnet50,123,033,Original,0,brightening_sev1,brightening,1,0.03915059435250993,0.0049261083743842365,0.9950738916256158,,,,,,,,,,,,,,,,,,,,,0.9605911330049262,203,0
resnet50,123,033,Original,0,brightening_sev2,brightening,2,0.013802541931474583,0.0049261083743842365,0.9950738916256158,,,,,,,,,,,,,,,,,,,,,0.9605911330049262,203,0
resnet50,123,033,Original,0,brightening_sev3,brightening,3,0.004903991799715515,0.0,1.0,,,,,,,,,,,,,,,,,,,,,0.9556650246305419,203,0
resnet50,123,033,Original,0,clean,clean,0,0.0670288700582872,0.04433497536945813,0.9556650246305419,,,,,,,,,,,,,,,,,,,,,,203,0
resnet50,123,033,Original,0,darkening_sev1,darkening,1,0.028540738125453803,0.009852216748768473,0.9901477832512315,,,,,,,,,,,,,,,,,,,,,0.9655172413793104,203,0
resnet50,123,033,Original,0,darkening_sev2,darkening,2,0.04745060169818151,0.009852216748768473,0.9901477832512315,,,,,,,,,,,,,,,,,,,,,0.9556650246305419,203,0
resnet50,123,033,Original,0,darkening_sev3,darkening,3,0.14648850468959967,0.034482758620689655,0.9655172413793104,,,,,,,,,,,,,,,,,,,,,0.9704433497536946,203,0
resnet50,123,033,Original,0,jpeg_sev1,jpeg,1,0.0481807255221122,0.019704433497536946,0.9802955665024631,,,,,,,,,,,,,,,,,,,,,0.9556650246305419,203,0
resnet50,123,033,Original,0,jpeg_sev2,jpeg,2,0.015700571266521322,0.0,1.0,,,,,,,,,,,,,,,,,,,,,0.9556650246305419,203,0
resnet50,123,033,Original,0,jpeg_sev3,jpeg,3,0.03462711534247238,0.0,1.0,,,,,,,,,,,,,,,,,,,,,0.9556650246305419,203,0
resnet50,123,033,Original,0,resize_sev1,resize,1,0.580771563031018,0.6108374384236454,0.3891625615763547,,,,,,,,,,,,,,,,,,,,,0.43349753694581283,203,0
resnet50,123,033,Original,0,resize_sev2,resize,2,0.5590976324927961,0.5665024630541872,0.43349753694581283,,,,,,,,,,,,,,,,,,,,,0.46798029556650245,203,0
resnet50,123,033,Original,0,resize_sev3,resize,3,0.36512705782804583,0.1330049261083744,0.8669950738916257,,,,,,,,,,,,,,,,,,,,,0.8522167487684729,203,0
resnet50,123,033_097,Deepfakes,1,brightening_sev1,brightening,1,0.8677368074875748,0.9359605911330049,0.9359605911330049,0.41235052335702216,0.5006193519414042,0.41235052335702216,0.3502616355172966,0.29438642221427364,0.21700762745488075,0.29438642221427364,0.3054370078758999,0.45449094334622536,0.6157635467980296,11.511779113356116,0.39121648166649814,0.39121648166649814,0.7709315850541656,0.7748545586530652,0.9785083573805757,0.8811605684673482,0.8633414457179416,0.8811605684673482,0.8737063619838724,0.9704433497536946,203,0
resnet50,123,033_097,Deepfakes,1,brightening_sev2,brightening,2,0.5696475126670463,0.5812807881773399,0.5812807881773399,0.3137724353399624,0.38790882430667767,0.3137724353399624,0.2539010074720562,0.22274681213201603,0.16791473390722447,0.22274681213201603,0.21523283673841176,0.3626410537835215,0.458128078817734,11.477277116822492,0.2595062097287943,0.2595062097287943,0.4596339449804882,0.5091849377727494,0.7466636376064726,0.597837606051249,0.5811701647561633,0.597837606051249,0.583995741630281,0.625615763546798,203,0
resnet50,123,033_097,Deepfakes,1,brightening_sev3,brightening,3,0.2941675280109552,0.24630541871921183,0.24630541871921183,0.1717815210774174,0.21325880477191606,0.1717815210774174,0.1369340054539366,0.12373126147640381,0.09363770999289979,0.12373126147640381,0.11535509306858732,0.19920809170768958,0.2512315270935961,11.688996197554866,0.13344265055542195,0.13344265055542195,0.17446392259372426,0.2413743302642409,0.4162514389819339,0.3046110792277114,0.28064829337103814,0.3046110792277114,0.31064492716839415,0.29064039408866993,203,0
resnet50,123,033_097,Deepfakes,1,clean,clean,0,0.9097494673479367,0.9556650246305419,0.9556650246305419,0.42529084195347955,0.5186179617428798,0.42529084195347955,0.36157586846677403,0.30702818882920785,0.22719169762717067,0.30702818882920785,0.3185471718706325,0.4570023215295289,0.6354679802955665,11.619257828284955,0.4417953711975678,0.4417953711975678,0.8355787185851136,0.7535595753106284,,,,,,,203,0
resnet50,123,033_097,Deepfakes,1,darkening_sev1,darkening,1,0.8039442804765892,0.8522167487684729,0.8522167487684729,0.40816963126161526,0.5075844983403419,0.40816963126161526,0.3413896476524791,0.29672906700049306,0.225214152348617,0.29672906700049306,0.30062956950698033,0.4533477323297419,0.5960591133004927,11.57442814023624,0.47364095314015897,0.47364095314015897,0.7517239264570397,0.6139409807763003,0.9301769900350259,0.8199532780026028,0.8016463002141986,0.8199532780026028,0.8224281529558491,0.896551724137931,203,0
resnet50,123,033_097,Deepfakes,1,darkening_sev2,darkening,2,0.7419410761207196,0.8374384236453202,0.8374384236453202,0.3975585748980072,0.49315882510343895,0.3975585748980072,0.3252472437046866,0.2899408350724347,0.21821211960462905,0.2899408350724347,0.2844033794025909,0.44321862398697554,0.5714285714285714,11.591649605135613,0.4163926236166302,0.4163926236166302,0.6673724145211023,0.5166326534058073,0.8917826269068186,0.7485499728079759,0.7308710555757192,0.7485499728079759,0.7374752306239565,0.8719211822660099,203,0
resnet50,123,033_097,Deepfakes,1,darkening_sev3,darkening,3,0.5787878636032197,0.6157635467980296,0.6157635467980296,0.2749602247626702,0.3367803076502738,0.2749602247626702,0.22675905727256432,0.1904974267453506,0.1430511217876023,0.1904974267453506,0.18706303846437708,0.2801935881659869,0.4088669950738916,12.004200423292339,0.22963024149167124,0.22963024149167124,0.37059253432186956,0.29806318258857495,0.7129148908826307,0.5480271254641997,0.5185346575316234,0.5480271254641997,0.555142207839557,0.6600985221674877,203,0
resnet50,123,033_097,Deepfakes,1,jpeg_sev1,jpeg,1,0.7801585655035497,0.8571428571428571,0.8571428571428571,0.4087645300813264,0.5046911202826856,0.4087645300813264,0.34114413589713083,0.2943579075558358,0.22159307622983704,0.2943579075558358,0.2963163064537772,0.45484517557884596,0.6059113300492611,11.543628307398905,0.3827356795684017,0.3827356795684017,0.6983733901231013,0.653410566947767,0.9228616654276812,0.7898510886889814,0.7703414385550533,0.7898510886889814,0.7827719759959895,0.8719211822660099,203,0
resnet50,123,033_097,Deepfakes,1,jpeg_sev2,jpeg,2,0.26323734357462175,0.18226600985221675,0.18226600985221675,0.11350047479011773,0.14712280444378295,0.11350047479011773,0.09088563038047907,0.07592695335883441,0.062457393391641816,0.07592695335883441,0.07100479718940804,0.13677351532869583,0.17733990147783252,11.893215790170753,0.09956119536981903,0.09956119536981903,0.14055090416521018,0.14474300214598698,0.339638797453901,0.23008011371337203,0.216502302225049,0.23008011371337203,0.2543457519334862,0.22660098522167488,203,0
resnet50,123,033_097,Deepfakes,1,jpeg_sev3,jpeg,3,0.08727677195709138,0.0,0.0,0.0052731928455045,0.0035373093524970894,0.0052731928455045,0.0064882371392637386,0.002623272553359756,0.0011595393488280665,0.002623272553359756,0.0039011659344443065,0.006944074824965751,0.0,12.151809729966036,0.009950616882696484,0.009950616882696484,-0.018874916909813057,-0.003082356526369566,0.04579826647171097,0.017333833548593747,0.0034956448947676957,0.017333833548593747,0.0560881466273609,0.04433497536945813,203,0
resnet50,123,033_097,Deepfakes,1,resize_sev1,resize,1,0.9924238855615625,1.0,1.0,0.44590286202038737,0.5437713096951108,0.44590286202038737,0.3807747664514928,0.32572201855441185,0.2396200269479667,0.32572201855441185,0.34022567307041257,0.4632274109852639,0.6600985221674877,11.75494684961629,0.39341724975942977,0.39341724975942977,0.8827204731811443,0.7256869192927929,0.9611226493103473,0.8478021505523227,0.8023420188900889,0.8478021505523227,0.8450771215873856,0.9556650246305419,203,0
resnet50,123,033_097,Deepfakes,1,resize_sev2,resize,2,0.971289175778187,0.9950738916256158,0.9950738916256158,0.4551985088758032,0.5592342061673877,0.4551985088758032,0.38572426435918233,0.3364675223861409,0.24919011197669938,0.3364675223861409,0.3472665573369934,0.4788044375144824,0.6600985221674877,11.700491665619348,0.3862294531220873,0.3862294531220873,0.8486503663615053,0.6753443122056905,0.9547962030129078,0.824142475483465,0.772633611490434,0.824142475483465,0.8232431405922511,0.9605911330049262,203,0
resnet50,123,033_097,Deepfakes,1,resize_sev3,resize,3,0.5493479906925427,0.5763546798029556,0.5763546798029556,0.31210684601445843,0.40064298822955785,0.31210684601445843,0.2545680923194199,0.2162002589236929,0.1735996896421591,0.2162002589236929,0.20885975245178734,0.3080243053799539,0.5024630541871922,12.341798274975105,0.031471417308440934,0.031471417308440934,0.31400798872260033,0.210121444807264,0.6114190615392268,0.4115723886981615,0.3863623575134376,0.4115723886981615,0.41757431446630217,0.5911330049261084,203,0
resnet50,123,033_097,Face2Face,1,brightening_sev1,brightening,1,0.8433369433507323,0.9166666666666666,0.9166666666666666,0.21801213143659498,0.26317134623325017,0.21801213143659498,0.1836812952389228,0.13162443515073796,0.09511248904705467,0.13162443515073796,0.13744395445534016,0.2389168581092085,0.35,11.50849260489146,0.38609083512565123,0.38609083512565123,0.7280139204735557,0.7188158610680451,0.9711959859869315,0.8613794846739792,0.8474167145173602,0.8613794846739792,0.8552104773812591,0.9666666666666667,120,0
resnet50,123,033_097,Face2Face,1,brightening_sev2,brightening,2,0.5019854088895954,0.5166666666666667,0.5166666666666667,0.11006116389638307,0.14091440845728814,0.11006116389638307,0.09082105026281585,0.0625495223057449,0.04950466481476502,0.0625495223057449,0.06331225069907923,0.13227976206094783,0.18333333333333332,11.546525200208029,0.22016123651701489,0.22016123651701489,0.38120500535781804,0.42936775548538814,0.6678338441975618,0.5195075458137931,0.49064319320028293,0.5195075458137931,0.5277073078205959,0.5833333333333334,120,0
resnet50,123,033_097,Face2Face,1,brightening_sev3,brightening,3,0.23139896869251966,0.15,0.15,0.04031880421761965,0.04752983026800244,0.04031880421761965,0.03549866559737571,0.021594230812441138,0.016128893428891386,0.021594230812441138,0.02301198874302069,0.04915283294951383,0.041666666666666664,11.736603331565856,0.09692666827759237,0.09692666827759237,0.11411805091580997,0.18433188689232335,0.3610993231438711,0.2456682056699278,0.20101688124511669,0.2456682056699278,0.27672961544035907,0.21666666666666667,120,0
resnet50,123,033_097,Face2Face,1,clean,clean,0,0.8771055965994795,0.9333333333333333,0.9333333333333333,0.23372117043008775,0.27601404339365493,0.23372117043008775,0.198732699122195,0.1437210800337117,0.10083081861245488,0.1437210800337117,0.15172077436570333,0.24871899052981467,0.375,11.59429166316986,0.42343359350537263,0.42343359350537263,0.7902184742658088,0.6770781091103951,,,,,,,120,0
resnet50,123,033_097,Face2Face,1,darkening_sev1,darkening,1,0.7372640451493984,0.7833333333333333,0.7833333333333333,0.20892593936666903,0.24737101536220787,0.20892593936666903,0.1778444179973591,0.12729415927332569,0.08969837374513517,0.12729415927332569,0.1345014422791991,0.2272357314277646,0.31666666666666665,11.615617219607035,0.39956032767271005,0.39956032767271005,0.67332628419778,0.5086984585272148,0.8899527430300546,0.7616017404217268,0.7502083865412051,0.7616017404217268,0.766281231590109,0.85,120,0
resnet50,123,033_097,Face2Face,1,darkening_sev2,darkening,2,0.7104260733971993,0.7833333333333333,0.7833333333333333,0.21248426364581646,0.26056287059670974,0.21248426364581646,0.17764612900581214,0.12925806717929597,0.09491216727447645,0.12925806717929597,0.13353006724955946,0.23628264155927522,0.3416666666666667,11.653147681554158,0.3562416513916105,0.3562416513916105,0.6246387948825335,0.46099218241870404,0.8681556105823472,0.7119744617386448,0.6998535846928383,0.7119744617386448,0.7079087744158775,0.8333333333333334,120,0
resnet50,123,033_097,Face2Face,1,darkening_sev3,darkening,3,0.6620849500099818,0.7666666666666667,0.7666666666666667,0.20050659924310618,0.2460955643740633,0.20050659924310618,0.1727457632072854,0.12194702078473939,0.08981672995563512,0.12194702078473939,0.13067717641329787,0.21006819276157987,0.3,11.865595229466756,0.28995590209960936,0.28995590209960936,0.4410452950745821,0.35820443319777645,0.8348384972141054,0.6659339484242496,0.6370511262770079,0.6659339484242496,0.6720567970711046,0.8333333333333334,120,0
resnet50,123,033_097,Face2Face,1,jpeg_sev1,jpeg,1,0.7379814147173117,0.825,0.825,0.21087537459316294,0.25731823120409025,0.21087537459316294,0.17831848195122155,0.1270810240112091,0.09301965530126927,0.1270810240112091,0.13290857977491635,0.23339015542837124,0.35,11.59011279741923,0.38356413327467936,0.38356413327467936,0.6419261687745651,0.5830922716840481,0.895227438134377,0.7479709107101612,0.7327460538308853,0.7479709107101612,0.7533159151467544,0.8416666666666667,120,0
resnet50,123,033_097,Face2Face,1,jpeg_sev2,jpeg,2,0.26170639058303397,0.2,0.2,0.05668972278028382,0.061706453003482445,0.05668972278028382,0.05396129160370097,0.030685850814512274,0.02105141072856736,0.030685850814512274,0.03530152964271496,0.06761394953010269,0.075,11.908118065198263,0.1084604987700004,0.1084604987700004,0.14266393451058926,0.13425712356887137,0.3539709406416195,0.24860398026609107,0.2131258799496622,0.24860398026609107,0.2836876257071478,0.26666666666666666,120,0
resnet50,123,033_097,Face2Face,1,jpeg_sev3,jpeg,3,0.059578309625309536,0.0,0.0,0.013843573943022932,0.010594857207378235,0.013843573943022932,0.0157875658125128,0.006435199502185595,0.0031730932027171344,0.006435199502185595,0.009041374219628478,0.015714425907137775,0.0,12.098071304957072,-0.0027546787411362504,-0.0027546787411362504,-0.02525328350602647,-0.015925445408599127,0.056439711901407154,0.023036690415250544,0.005910160380407909,0.023036690415250544,0.06316320650523609,0.06666666666666667,120,0
resnet50,123,033_097,Face2Face,1,resize_sev1,resize,1,0.9924148167173068,1.0,1.0,0.27434905053071945,0.3258604955305272,0.27434905053071945,0.23022054726654112,0.1755529484405208,0.12286336360442564,0.1755529484405208,0.1820631416750319,0.2806591071813786,0.4083333333333333,11.702398951848348,0.3910053178668022,0.3910053178668022,0.87641346110031,0.660026105803748,0.9429317486930583,0.8078633569429189,0.7587790582517856,0.8078633569429189,0.8031190544801701,0.9333333333333333,120,0
resnet50,123,033_097,Face2Face,1,resize_sev2,resize,2,0.9690309301018715,0.9916666666666667,0.9916666666666667,0.2777487414521019,0.3311330570105022,0.2777487414521019,0.23123208364764875,0.17874198240137376,0.1255076685852546,0.17874198240137376,0.18339023850229794,0.2881371897797454,0.4083333333333333,11.645704245567321,0.3766246438026428,0.3766246438026428,0.8462591038706402,0.6175507868950566,0.934564989160282,0.7804221461641884,0.7203448601797429,0.7804221461641884,0.7842131872384296,0.9416666666666667,120,0
resnet50,123,033_097,Face2Face,1,resize_sev3,resize,3,0.5366086387385924,0.575,0.575,0.15514042388185295,0.1719927226871733,0.15514042388185295,0.14126979665088904,0.09026827359807973,0.060323403848729855,0.09026827359807973,0.10212185069819653,0.150646817009839,0.23333333333333334,12.368022553126018,0.027358266835411385,0.027358266835411385,0.3004375631300112,0.17269235973556835,0.5671989571600263,0.3798836844554447,0.3419092328679854,0.3798836844554447,0.3967033813015675,0.5916666666666667,120,0
resnet50,123,033_097,FaceSwap,1,brightening_sev1,brightening,1,0.8433369433507323,0.9166666666666666,0.9166666666666666,0.11267143856061428,0.12169600925429622,0.11267143856061428,0.09484740077397719,0.07659368453811731,0.055107625283442374,0.07659368453811731,0.07500954064564308,0.1138733253430819,0.09166666666666666,11.50849260489146,0.38609083512565123,0.38609083512565123,0.7280139204735557,0.7188158610680451,0.9711959859869315,0.8613794846739792,0.8474167145173602,0.8613794846739792,0.8552104773812591,0.9666666666666667,120,0
resnet50,123,033_097,FaceSwap,1,brightening_sev2,brightening,2,0.5019854088895954,0.5166666666666667,0.5166666666666667,0.05595164285659377,0.05594627894556251,0.05595164285659377,0.04946356507034343,0.03656109057895715,0.024569733042168345,0.03656109057895715,0.03744007642059314,0.059855770422535474,0.06666666666666667,11.546525200208029,0.22016123651701489,0.22016123651701489,0.38120500535781804,0.42936775548538814,0.6678338441975618,0.5195075458137931,0.49064319320028293,0.5195075458137931,0.5277073078205959,0.5833333333333334,120,0
resnet50,123,033_097,FaceSwap,1,brightening_sev3,brightening,3,0.23139896869251966,0.15,0.15,0.02378649878708501,0.022585577087748325,0.02378649878708501,0.026879054996321986,0.01505507719969451,0.009967509018963412,0.01505507719969451,0.019652553944143683,0.03051462390931853,0.03333333333333333,11.736603331565856,0.09692666827759237,0.09692666827759237,0.11411805091580997,0.18433188689232335,0.3610993231438711,0.2456682056699278,0.20101688124511669,0.2456682056699278,0.27672961544035907,0.21666666666666667,120,0
resnet50,123,033_097,FaceSwap,1,clean,clean,0,0.8771055965994795,0.9333333333333333,0.9333333333333333,0.11708270824431435,0.128468795723906,0.11708270824431435,0.09661319039286707,0.08005187926677153,0.05872881687596668,0.08005187926677153,0.07659179901968512,0.11598427748353311,0.08333333333333333,11.59429166316986,0.42343359350537263,0.42343359350537263,0.7902184742658088,0.6770781091103951,,,,,,,120,0
resnet50,123,033_097,FaceSwap,1,darkening_sev1,darkening,1,0.7372640451493984,0.7833333333333333,0.7833333333333333,0.09460751708240402,0.10281155351429726,0.09460751708240402,0.07825047392378784,0.06365558923783524,0.04644539652584197,0.06365558923783524,0.06088937594956908,0.09622698501835933,0.05,11.615617219607035,0.39956032767271005,0.39956032767271005,0.67332628419778,0.5086984585272148,0.8899527430300546,0.7616017404217268,0.7502083865412051,0.7616017404217268,0.766281231590109,0.85,120,0
resnet50,123,033_097,FaceSwap,1,darkening_sev2,darkening,2,0.7104260733971993,0.7833333333333333,0.7833333333333333,0.0916979814521263,0.10373841013978956,0.0916979814521263,0.07538116224019278,0.06079464021377814,0.04659754534431324,0.06079464021377814,0.05794831180901594,0.09296268637671812,0.058333333333333334,11.653147681554158,0.3562416513916105,0.3562416513916105,0.6246387948825335,0.46099218241870404,0.8681556105823472,0.7119744617386448,0.6998535846928383,0.7119744617386448,0.7079087744158775,0.8333333333333334,120,0
resnet50,123,033_097,FaceSwap,1,darkening_sev3,darkening,3,0.6620849500099818,0.7666666666666667,0.7666666666666667,0.08996234156665174,0.10075678520661167,0.08996234156665174,0.07906418604571619,0.05949058720195323,0.045162773708126824,0.05949058720195323,0.06114239916399333,0.09055074759026847,0.08333333333333333,11.865595229466756,0.28995590209960936,0.28995590209960936,0.4410452950745821,0.35820443319777645,0.8348384972141054,0.6659339484242496,0.6370511262770079,0.6659339484242496,0.6720567970711046,0.8333333333333334,120,0
resnet50,123,033_097,FaceSwap,1,jpeg_sev1,jpeg,1,0.7379814147173117,0.825,0.825,0.10688256012762823,0.11878315861250942,0.10688256012762823,0.09036731303973321,0.07245649522987965,0.0539577577343231,0.07245649522987965,0.07116240703389767,0.11137531311937059,0.10833333333333334,11.59011279741923,0.38356413327467936,0.38356413327467936,0.6419261687745651,0.5830922716840481,0.895227438134377,0.7479709107101612,0.7327460538308853,0.7479709107101612,0.7533159151467544,0.8416666666666667,120,0
resnet50,123,033_097,FaceSwap,1,jpeg_sev2,jpeg,2,0.26170639058303397,0.2,0.2,0.034409662615552644,0.032123350903486635,0.034409662615552644,0.03443902095618882,0.02184766742262078,0.014176119470159503,0.02184766742262078,0.025478705218496652,0.037152999707816776,0.03333333333333333,11.908118065198263,0.1084604987700004,0.1084604987700004,0.14266393451058926,0.13425712356887137,0.3539709406416195,0.24860398026609107,0.2131258799496622,0.24860398026609107,0.2836876257071478,0.26666666666666666,120,0
resnet50,123,033_097,FaceSwap,1,jpeg_sev3,jpeg,3,0.059578309625309536,0.0,0.0,0.014233668530050899,0.009665385680859694,0.014233668530050899,0.0158176238920069,0.008424981786905565,0.003941473622129684,0.008424981786905565,0.01102167221153209,0.015091336697704471,0.0,12.098071304957072,-0.0027546787411362504,-0.0027546787411362504,-0.02525328350602647,-0.015925445408599127,0.056439711901407154,0.023036690415250544,0.005910160380407909,0.023036690415250544,0.06316320650523609,0.06666666666666667,120,0
resnet50,123,033_097,FaceSwap,1,resize_sev1,resize,1,0.9924148167173068,1.0,1.0,0.13044818140455794,0.15371409483963236,0.13044818140455794,0.10848139893624476,0.0904623355549076,0.071961294856866,0.0904623355549076,0.08721067210352013,0.12604636454252816,0.08333333333333333,11.702398951848348,0.3910053178668022,0.3910053178668022,0.87641346110031,0.660026105803748,0.9429317486930583,0.8078633569429189,0.7587790582517856,0.8078633569429189,0.8031190544801701,0.9333333333333333,120,0
resnet50,123,033_097,FaceSwap,1,resize_sev2,resize,2,0.9690309301018715,0.9916666666666667,0.9916666666666667,0.13288302365414617,0.15891992519078563,0.13288302365414617,0.11105583507605203,0.09258509931282373,0.07497776280250562,0.09258509931282373,0.08978806656675324,0.12955141352455155,0.1,11.645704245567321,0.3766246438026428,0.3766246438026428,0.8462591038706402,0.6175507868950566,0.934564989160282,0.7804221461641884,0.7203448601797429,0.7804221461641884,0.7842131872384296,0.9416666666666667,120,0
resnet50,123,033_097,FaceSwap,1,resize_sev3,resize,3,0.5366086387385924,0.575,0.575,0.12436042949956608,0.14903207490855555,0.12436042949956608,0.10881935601379884,0.08683024786073677,0.0706722097846154,0.08683024786073677,0.08841517743709754,0.11451372294496599,0.14166666666666666,12.368022553126018,0.027358266835411385,0.027358266835411385,0.3004375631300112,0.17269235973556835,0.5671989571600263,0.3798836844554447,0.3419092328679854,0.3798836844554447,0.3967033813015675,0.5916666666666667,120,0
resnet50,123,033_097,NeuralTextures,1,brightening_sev1,brightening,1,0.8433369433507323,0.9166666666666666,0.9166666666666666,0.21801213143659498,0.26317134623325017,0.21801213143659498,0.1836812952389228,0.13162443515073796,0.09511248904705467,0.13162443515073796,0.13744395445534016,0.2389168581092085,0.35,11.50849260489146,0.38609083512565123,0.38609083512565123,0.7280139204735557,0.7188158610680451,0.9711959859869315,0.8613794846739792,0.8474167145173602,0.8613794846739792,0.8552104773812591,0.9666666666666667,120,0
resnet50,123,033_097,NeuralTextures,1,brightening_sev2,brightening,2,0.5019854088895954,0.5166666666666667,0.5166666666666667,0.11006116389638307,0.14091440845728814,0.11006116389638307,0.09082105026281585,0.0625495223057449,0.04950466481476502,0.0625495223057449,0.06331225069907923,0.13227976206094783,0.18333333333333332,11.546525200208029,0.22016123651701489,0.22016123651701489,0.38120500535781804,0.42936775548538814,0.6678338441975618,0.5195075458137931,0.49064319320028293,0.5195075458137931,0.5277073078205959,0.5833333333333334,120,0
resnet50,123,033_097,NeuralTextures,1,brightening_sev3,brightening,3,0.23139896869251966,0.15,0.15,0.04031880421761965,0.04752983026800244,0.04031880421761965,0.03549866559737571,0.021594230812441138,0.016128893428891386,0.021594230812441138,0.02301198874302069,0.04915283294951383,0.041666666666666664,11.736603331565856,0.09692666827759237,0.09692666827759237,0.11411805091580997,0.18433188689232335,0.3610993231438711,0.2456682056699278,0.20101688124511669,0.2456682056699278,0.27672961544035907,0.21666666666666667,120,0
resnet50,123,033_097,NeuralTextures,1,clean,clean,0,0.8771055965994795,0.9333333333333333,0.9333333333333333,0.23372117043008775,0.27601404339365493,0.23372117043008775,0.198732699122195,0.1437210800337117,0.10083081861245488,0.1437210800337117,0.15172077436570333,0.24871899052981467,0.375,11.59429166316986,0.42343359350537263,0.42343359350537263,0.7902184742658088,0.6770781091103951,,,,,,,120,0
resnet50,123,033_097,NeuralTextures,1,darkening_sev1,darkening,1,0.7372640451493984,0.7833333333333333,0.7833333333333333,0.20892593936666903,0.24737101536220787,0.20892593936666903,0.1778444179973591,0.12729415927332569,0.08969837374513517,0.12729415927332569,0.1345014422791991,0.2272357314277646,0.31666666666666665,11.615617219607035,0.39956032767271005,0.39956032767271005,0.67332628419778,0.5086984585272148,0.8899527430300546,0.7616017404217268,0.7502083865412051,0.7616017404217268,0.766281231590109,0.85,120,0
resnet50,123,033_097,NeuralTextures,1,darkening_sev2,darkening,2,0.7104260733971993,0.7833333333333333,0.7833333333333333,0.21248426364581646,0.26056287059670974,0.21248426364581646,0.17764612900581214,0.12925806717929597,0.09491216727447645,0.12925806717929597,0.13353006724955946,0.23628264155927522,0.3416666666666667,11.653147681554158,0.3562416513916105,0.3562416513916105,0.6246387948825335,0.46099218241870404,0.8681556105823472,0.7119744617386448,0.6998535846928383,0.7119744617386448,0.7079087744158775,0.8333333333333334,120,0
resnet50,123,033_097,NeuralTextures,1,darkening_sev3,darkening,3,0.6620849500099818,0.7666666666666667,0.7666666666666667,0.20050659924310618,0.2460955643740633,0.20050659924310618,0.1727457632072854,0.12194702078473939,0.08981672995563512,0.12194702078473939,0.13067717641329787,0.21006819276157987,0.3,11.865595229466756,0.28995590209960936,0.28995590209960936,0.4410452950745821,0.35820443319777645,0.8348384972141054,0.6659339484242496,0.6370511262770079,0.6659339484242496,0.6720567970711046,0.8333333333333334,120,0
resnet50,123,033_097,NeuralTextures,1,jpeg_sev1,jpeg,1,0.7379814147173117,0.825,0.825,0.21087537459316294,0.25731823120409025,0.21087537459316294,0.17831848195122155,0.1270810240112091,0.09301965530126927,0.1270810240112091,0.13290857977491635,0.23339015542837124,0.35,11.59011279741923,0.38356413327467936,0.38356413327467936,0.6419261687745651,0.5830922716840481,0.895227438134377,0.7479709107101612,0.7327460538308853,0.7479709107101612,0.7533159151467544,0.8416666666666667,120,0
resnet50,123,033_097,NeuralTextures,1,jpeg_sev2,jpeg,2,0.26170639058303397,0.2,0.2,0.05668972278028382,0.061706453003482445,0.05668972278028382,0.05396129160370097,0.030685850814512274,0.02105141072856736,0.030685850814512274,0.03530152964271496,0.06761394953010269,0.075,11.908118065198263,0.1084604987700004,0.1084604987700004,0.14266393451058926,0.13425712356887137,0.3539709406416195,0.24860398026609107,0.2131258799496622,0.24860398026609107,0.2836876257071478,0.26666666666666666,120,0
resnet50,123,033_097,NeuralTextures,1,jpeg_sev3,jpeg,3,0.059578309625309536,0.0,0.0,0.013843573943022932,0.010594857207378235,0.013843573943022932,0.0157875658125128,0.006435199502185595,0.0031730932027171344,0.006435199502185595,0.009041374219628478,0.015714425907137775,0.0,12.098071304957072,-0.0027546787411362504,-0.0027546787411362504,-0.02525328350602647,-0.015925445408599127,0.056439711901407154,0.023036690415250544,0.005910160380407909,0.023036690415250544,0.06316320650523609,0.06666666666666667,120,0
resnet50,123,033_097,NeuralTextures,1,resize_sev1,resize,1,0.9924148167173068,1.0,1.0,0.27434905053071945,0.3258604955305272,0.27434905053071945,0.23022054726654112,0.1755529484405208,0.12286336360442564,0.1755529484405208,0.1820631416750319,0.2806591071813786,0.4083333333333333,11.702398951848348,0.3910053178668022,0.3910053178668022,0.87641346110031,0.660026105803748,0.9429317486930583,0.8078633569429189,0.7587790582517856,0.8078633569429189,0.8031190544801701,0.9333333333333333,120,0
resnet50,123,033_097,NeuralTextures,1,resize_sev2,resize,2,0.9690309301018715,0.9916666666666667,0.9916666666666667,0.2777487414521019,0.3311330570105022,0.2777487414521019,0.23123208364764875,0.17874198240137376,0.1255076685852546,0.17874198240137376,0.18339023850229794,0.2881371897797454,0.4083333333333333,11.645704245567321,0.3766246438026428,0.3766246438026428,0.8462591038706402,0.6175507868950566,0.934564989160282,0.7804221461641884,0.7203448601797429,0.7804221461641884,0.7842131872384296,0.9416666666666667,120,0
resnet50,123,033_097,NeuralTextures,1,resize_sev3,resize,3,0.5366086387385924,0.575,0.575,0.15514042388185295,0.1719927226871733,0.15514042388185295,0.14126979665088904,0.09026827359807973,0.060323403848729855,0.09026827359807973,0.10212185069819653,0.150646817009839,0.23333333333333334,12.368022553126018,0.027358266835411385,0.027358266835411385,0.3004375631300112,0.17269235973556835,0.5671989571600263,0.3798836844554447,0.3419092328679854,0.3798836844554447,0.3967033813015675,0.5916666666666667,120,0
resnet50,123,097,Original,0,brightening_sev1,brightening,1,0.41885198429275383,0.43333333333333335,0.5666666666666667,,,,,,,,,,,,,,,,,,,,,0.9583333333333334,120,0
resnet50,123,097,Original,0,brightening_sev2,brightening,2,0.35813252270309015,0.325,0.675,,,,,,,,,,,,,,,,,,,,,0.9,120,0
resnet50,123,097,Original,0,brightening_sev3,brightening,3,0.4245622307193116,0.4,0.6,,,,,,,,,,,,,,,,,,,,,0.875,120,0
resnet50,123,097,Original,0,clean,clean,0,0.4127106758431182,0.4083333333333333,0.5916666666666667,,,,,,,,,,,,,,,,,,,,,,120,0
resnet50,123,097,Original,0,darkening_sev1,darkening,1,0.45273000840873767,0.44166666666666665,0.5583333333333333,,,,,,,,,,,,,,,,,,,,,0.9333333333333333,120,0
resnet50,123,097,Original,0,darkening_sev2,darkening,2,0.6870525880639131,0.7333333333333333,0.26666666666666666,,,,,,,,,,,,,,,,,,,,,0.675,120,0
resnet50,123,097,Original,0,darkening_sev3,darkening,3,0.6600512189169725,0.675,0.325,,,,,,,,,,,,,,,,,,,,,0.65,120,0
resnet50,123,097,Original,0,jpeg_sev1,jpeg,1,0.2707319299321777,0.25,0.75,,,,,,,,,,,,,,,,,,,,,0.775,120,0
resnet50,123,097,Original,0,jpeg_sev2,jpeg,2,0.01649425351642999,0.0,1.0,,,,,,,,,,,,,,,,,,,,,0.5916666666666667,120,0
resnet50,123,097,Original,0,jpeg_sev3,jpeg,3,0.026362485157248202,0.0,1.0,,,,,,,,,,,,,,,,,,,,,0.5916666666666667,120,0
resnet50,123,097,Original,0,resize_sev1,resize,1,0.990839887658755,1.0,0.0,,,,,,,,,,,,,,,,,,,,,0.4083333333333333,120,0
resnet50,123,097,Original,0,resize_sev2,resize,2,0.9916332989931107,1.0,0.0,,,,,,,,,,,,,,,,,,,,,0.4083333333333333,120,0
resnet50,123,097,Original,0,resize_sev3,resize,3,0.7140299196044604,0.7916666666666666,0.20833333333333334,,,,,,,,,,,,,,,,,,,,,0.48333333333333334,120,0
resnet50,123,097_033,Deepfakes,1,brightening_sev1,brightening,1,0.994471700489521,1.0,1.0,0.22180518957032846,0.25500021162708475,0.22180518957032846,0.18953437418915184,0.16640569649572431,0.11168103621151827,0.16640569649572431,0.174325108524891,0.21337379997693545,0.30833333333333335,12.125719674428304,0.05748783399661377,0.05748783399661377,0.7108775927374761,0.6807099382082621,0.9971752033973211,0.9383641600496408,0.9195967810583924,0.9383641600496408,0.9438855276204572,1.0,120,0
resnet50,123,097_033,Deepfakes,1,brightening_sev2,brightening,2,0.9914068455497423,1.0,1.0,0.22279176904880885,0.252508735129042,0.22279176904880885,0.1890607319228543,0.16794440327916077,0.11033920145802119,0.16794440327916077,0.17424979985368358,0.21538702463817272,0.3,12.085704549153645,0.07074009105563159,0.07074009105563159,0.6635186755408843,0.7773015163373203,0.9929228821690832,0.8946453315478263,0.8796464044205455,0.8946453315478263,0.9087466939288739,1.0,120,0
resnet50,123,097_033,Deepfakes,1,brightening_sev3,brightening,3,0.993917707602183,1.0,1.0,0.2240789712911057,0.25413177124723035,0.2240789712911057,0.19066083241583093,0.16930374134373133,0.11129382525265955,0.16930374134373133,0.17643596046545482,0.21616899837442194,0.3,12.079245177904765,0.15414698297778762,0.15414698297778762,0.6871361961588264,0.8171643115424861,0.990022760975577,0.8786472853828059,0.8587550684257844,0.8786472853828059,0.8936410807349019,1.0,120,0
resnet50,123,097_033,Deepfakes,1,clean,clean,0,0.9947179481387138,1.0,1.0,0.21871319254064983,0.2543572745762121,0.21871319254064983,0.18690052137182464,0.16270545185467072,0.11125928214088746,0.16270545185467072,0.17042707000843021,0.210707565131613,0.30833333333333335,12.139023105303446,0.0699360052744547,0.0699360052744547,0.7474859554941455,0.5132103838026524,,,,,,,120,0
resnet50,123,097_033,Deepfakes,1,darkening_sev1,darkening,1,0.9929344038168589,1.0,1.0,0.22261707447908244,0.2602405027259576,0.22261707447908244,0.19023325636114663,0.16676289853394047,0.11473095640260626,0.16676289853394047,0.17479672106464686,0.2136498547279742,0.30833333333333335,12.160728494326273,0.13512426192561783,0.13512426192561783,0.7635528488084674,0.45638774558901785,0.995541420969575,0.9346041464397244,0.9029238122333472,0.9346041464397244,0.9430424100097813,1.0,120,0
resnet50,123,097_033,Deepfakes,1,darkening_sev2,darkening,2,0.9877731119592984,1.0,1.0,0.22195211869582973,0.2649791843255806,0.22195211869582973,0.18981527743392088,0.1659124279425557,0.11744928054726624,0.1659124279425557,0.174121283481173,0.21633321037915684,0.30833333333333335,12.15709309577942,0.32091573600967727,0.32091573600967727,0.712590662886699,0.45424457316597305,0.9896701629401344,0.9066607645054404,0.8475418372076272,0.9066607645054404,0.9175701411607968,1.0,120,0
resnet50,123,097_033,Deepfakes,1,darkening_sev3,darkening,3,0.9435668036341667,1.0,1.0,0.21218873600798682,0.25728950302794995,0.21218873600798682,0.185196315971469,0.1549104686455496,0.11276841322073164,0.1549104686455496,0.16758664505417897,0.2115136808294387,0.30833333333333335,12.136984197298686,0.4015544650455316,0.4015544650455316,0.5929694795360168,0.4697828849156698,0.9746606440968697,0.8483244694720276,0.7627646088588599,0.8483244694720276,0.8753259142386146,1.0,120,0
resnet50,123,097_033,Deepfakes,1,jpeg_sev1,jpeg,1,0.974849013487498,0.9833333333333333,0.9833333333333333,0.21377812326179008,0.2511618620990744,0.21377812326179008,0.18289996382875007,0.15749656830823666,0.10960188470578291,0.15749656830823666,0.16533759875553386,0.2105239002226829,0.3,12.058558877309164,0.06509423752625779,0.06509423752625779,0.7296544967219234,0.5337432050456603,0.9870705933114176,0.9013594815522291,0.85938071970699,0.9013594815522291,0.9120745501977859,0.9833333333333333,120,0
resnet50,123,097_033,Deepfakes,1,jpeg_sev2,jpeg,2,0.5013188698329032,0.475,0.475,0.12683027222348225,0.14147023511080956,0.12683027222348225,0.11087241409387233,0.08704939469445845,0.05812801407183534,0.08704939469445845,0.09398127984458769,0.12654516332369123,0.13333333333333333,12.124634067217508,0.04506173537908276,0.04506173537908276,0.37176632742824345,0.29826784641384924,0.5868492879272865,0.42624165362421623,0.3649465490110784,0.42624165362421623,0.4594883985983623,0.475,120,0
resnet50,123,097_033,Deepfakes,1,jpeg_sev3,jpeg,3,0.05848895760330677,0.0,0.0,0.007088036530679882,0.005688421902906986,0.007088036530679882,0.007510800278230452,0.0035758997255753203,0.0018932085203329225,0.0035758997255753203,0.004562990292656539,0.008062509065774949,0.0,12.364535776774089,-0.009851591580081715,-0.009851591580081715,0.006212721474003042,-0.00852138701593502,0.05448819510175631,0.011703019856074191,0.0019481534931789243,0.011703019856074191,0.03547939908386473,0.0,120,0
resnet50,123,097_033,Deepfakes,1,resize_sev1,resize,1,0.998397380610307,1.0,1.0,0.2204730804737643,0.26154384626109917,0.2204730804737643,0.19195316754546132,0.16422652613211458,0.1152798348216764,0.16422652613211458,0.17721633584632365,0.21218436010332298,0.30833333333333335,12.183287930488586,0.07383820265531535,0.07383820265531535,0.6429558829714854,0.431965455164512,0.9931779482975754,0.9175370730809672,0.8785169671788998,0.9175370730809672,0.9233868870263596,1.0,120,0
resnet50,123,097_033,Deepfakes,1,resize_sev2,resize,2,0.9962291071812311,1.0,1.0,0.21670615029906093,0.26085851376266217,0.21670615029906093,0.1880357612544183,0.15999606917264547,0.1148167931144833,0.15999606917264547,0.17161716381491662,0.21240118190043242,0.30833333333333335,12.142550325393676,0.09056675285100932,0.09056675285100932,0.607270902271072,0.42555940548578897,0.9896917083860296,0.8984678761473057,0.8421535112032068,0.8984678761473057,0.9133482304205834,1.0,120,0
resnet50,123,097_033,Deepfakes,1,resize_sev3,resize,3,0.7899793927868207,0.8833333333333333,0.8833333333333333,0.20955712615035743,0.254699468028138,0.20955712615035743,0.1731936491429616,0.1544573395631108,0.11261621433738116,0.1544573395631108,0.1545538850089975,0.2124489391679557,0.275,12.03403046131134,0.07850847765803336,0.07850847765803336,0.5609685190021991,0.3562373728801807,0.9018509080031915,0.7221488072221656,0.6702979636801701,0.7221488072221656,0.7065700735276934,0.8833333333333333,120,0
resnet50,123,097_033,Face2Face,1,brightening_sev1,brightening,1,0.9587944735373769,0.9753694581280788,0.9753694581280788,0.39218153663604804,0.47296927286192825,0.39218153663604804,0.3195935644825495,0.2710007654911329,0.19405331630486153,0.2710007654911329,0.2669454736335556,0.39263877168265005,0.4975369458128079,12.067864667018647,0.06855445125328345,0.06855445125328345,0.7068124225390662,0.7070930054287422,0.9906446159837561,0.914582672237127,0.8974929681538101,0.914582672237127,0.9180829225323222,0.9950738916256158,203,0
resnet50,123,097_033,Face2Face,1,brightening_sev2,brightening,2,0.940513975220948,0.9556650246305419,0.9556650246305419,0.3907228435939324,0.4684136066630089,0.3907228435939324,0.320587143739191,0.27072756882153903,0.19189468401627638,0.27072756882153903,0.26966405951035705,0.39656784491850655,0.49261083743842365,12.016219068630576,0.07129622274881289,0.07129622274881289,0.6480214483301922,0.7597355157724155,0.9774646902409568,0.867221152714988,0.8511192991229707,0.867221152714988,0.8717451375826455,0.9753694581280788,203,0
resnet50,123,097_033,Face2Face,1,brightening_sev3,brightening,3,0.9560910437274449,0.9753694581280788,0.9753694581280788,0.39791185683362146,0.4757874513572421,0.39791185683362146,0.32920987525216044,0.2769432783991235,0.19551703333320145,0.2769432783991235,0.27913436988775303,0.40251046243955796,0.4975369458128079,12.010792473854103,0.15588802842450844,0.15588802842450844,0.667257835304025,0.8058955585125265,0.9740143999949995,0.8500865770248022,0.8328330245278479,0.8500865770248022,0.8547880130516444,0.9950738916256158,203,0
resnet50,123,097_033,Face2Face,1,clean,clean,0,0.9549938819458332,0.9802955665024631,0.9802955665024631,0.39112364805128985,0.47449882650138736,0.39112364805128985,0.31811867375831177,0.2692504122352242,0.19451875011332942,0.2692504122352242,0.2645190724639821,0.3913824897979396,0.4975369458128079,12.077458090382844,0.0747609341819885,0.0747609341819885,0.7476200925007352,0.5605641325770561,,,,,,,203,0
resnet50,123,097_033,Face2Face,1,darkening_sev1,darkening,1,0.9528841129664717,0.9753694581280788,0.9753694581280788,0.40371773138538025,0.4866793867506738,0.40371773138538025,0.3260464355862616,0.28263200587680964,0.2017050709230988,0.28263200587680964,0.2746780900996001,0.3999547905085083,0.5073891625615764,12.08982210676071,0.2120362199989739,0.2120362199989739,0.7641157053337602,0.5010042746225601,0.983953140572043,0.9022750309151717,0.8688687077088182,0.9022750309151717,0.9098109788690428,0.9852216748768473,203,0
resnet50,123,097_033,Face2Face,1,darkening_sev2,darkening,2,0.9633343445109617,0.9901477832512315,0.9901477832512315,0.4174461111983588,0.5031113086608696,0.4174461111983588,0.3365788857527479,0.29454606497775987,0.2098530687957634,0.29454606497775987,0.28552413017723943,0.4115251011698345,0.5270935960591133,12.09198211801463,0.3873608325942984,0.3873608325942984,0.7366349877413417,0.4882452577315821,0.9745414302732768,0.8728647232568462,0.8159901427681652,0.8728647232568462,0.879522864031146,0.9802955665024631,203,0
resnet50,123,097_033,Face2Face,1,darkening_sev3,darkening,3,0.8587242252574179,0.9556650246305419,0.9556650246305419,0.37862747157298,0.4592513248524418,0.37862747157298,0.30932152937117763,0.25899653099695974,0.1875868146152578,0.25899653099695974,0.2557961123203037,0.3816998116843733,0.5369458128078818,12.104001580787997,0.3912988056983854,0.3912988056983854,0.5694468767184929,0.4432287124063581,0.9349270107347711,0.7978470096231944,0.7280721512157134,0.7978470096231944,0.808549057614181,0.9556650246305419,203,0
resnet50,123,097_033,Face2Face,1,jpeg_sev1,jpeg,1,0.8426457646812124,0.8571428571428571,0.8571428571428571,0.334315058848151,0.4160702261558095,0.334315058848151,0.26875669990205636,0.22515758300406438,0.1690847163209339,0.22515758300406438,0.217502599676258,0.348571833922435,0.458128078817734,12.01945253193672,0.0548536576137974,0.0548536576137974,0.6483798000899607,0.5050111257022687,0.912980182868751,0.7961023407334941,0.7593043086105212,0.7961023407334941,0.8046554891016875,0.8768472906403941,203,0
resnet50,123,097_033,Face2Face,1,jpeg_sev2,jpeg,2,0.3197213742455348,0.29064039408866993,0.29064039408866993,0.10036301937622036,0.12135766061542447,0.10036301937622036,0.08622567899162871,0.061291548915648315,0.046059695923056074,0.061291548915648315,0.06372207806686814,0.11014287985889906,0.12807881773399016,12.237538859174757,0.031252990399654755,0.031252990399654755,0.2299699104176559,0.18765553090551618,0.40062036225241365,0.2803200863252244,0.2300388369656197,0.2803200863252244,0.3146274147902151,0.3103448275862069,203,0
resnet50,123,097_033,Face2Face,1,jpeg_sev3,jpeg,3,0.048246371078080094,0.0,0.0,0.0191333910224531,0.018496971729007848,0.0191333910224531,0.021104385479142788,0.009358959009445366,0.005895919063563429,0.009358959009445366,0.012539680942406452,0.0241151126392555,0.014778325123152709,12.372805928949065,-0.01084870476908796,-0.01084870476908796,0.0014975061066668874,-0.008873869043320697,0.0488217392156144,0.012841840696777544,0.0018584969887842375,0.012841840696777544,0.036555217486263614,0.019704433497536946,203,0
resnet50,123,097_033,Face2Face,1,resize_sev1,resize,1,0.9983450785059059,1.0,1.0,0.40314882533377916,0.48158372448712705,0.40314882533377916,0.3312185869323777,0.27929512288825625,0.19778227154701136,0.27929512288825625,0.2782826351035098,0.3859813138607083,0.5123152709359606,12.183043930918124,0.0823464053017752,0.0823464053017752,0.6639771567556658,0.46655432167898847,0.9739958450052106,0.8747044182263396,0.8375779404742476,0.8747044182263396,0.8806859015579267,0.9802955665024631,203,0
resnet50,123,097_033,Face2Face,1,resize_sev2,resize,2,0.9924152879585774,0.9950738916256158,0.9950738916256158,0.3996887114307354,0.48191281381047374,0.3996887114307354,0.3262437905611763,0.2758770282859679,0.1980210391926371,0.2758770282859679,0.2722806520153506,0.3892513102759635,0.5221674876847291,12.13595487566417,0.10634211762785319,0.10634211762785319,0.6307379226452612,0.4522981123971234,0.9722457982863177,0.8613832646278855,0.8114985646065045,0.8613832646278855,0.8764236683707222,0.9753694581280788,203,0
resnet50,123,097_033,Face2Face,1,resize_sev3,resize,3,0.7470133546831572,0.8423645320197044,0.8423645320197044,0.3777465534108784,0.44788923381523,0.3777465534108784,0.31665053834322326,0.2606352798673006,0.18259988832556173,0.2606352798673006,0.26724731404586005,0.37977968145273006,0.4975369458128079,12.057764438572775,0.059713473020515995,0.059713473020515995,0.5214578521075507,0.3217029823311444,0.8601371773619655,0.6763984831823538,0.6320805514193569,0.6763984831823538,0.6564480854941497,0.8423645320197044,203,0
resnet50,123,097_033,FaceSwap,1,brightening_sev1,brightening,1,0.994471700489521,1.0,1.0,0.06250246670970232,0.08198701461359878,0.06250246670970232,0.05089752248398124,0.04417710670233225,0.04164991662452809,0.04417710670233225,0.040844104673526456,0.06178151325004207,0.025,12.125719674428304,0.05748783399661377,0.05748783399661377,0.7108775927374761,0.6807099382082621,0.9971752033973211,0.9383641600496408,0.9195967810583924,0.9383641600496408,0.9438855276204572,1.0,120,0
resnet50,123,097_033,FaceSwap,1,brightening_sev2,brightening,2,0.9914068455497423,1.0,1.0,0.06267355169696197,0.08042227199387932,0.06267355169696197,0.05098315383141004,0.044349153150048254,0.04080504489865508,0.044349153150048254,0.0409503804228091,0.06218898378438125,0.025,12.085704549153645,0.07074009105563159,0.07074009105563159,0.6635186755408843,0.7773015163373203,0.9929228821690832,0.8946453315478263,0.8796464044205455,0.8946453315478263,0.9087466939288739,1.0,120,0
resnet50,123,097_033,FaceSwap,1,brightening_sev3,brightening,3,0.993917707602183,1.0,1.0,0.06299139510947183,0.0802271100615167,0.06299139510947183,0.051362541785829566,0.04459011235798112,0.04067846843753263,0.04459011235798112,0.04130111681915968,0.06241417658650641,0.03333333333333333,12.079245177904765,0.15414698297778762,0.15414698297778762,0.6871361961588264,0.8171643115424861,0.990022760975577,0.8786472853828059,0.8587550684257844,0.8786472853828059,0.8936410807349019,1.0,120,0
resnet50,123,097_033,FaceSwap,1,clean,clean,0,0.9947179481387138,1.0,1.0,0.061692044314525366,0.08174852833111679,0.061692044314525366,0.050158127363537267,0.04353656392496701,0.04156019447993897,0.04353656392496701,0.04016094216533255,0.06094119474525013,0.03333333333333333,12.139023105303446,0.0699360052744547,0.0699360052744547,0.7474859554941455,0.5132103838026524,,,,,,,120,0
resnet50,123,097_033,FaceSwap,1,darkening_sev1,darkening,1,0.9929344038168589,1.0,1.0,0.06320729038863833,0.08354752070102961,0.06320729038863833,0.051479579101627954,0.044732367724885785,0.042541630176616635,0.044732367724885785,0.04133372571846776,0.062164951912934384,0.058333333333333334,12.160728494326273,0.13512426192561783,0.13512426192561783,0.7635528488084674,0.45638774558901785,0.995541420969575,0.9346041464397244,0.9029238122333472,0.9346041464397244,0.9430424100097813,1.0,120,0
resnet50,123,097_033,FaceSwap,1,darkening_sev2,darkening,2,0.9877731119592984,1.0,1.0,0.0627285419893528,0.08133638711481438,0.0627285419893528,0.051598928350221604,0.044329699029754914,0.0412380606727158,0.044329699029754914,0.04145285275175235,0.06196926232160679,0.09166666666666666,12.15709309577942,0.32091573600967727,0.32091573600967727,0.712590662886699,0.45424457316597305,0.9896701629401344,0.9066607645054404,0.8475418372076272,0.9066607645054404,0.9175701411607968,1.0,120,0
resnet50,123,097_033,FaceSwap,1,darkening_sev3,darkening,3,0.9435668036341667,1.0,1.0,0.06022527490294934,0.07372101309389224,0.06022527490294934,0.0500932063592246,0.04229975428406123,0.03685852813103982,0.04229975428406123,0.04006597107638764,0.05896439353081766,0.058333333333333334,12.136984197298686,0.4015544650455316,0.4015544650455316,0.5929694795360168,0.4697828849156698,0.9746606440968697,0.8483244694720276,0.7627646088588599,0.8483244694720276,0.8753259142386146,1.0,120,0
resnet50,123,097_033,FaceSwap,1,jpeg_sev1,jpeg,1,0.974849013487498,0.9833333333333333,0.9833333333333333,0.06003818800350893,0.07881684669295616,0.06003818800350893,0.04896854276206265,0.04222703534654756,0.039949127779648694,0.04222703534654756,0.03909299670420281,0.05997331560624329,0.03333333333333333,12.058558877309164,0.06509423752625779,0.06509423752625779,0.7296544967219234,0.5337432050456603,0.9870705933114176,0.9013594815522291,0.85938071970699,0.9013594815522291,0.9120745501977859,0.9833333333333333,120,0
resnet50,123,097_033,FaceSwap,1,jpeg_sev2,jpeg,2,0.5013188698329032,0.475,0.475,0.039347804332668934,0.03870423008117096,0.039347804332668934,0.03697222865396844,0.027051186894501034,0.018982612129886032,0.027051186894501034,0.02907736860908604,0.0387821366473386,0.025,12.124634067217508,0.04506173537908276,0.04506173537908276,0.37176632742824345,0.29826784641384924,0.5868492879272865,0.42624165362421623,0.3649465490110784,0.42624165362421623,0.4594883985983623,0.475,120,0
resnet50,123,097_033,FaceSwap,1,jpeg_sev3,jpeg,3,0.05848895760330677,0.0,0.0,0.02700539060014456,0.029709487248916526,0.02700539060014456,0.025424723055786077,0.018382754883414325,0.01461127722755153,0.018382754883414325,0.01974993590534012,0.027149882818976255,0.05,12.364535776774089,-0.009851591580081715,-0.009851591580081715,0.006212721474003042,-0.00852138701593502,0.05448819510175631,0.011703019856074191,0.0019481534931789243,0.011703019856074191,0.03547939908386473,0.0,120,0
resnet50,123,097_033,FaceSwap,1,resize_sev1,resize,1,0.998397380610307,1.0,1.0,0.06298212981928195,0.0822070458404109,0.06298212981928195,0.0517691943888368,0.04449011697614517,0.04171684175598527,0.04449011697614517,0.041582617621814734,0.061853809803249324,0.06666666666666667,12.183287930488586,0.07383820265531535,0.07383820265531535,0.6429558829714854,0.431965455164512,0.9931779482975754,0.9175370730809672,0.8785169671788998,0.9175370730809672,0.9233868870263596,1.0,120,0
resnet50,123,097_033,FaceSwap,1,resize_sev2,resize,2,0.9962291071812311,1.0,1.0,0.061455328363433565,0.07811139546854269,0.061455328363433565,0.050914383495169614,0.04325512947828104,0.039324109628237625,0.04325512947828104,0.04080905394328594,0.06068744703509564,0.058333333333333334,12.142550325393676,0.09056675285100932,0.09056675285100932,0.607270902271072,0.42555940548578897,0.9896917083860296,0.8984678761473057,0.8421535112032068,0.8984678761473057,0.9133482304205834,1.0,120,0
resnet50,123,097_033,FaceSwap,1,resize_sev3,resize,3,0.7899793927868207,0.8833333333333333,0.8833333333333333,0.06564581617224344,0.08197903495063413,0.06564581617224344,0.05616982280987285,0.046677944361249744,0.041616830662933,0.046677944361249744,0.045755167233061285,0.06822527028939539,0.058333333333333334,12.03403046131134,0.07850847765803336,0.07850847765803336,0.5609685190021991,0.3562373728801807,0.9018509080031915,0.7221488072221656,0.6702979636801701,0.7221488072221656,0.7065700735276934,0.8833333333333333,120,0
resnet50,123,097_033,NeuralTextures,1,brightening_sev1,brightening,1,0.994471700489521,1.0,1.0,0.21244620740241552,0.2542198645086642,0.21244620740241552,0.1735211056567733,0.1459662049809181,0.10293072393337263,0.1459662049809181,0.14456608872710894,0.2047979255342434,0.2833333333333333,12.125719674428304,0.05748783399661377,0.05748783399661377,0.7108775927374761,0.6807099382082621,0.9971752033973211,0.9383641600496408,0.9195967810583924,0.9383641600496408,0.9438855276204572,1.0,120,0
resnet50,123,097_033,NeuralTextures,1,brightening_sev2,brightening,2,0.9914068455497423,1.0,1.0,0.21336715622307165,0.254912502396291,0.21336715622307165,0.17298971811601796,0.1471598546394047,0.10338550257678424,0.1471598546394047,0.14426452741089316,0.20815448942335235,0.275,12.085704549153645,0.07074009105563159,0.07074009105563159,0.6635186755408843,0.7773015163373203,0.9929228821690832,0.8946453315478263,0.8796464044205455,0.8946453315478263,0.9087466939288739,1.0,120,0
resnet50,123,097_033,NeuralTextures,1,brightening_sev3,brightening,3,0.993917707602183,1.0,1.0,0.21484601142907409,0.25561394665382536,0.21484601142907409,0.17421492272519332,0.14856711100257192,0.10371299712754817,0.14856711100257192,0.1456746881145353,0.20835945381816437,0.2833333333333333,12.079245177904765,0.15414698297778762,0.15414698297778762,0.6871361961588264,0.8171643115424861,0.990022760975577,0.8786472853828059,0.8587550684257844,0.8786472853828059,0.8936410807349019,1.0,120,0
resnet50,123,097_033,NeuralTextures,1,clean,clean,0,0.9947179481387138,1.0,1.0,0.20952633707462942,0.2518155849642222,0.20952633707462942,0.17160902761495195,0.14295252775798792,0.10160263504179806,0.14295252775798792,0.14217763760951682,0.20180083407512228,0.2833333333333333,12.139023105303446,0.0699360052744547,0.0699360052744547,0.7474859554941455,0.5132103838026524,,,,,,,120,0
resnet50,123,097_033,NeuralTextures,1,darkening_sev1,darkening,1,0.9929344038168589,1.0,1.0,0.2139318673568866,0.25441252422581345,0.2139318673568866,0.17459098007180104,0.14728832907688136,0.10294232314047054,0.14728832907688136,0.14564090885468503,0.2035521630411911,0.2833333333333333,12.160728494326273,0.13512426192561783,0.13512426192561783,0.7635528488084674,0.45638774558901785,0.995541420969575,0.9346041464397244,0.9029238122333472,0.9346041464397244,0.9430424100097813,1.0,120,0
resnet50,123,097_033,NeuralTextures,1,darkening_sev2,darkening,2,0.9877731119592984,1.0,1.0,0.21269326949045403,0.25778297222038465,0.21269326949045403,0.17371527774954257,0.14583376335205958,0.10471157527963135,0.14583376335205958,0.14454205177557988,0.20542492673556173,0.2916666666666667,12.15709309577942,0.32091573600967727,0.32091573600967727,0.712590662886699,0.45424457316597305,0.9896701629401344,0.9066607645054404,0.8475418372076272,0.9066607645054404,0.9175701411607968,1.0,120,0
resnet50,123,097_033,NeuralTextures,1,darkening_sev3,darkening,3,0.9435668036341667,1.0,1.0,0.20289377181357138,0.2431128481292302,0.20289377181357138,0.169175896060132,0.13610580581316647,0.09691964488793864,0.13610580581316647,0.1389291852674069,0.19934264127954793,0.3,12.136984197298686,0.4015544650455316,0.4015544650455316,0.5929694795360168,0.4697828849156698,0.9746606440968697,0.8483244694720276,0.7627646088588599,0.8483244694720276,0.8753259142386146,1.0,120,0
resnet50,123,097_033,NeuralTextures,1,jpeg_sev1,jpeg,1,0.974849013487498,0.9833333333333333,0.9833333333333333,0.20697925619439633,0.25138366708497756,0.20697925619439633,0.16872217426554276,0.14058767595548397,0.10148733608283117,0.14058767595548397,0.13869648719750574,0.20355343844553095,0.2916666666666667,12.058558877309164,0.06509423752625779,0.06509423752625779,0.7296544967219234,0.5337432050456603,0.9870705933114176,0.9013594815522291,0.85938071970699,0.9013594815522291,0.9120745501977859,0.9833333333333333,120,0
resnet50,123,097_033,NeuralTextures,1,jpeg_sev2,jpeg,2,0.5013188698329032,0.475,0.475,0.13078933053768255,0.16345447090284132,0.13078933053768255,0.1095518925709813,0.08274214744184684,0.06347721120397831,0.08274214744184684,0.08466740673667747,0.13955777180816875,0.19166666666666668,12.124634067217508,0.04506173537908276,0.04506173537908276,0.37176632742824345,0.29826784641384924,0.5868492879272865,0.42624165362421623,0.3649465490110784,0.42624165362421623,0.4594883985983623,0.475,120,0
resnet50,123,097_033,NeuralTextures,1,jpeg_sev3,jpeg,3,0.05848895760330677,0.0,0.0,0.017414800359956684,0.01675822663249125,0.017414800359956684,0.017590674726076373,0.008507923839818502,0.005280979516723501,0.008507923839818502,0.010481981173979157,0.018852414708478312,0.008333333333333333,12.364535776774089,-0.009851591580081715,-0.009851591580081715,0.006212721474003042,-0.00852138701593502,0.05448819510175631,0.011703019856074191,0.0019481534931789243,0.011703019856074191,0.03547939908386473,0.0,120,0
resnet50,123,097_033,NeuralTextures,1,resize_sev1,resize,1,0.998397380610307,1.0,1.0,0.21060763278219496,0.2514476715816652,0.21060763278219496,0.1752523324204271,0.14369984262473473,0.10132040204359201,0.14369984262473473,0.14631381067490132,0.200893941030997,0.2916666666666667,12.183287930488586,0.07383820265531535,0.07383820265531535,0.6429558829714854,0.431965455164512,0.9931779482975754,0.9175370730809672,0.8785169671788998,0.9175370730809672,0.9233868870263596,1.0,120,0
resnet50,123,097_033,NeuralTextures,1,resize_sev2,resize,2,0.9962291071812311,1.0,1.0,0.207119537466995,0.2495087330748069,0.207119537466995,0.17233275070898382,0.140279281144265,0.10032784128502456,0.140279281144265,0.14275700602715508,0.20105807700650594,0.3,12.142550325393676,0.09056675285100932,0.09056675285100932,0.607270902271072,0.42555940548578897,0.9896917083860296,0.8984678761473057,0.8421535112032068,0.8984678761473057,0.9133482304205834,1.0,120,0
resnet50,123,097_033,NeuralTextures,1,resize_sev3,resize,3,0.7899793927868207,0.8833333333333333,0.8833333333333333,0.20151977900029694,0.2378447630320554,0.20151977900029694,0.17124819565166052,0.13573826546189777,0.0944540498018202,0.13573826546189777,0.14286810320177099,0.20378368482042356,0.26666666666666666,12.03403046131134,0.07850847765803336,0.07850847765803336,0.5609685190021991,0.3562373728801807,0.9018509080031915,0.7221488072221656,0.6702979636801701,0.7221488072221656,0.7065700735276934,0.8833333333333333,120,0
resnet50,123,360,Original,0,brightening_sev1,brightening,1,0.11130637875785111,0.08247422680412371,0.9175257731958762,,,,,,,,,,,,,,,,,,,,,0.9278350515463918,97,0
resnet50,123,360,Original,0,brightening_sev2,brightening,2,0.02590119301253858,0.0,1.0,,,,,,,,,,,,,,,,,,,,,0.9896907216494846,97,0
resnet50,123,360,Original,0,brightening_sev3,brightening,3,0.009781198968244281,0.0,1.0,,,,,,,,,,,,,,,,,,,,,0.9896907216494846,97,0
resnet50,123,360,Original,0,clean,clean,0,0.07578170289808744,0.010309278350515464,0.9896907216494846,,,,,,,,,,,,,,,,,,,,,,97,0
resnet50,123,360,Original,0,darkening_sev1,darkening,1,0.022611056350665987,0.0,1.0,,,,,,,,,,,,,,,,,,,,,0.9896907216494846,97,0
resnet50,123,360,Original,0,darkening_sev2,darkening,2,0.022014932963785847,0.0,1.0,,,,,,,,,,,,,,,,,,,,,0.9896907216494846,97,0
resnet50,123,360,Original,0,darkening_sev3,darkening,3,0.10643611483506317,0.0,1.0,,,,,,,,,,,,,,,,,,,,,0.9896907216494846,97,0
resnet50,123,360,Original,0,jpeg_sev1,jpeg,1,0.03899429068998453,0.0,1.0,,,,,,,,,,,,,,,,,,,,,0.9896907216494846,97,0
resnet50,123,360,Original,0,jpeg_sev2,jpeg,2,0.004588845680250506,0.0,1.0,,,,,,,,,,,,,,,,,,,,,0.9896907216494846,97,0
resnet50,123,360,Original,0,jpeg_sev3,jpeg,3,0.0019427499541539463,0.0,1.0,,,,,,,,,,,,,,,,,,,,,0.9896907216494846,97,0
resnet50,123,360,Original,0,resize_sev1,resize,1,0.20494556275301984,0.14432989690721648,0.8556701030927835,,,,,,,,,,,,,,,,,,,,,0.865979381443299,97,0
resnet50,123,360,Original,0,resize_sev2,resize,2,0.33914510488087674,0.28865979381443296,0.711340206185567,,,,,,,,,,,,,,,,,,,,,0.7216494845360825,97,0
resnet50,123,360,Original,0,resize_sev3,resize,3,0.36092234511869314,0.27835051546391754,0.7216494845360825,,,,,,,,,,,,,,,,,,,,,0.7319587628865979,97,0
resnet50,123,360_437,Deepfakes,1,brightening_sev1,brightening,1,0.981774060074816,0.9896907216494846,0.9896907216494846,0.3590885159889845,0.410696801644907,0.3590885159889845,0.3188710574255366,0.19998594337045666,0.12693732210033892,0.19998594337045666,0.23398645837259385,0.3490618661193418,0.4536082474226804,16.10106629440465,-0.011775451529886261,-0.011775451529886261,0.3874502016097,0.3572658553873141,0.9882374353624306,0.8883899061619258,0.8350344629078547,0.8883899061619258,0.9091526475658775,0.9896907216494846,97,0
resnet50,123,360_437,Deepfakes,1,brightening_sev2,brightening,2,0.8301381401179992,0.8865979381443299,0.8865979381443299,0.3361766723963638,0.374029908876403,0.3361766723963638,0.30339934022779036,0.18429259389488853,0.11348700932001132,0.18429259389488853,0.22092630023498525,0.3187927097404031,0.38144329896907214,16.181497121594617,-0.12808619762204354,-0.12808619762204354,0.22122022924349477,0.2405469692936263,0.9255392083812386,0.7551283056066223,0.6682286036490781,0.7551283056066223,0.7830091560964269,0.8865979381443299,97,0
resnet50,123,360_437,Deepfakes,1,brightening_sev3,brightening,3,0.24867247623996325,0.13402061855670103,0.13402061855670103,0.13308364564742853,0.1458813592680874,0.13308364564742853,0.12184547727952925,0.061962852207391936,0.04031160272871082,0.061962852207391936,0.07229566072089741,0.12786340406445867,0.1134020618556701,16.16134368267256,-0.06999060199547981,-0.06999060199547981,-0.041172149936793384,0.12216927988824344,0.37000814961003187,0.21072183422107799,0.12378552960956549,0.21072183422107799,0.27404624900615526,0.13402061855670103,97,0
resnet50,123,360_437,Deepfakes,1,clean,clean,0,0.983879839022135,1.0,1.0,0.372917166533904,0.4309525041439942,0.372917166533904,0.32955915413674874,0.21147780808571245,0.13513740076504632,0.21147780808571245,0.24599673852199724,0.35595548733923554,0.4639175257731959,16.188398489018077,-0.009924647119856325,-0.009924647119856325,0.3395243496009984,0.3314042688952279,,,,,,,97,0
resnet50,123,360_437,Deepfakes,1,darkening_sev1,darkening,1,0.9348282764867409,0.9896907216494846,0.9896907216494846,0.3556616371301035,0.40715136829784687,0.3556616371301035,0.3179243985279289,0.19815159079162764,0.12612051514857198,0.19815159079162764,0.2337027411121169,0.34329022795344927,0.4329896907216495,16.105624602013027,-0.056505406332999115,-0.056505406332999115,0.2616531686070039,0.1952114455478707,0.9713942604019158,0.8477285926451523,0.7826256947341216,0.8477285926451523,0.8640315430187937,0.9896907216494846,97,0
resnet50,123,360_437,Deepfakes,1,darkening_sev2,darkening,2,0.2440226930385628,0.13402061855670103,0.13402061855670103,0.13651909995157682,0.13665415761351582,0.13651909995157682,0.13035204409370785,0.06362026333307835,0.0374617929386559,0.06362026333307835,0.07900610545887307,0.12524614772809406,0.10309278350515463,16.191303095866726,-0.07667251183296139,-0.07667251183296139,-0.09615599860907674,-0.16538221621885896,0.3709204824557256,0.21647101561909532,0.11821438050119396,0.21647101561909532,0.2871772102703851,0.13402061855670103,97,0
resnet50,123,360_437,Deepfakes,1,darkening_sev3,darkening,3,0.2604716841477094,0.010309278350515464,0.010309278350515464,0.11907807533388133,0.1063763430661022,0.11907807533388133,0.11460366853278214,0.05222107234971422,0.027469011685780153,0.05222107234971422,0.06514945043978654,0.10076532125165093,0.041237113402061855,16.29475390050829,-0.11753169957970834,-0.11753169957970834,-0.0913646528017275,-0.04490518627553869,0.25203010518613705,0.1414193595544481,0.047813514190017344,0.1414193595544481,0.2056026221357596,0.010309278350515464,97,0
resnet50,123,360_437,Deepfakes,1,jpeg_sev1,jpeg,1,0.9415723592350164,0.979381443298969,0.979381443298969,0.35856802402531096,0.4140091789402946,0.35856802402531096,0.32001794063886296,0.20016333171966597,0.1285654025865068,0.20016333171966597,0.23580364209444069,0.34515526362317644,0.4639175257731959,16.16334084382991,-0.050459144348950685,-0.050459144348950685,0.340763090197573,0.3293042348832199,0.9857989618847149,0.8843389229113133,0.8333131095308658,0.8843389229113133,0.8943530669866286,0.979381443298969,97,0
resnet50,123,360_437,Deepfakes,1,jpeg_sev2,jpeg,2,0.3152388238837731,0.23711340206185566,0.23711340206185566,0.1812005605066518,0.19715449466329873,0.1812005605066518,0.16765129179538527,0.08843484301034307,0.05570673367678237,0.08843484301034307,0.10589746650204526,0.17709359897527566,0.1134020618556701,16.080986327731733,-0.4322122045667823,-0.4322122045667823,-0.045247654132929034,-0.004512587591007195,0.617186150271942,0.41161383210305935,0.30782844350898253,0.41161383210305935,0.44342724078726586,0.23711340206185566,97,0
resnet50,123,360_437,Deepfakes,1,jpeg_sev3,jpeg,3,0.004774654717076543,0.0,0.0,0.04913629581511442,0.020782736145834795,0.04913629581511442,0.05394963327875362,0.01986819212393277,0.0049985986925580265,0.01986819212393277,0.027931323574145947,0.033536572060786536,0.0,15.717677902929562,-0.0017836281406265772,-0.0017836281406265772,6.69853726537643e-05,-0.0036159713075078334,0.02728371151455776,0.001239887164982001,0.0,0.001239887164982001,0.007617591193942621,0.0,97,0
resnet50,123,360_437,Deepfakes,1,resize_sev1,resize,1,0.9883281441078973,1.0,1.0,0.3788155100419035,0.4381348707896636,0.3788155100419035,0.33251567989294484,0.21632128533082345,0.1380497432132937,0.21632128533082345,0.249286951533155,0.3590039253964059,0.4639175257731959,16.20137445705453,-0.006219597206902209,-0.006219597206902209,0.3335230501042199,0.2861746992032552,0.9964691439445651,0.9368101259695272,0.9102710155470057,0.9368101259695272,0.9454544897615403,1.0,97,0
resnet50,123,360_437,Deepfakes,1,resize_sev2,resize,2,0.9907122180633938,1.0,1.0,0.3810719759114312,0.440875183962595,0.3810719759114312,0.33382254272775325,0.21817690696261846,0.13919484837455406,0.21817690696261846,0.2506726274727848,0.3605853564285402,0.4639175257731959,16.198284660418008,-0.004897330839609312,-0.004897330839609312,0.3202991958745976,0.2702739352417975,0.9939370593243009,0.9171266144739137,0.8850020882940433,0.9171266144739137,0.9297101858263663,1.0,97,0
resnet50,123,360_437,Deepfakes,1,resize_sev3,resize,3,0.9817540977419037,1.0,1.0,0.37134927284748537,0.4368826288643924,0.37134927284748537,0.3279194105272206,0.20964871180555084,0.13712367879394088,0.20964871180555084,0.24365362461505646,0.36212105516988446,0.4742268041237113,16.12816449784741,-0.01664488831746205,-0.01664488831746205,0.36320001409225855,0.2886965778685107,0.9813262914757457,0.8709690568303478,0.8202554181397184,0.8709690568303478,0.8729657650354963,1.0,97,0
resnet50,123,360_437,Face2Face,1,brightening_sev1,brightening,1,0.9804994297907657,0.9932885906040269,0.9932885906040269,0.40645019015525025,0.4823225340966746,0.40645019015525025,0.35218751634677486,0.24000895548445117,0.16684892985619565,0.24000895548445117,0.26312113801649,0.4011328414254856,0.5369127516778524,16.0986032165937,-0.014905426126198437,-0.014905426126198437,0.41122453624770144,0.375025833313097,0.9876624284332692,0.889329970627173,0.8351397709391306,0.889329970627173,0.9075458540332527,0.9932885906040269,149,0
resnet50,123,360_437,Face2Face,1,brightening_sev2,brightening,2,0.748325423693797,0.7986577181208053,0.7986577181208053,0.35227963561477676,0.4107448580713365,0.35227963561477676,0.31392271826512086,0.20343910613285485,0.13925287399189074,0.20343910613285485,0.23035782949337033,0.34764007271845837,0.42953020134228187,16.169600550760357,-0.18188570393561912,-0.18188570393561912,0.16624284456890298,0.21286625583849894,0.8769980294263512,0.6907785148359266,0.6061440484365525,0.6907785148359266,0.7238136477978699,0.7986577181208053,149,0
resnet50,123,360_437,Face2Face,1,brightening_sev3,brightening,3,0.21959372144348716,0.11409395973154363,0.11409395973154363,0.1312857044504596,0.13915541957188096,0.1312857044504596,0.12441251224935035,0.06672060998506313,0.044312278850069525,0.06672060998506313,0.07843582728058382,0.1314856151139487,0.1476510067114094,16.176254138050464,-0.06899505683874098,-0.06899505683874098,-0.047717185236276084,0.1007897021911488,0.3356384360598209,0.18968417455370576,0.11468790159513567,0.18968417455370576,0.24506959048570864,0.11409395973154363,149,0
resnet50,123,360_437,Face2Face,1,clean,clean,0,0.973050714739217,1.0,1.0,0.41925738328587775,0.4965609648370924,0.41925738328587775,0.3638558809211968,0.2506941564721076,0.1733436705132535,0.2506941564721076,0.27560061609244185,0.4057867442631141,0.5704697986577181,16.19073101658149,-0.02253074493984243,-0.02253074493984243,0.3369975604066912,0.33832837741246957,,,,,,,149,0
resnet50,123,360_437,Face2Face,1,darkening_sev1,darkening,1,0.8353795185185119,0.8926174496644296,0.8926174496644296,0.38362590134774477,0.44904289865147934,0.38362590134774477,0.33660820552550763,0.22413802563303006,0.15422010017375015,0.22413802563303006,0.2497493103667141,0.3766530983619454,0.5436241610738255,16.128728213726273,-0.12940624006242554,-0.12940624006242554,0.19171171780400625,0.12350459766867974,0.9199878019628068,0.7748275796987578,0.7042840029611752,0.7748275796987578,0.7939568182266824,0.8926174496644296,149,0
resnet50,123,360_437,Face2Face,1,darkening_sev2,darkening,2,0.18894485332034275,0.087248322147651,0.087248322147651,0.13622746685013465,0.13538153789425,0.13622746685013465,0.1327442396233668,0.06795682320756949,0.04155531834803824,0.06795682320756949,0.08380058496572415,0.12656505512829067,0.18120805369127516,16.311905656084917,-0.08740909848574721,-0.08740909848574721,-0.09879232267380358,-0.17025694503267638,0.2790991901666271,0.15036463230001076,0.07877318382893328,0.15036463230001076,0.20870829060056198,0.087248322147651,149,0
resnet50,123,360_437,Face2Face,1,darkening_sev3,darkening,3,0.26117464389977035,0.013422818791946308,0.013422818791946308,0.13515624353324113,0.1337208246945371,0.13515624353324113,0.13220583099292432,0.06614155942777583,0.04053713781202024,0.06614155942777583,0.08147134459180842,0.12273265064791065,0.1342281879194631,16.309191562985415,-0.11650378382045948,-0.11650378382045948,-0.08562197921260088,-0.03470358572550267,0.2754207904126658,0.14921837858090134,0.06754456361436958,0.14921837858090134,0.2060089015906705,0.013422818791946308,149,0
resnet50,123,360_437,Face2Face,1,jpeg_sev1,jpeg,1,0.9104794301842684,0.9530201342281879,0.9530201342281879,0.4089818734503071,0.4850002414730793,0.4089818734503071,0.35592985318774356,0.2425909295201635,0.1683423567588668,0.2425909295201635,0.267801871332009,0.3969480808007175,0.5436241610738255,16.177757000763144,-0.08053579046422199,-0.08053579046422199,0.3226835409666868,0.32106599581721645,0.9759684180431863,0.8660108491531626,0.8122829013431236,0.8660108491531626,0.8807475833506329,0.9530201342281879,149,0
resnet50,123,360_437,Face2Face,1,jpeg_sev2,jpeg,2,0.2927265651274047,0.2080536912751678,0.2080536912751678,0.20540349117065967,0.23610358393759504,0.20540349117065967,0.186860958380884,0.10764452746801541,0.07533942751074964,0.10764452746801541,0.12261388492684279,0.20691886599019335,0.2348993288590604,16.138762947696968,-0.3859963231663776,-0.3859963231663776,-0.025719272238421156,-0.00042850314952032754,0.5482995093691295,0.35209927253765727,0.2684064940468509,0.35209927253765727,0.3850789195054945,0.2080536912751678,149,0
resnet50,123,360_437,Face2Face,1,jpeg_sev3,jpeg,3,0.004173465102896102,0.0,0.0,0.07646049324403759,0.03137491531573833,0.07646049324403759,0.08461920314917983,0.034526950234859015,0.008722283637905021,0.034526950234859015,0.04830619275245641,0.05191237527155536,0.006711409395973154,15.714387061611918,-0.0020281752777924814,-0.0020281752777924814,0.0001285914160274585,-0.0038509947450357743,0.029241686010127235,0.0008071748657936517,0.0,0.0008071748657936517,0.006631551799701305,0.0,149,0
resnet50,123,360_437,Face2Face,1,resize_sev1,resize,1,0.9850437517134135,1.0,1.0,0.4237027024885649,0.4987741065888095,0.4237027024885649,0.3673754773772845,0.25431279208770924,0.17430905902023028,0.25431279208770924,0.27930839311556005,0.4064055104196632,0.5704697986577181,16.206746517411815,-0.011170444472524096,-0.011170444472524096,0.3316245787095703,0.29926573390128625,0.995803240008575,0.9321784434196506,0.9037847758739517,0.9321784434196506,0.9428373535724476,1.0,149,0
resnet50,123,360_437,Face2Face,1,resize_sev2,resize,2,0.989754580411335,1.0,1.0,0.429648459067978,0.5057836862338004,0.429648459067978,0.3673654466118501,0.25907177938911097,0.17733390094772772,0.25907177938911097,0.2791284400358942,0.40898820299221084,0.5570469798657718,16.209777908837236,-0.007257970787534728,-0.007257970787534728,0.31765756151020125,0.2748543146072618,0.9929664403412762,0.90993481487949,0.8751801701792897,0.90993481487949,0.9249768168727535,1.0,149,0
resnet50,123,360_437,Face2Face,1,resize_sev3,resize,3,0.9562213426868388,0.9932885906040269,0.9932885906040269,0.42321765288134755,0.5049047285665786,0.42321765288134755,0.3596956695695602,0.2545359793917935,0.17708934161341272,0.2545359793917935,0.27185568893747636,0.40868847011734133,0.5503355704697986,16.17758087183805,-0.0392052297224134,-0.0392052297224134,0.3434949165222628,0.27695319736563917,0.9715450853298327,0.8496156102230269,0.7929369983139157,0.8496156102230269,0.859030620006356,0.9932885906040269,149,0
resnet50,123,360_437,FaceSwap,1,brightening_sev1,brightening,1,0.981774060074816,0.9896907216494846,0.9896907216494846,0.25285619739359944,0.28389540092371335,0.25285619739359944,0.21581659972035397,0.14469180467696502,0.09595713610653486,0.14469180467696502,0.15421163773240393,0.23720754290102702,0.05154639175257732,16.10106629440465,-0.011775451529886261,-0.011775451529886261,0.3874502016097,0.3572658553873141,0.9882374353624306,0.8883899061619258,0.8350344629078547,0.8883899061619258,0.9091526475658775,0.9896907216494846,97,0
resnet50,123,360_437,FaceSwap,1,brightening_sev2,brightening,2,0.8301381401179992,0.8865979381443299,0.8865979381443299,0.24104965576440582,0.26250295391025186,0.24104965576440582,0.21222466184592348,0.13753060205744402,0.08773552902717217,0.13753060205744402,0.1523485307365485,0.22333535653062403,0.15463917525773196,16.181497121594617,-0.12808619762204354,-0.12808619762204354,0.22122022924349477,0.2405469692936263,0.9255392083812386,0.7551283056066223,0.6682286036490781,0.7551283056066223,0.7830091560964269,0.8865979381443299,97,0
resnet50,123,360_437,FaceSwap,1,brightening_sev3,brightening,3,0.24867247623996325,0.13402061855670103,0.13402061855670103,0.09008558071959126,0.09540938223390963,0.09008558071959126,0.08787349955707675,0.04541308399994812,0.02998709866077973,0.04541308399994812,0.05505716498887401,0.09229958432089076,0.09278350515463918,16.16134368267256,-0.06999060199547981,-0.06999060199547981,-0.041172149936793384,0.12216927988824344,0.37000814961003187,0.21072183422107799,0.12378552960956549,0.21072183422107799,0.27404624900615526,0.13402061855670103,97,0
resnet50,123,360_437,FaceSwap,1,clean,clean,0,0.983879839022135,1.0,1.0,0.2641982429660595,0.2994936455010401,0.2641982429660595,0.22340843886325323,0.15338666457794892,0.10234840444376131,0.15338666457794892,0.16154955133786367,0.24316330538984224,0.020618556701030927,16.188398489018077,-0.009924647119856325,-0.009924647119856325,0.3395243496009984,0.3314042688952279,,,,,,,97,0
resnet50,123,360_437,FaceSwap,1,darkening_sev1,darkening,1,0.9348282764867409,0.9896907216494846,0.9896907216494846,0.24856720366171012,0.2797963391729819,0.24856720366171012,0.2163792383542456,0.14222238549673785,0.0946570124630001,0.14222238549673785,0.15524121989669742,0.23433678586880916,0.09278350515463918,16.105624602013027,-0.056505406332999115,-0.056505406332999115,0.2616531686070039,0.1952114455478707,0.9713942604019158,0.8477285926451523,0.7826256947341216,0.8477285926451523,0.8640315430187937,0.9896907216494846,97,0
resnet50,123,360_437,FaceSwap,1,darkening_sev2,darkening,2,0.2440226930385628,0.13402061855670103,0.13402061855670103,0.10570302518673223,0.09532882482622283,0.10570302518673223,0.11237164052319797,0.053138274536402845,0.029419647643287247,0.053138274536402845,0.07189698126283048,0.10012471124192586,0.09278350515463918,16.191303095866726,-0.07667251183296139,-0.07667251183296139,-0.09615599860907674,-0.16538221621885896,0.3709204824557256,0.21647101561909532,0.11821438050119396,0.21647101561909532,0.2871772102703851,0.13402061855670103,97,0
resnet50,123,360_437,FaceSwap,1,darkening_sev3,darkening,3,0.2604716841477094,0.010309278350515464,0.010309278350515464,0.08515274232811955,0.07370215660475513,0.08515274232811955,0.08759472975307342,0.040969128499706395,0.02185752522346211,0.040969128499706395,0.05335040534001689,0.07661765658981755,0.030927835051546393,16.29475390050829,-0.11753169957970834,-0.11753169957970834,-0.0913646528017275,-0.04490518627553869,0.25203010518613705,0.1414193595544481,0.047813514190017344,0.1414193595544481,0.2056026221357596,0.010309278350515464,97,0
resnet50,123,360_437,FaceSwap,1,jpeg_sev1,jpeg,1,0.9415723592350164,0.979381443298969,0.979381443298969,0.2552528062923345,0.2901841761810043,0.2552528062923345,0.21996880682468206,0.14674244816666068,0.09859059080489006,0.14674244816666068,0.1583516198132294,0.23792713746568903,0.05154639175257732,16.16334084382991,-0.050459144348950685,-0.050459144348950685,0.340763090197573,0.3293042348832199,0.9857989618847149,0.8843389229113133,0.8333131095308658,0.8843389229113133,0.8943530669866286,0.979381443298969,97,0
resnet50,123,360_437,FaceSwap,1,jpeg_sev2,jpeg,2,0.3152388238837731,0.23711340206185566,0.23711340206185566,0.13031197504187797,0.14315896679098578,0.13031197504187797,0.12235363508604892,0.06733708653462712,0.044912136506559806,0.06733708653462712,0.07919522517491323,0.132783537130776,0.1134020618556701,16.080986327731733,-0.4322122045667823,-0.4322122045667823,-0.045247654132929034,-0.004512587591007195,0.617186150271942,0.41161383210305935,0.30782844350898253,0.41161383210305935,0.44342724078726586,0.23711340206185566,97,0
resnet50,123,360_437,FaceSwap,1,jpeg_sev3,jpeg,3,0.004774654717076543,0.0,0.0,0.07659750030707636,0.043748692023451434,0.07659750030707636,0.07859783028586048,0.03610117232046977,0.012583540600872122,0.03610117232046977,0.046630418555712067,0.053126343427453766,0.020618556701030927,15.717677902929562,-0.0017836281406265772,-0.0017836281406265772,6.69853726537643e-05,-0.0036159713075078334,0.02728371151455776,0.001239887164982001,0.0,0.001239887164982001,0.007617591193942621,0.0,97,0
resnet50,123,360_437,FaceSwap,1,resize_sev1,resize,1,0.9883281441078973,1.0,1.0,0.26758070160471203,0.30422741435056094,0.26758070160471203,0.2250526902833753,0.1559485515956879,0.10428969697194189,0.1559485515956879,0.16309175603944875,0.2451351195891422,0.041237113402061855,16.20137445705453,-0.006219597206902209,-0.006219597206902209,0.3335230501042199,0.2861746992032552,0.9964691439445651,0.9368101259695272,0.9102710155470057,0.9368101259695272,0.9454544897615403,1.0,97,0
resnet50,123,360_437,FaceSwap,1,resize_sev2,resize,2,0.9907122180633938,1.0,1.0,0.27019937050144305,0.3060658901585293,0.27019937050144305,0.22541901569801856,0.1578054733615642,0.10509482097049666,0.1578054733615642,0.16336211656481292,0.2465384239530781,0.05154639175257732,16.198284660418008,-0.004897330839609312,-0.004897330839609312,0.3202991958745976,0.2702739352417975,0.9939370593243009,0.9171266144739137,0.8850020882940433,0.9171266144739137,0.9297101858263663,1.0,97,0
resnet50,123,360_437,FaceSwap,1,resize_sev3,resize,3,0.9817540977419037,1.0,1.0,0.2697829166320592,0.30955127941800753,0.2697829166320592,0.22541312228121824,0.15727352815986453,0.10638894841104388,0.15727352815986453,0.16314331780279703,0.2501640089679764,0.041237113402061855,16.12816449784741,-0.01664488831746205,-0.01664488831746205,0.36320001409225855,0.2886965778685107,0.9813262914757457,0.8709690568303478,0.8202554181397184,0.8709690568303478,0.8729657650354963,1.0,97,0
resnet50,123,360_437,NeuralTextures,1,brightening_sev1,brightening,1,0.981774060074816,0.9896907216494846,0.9896907216494846,0.3036221290977812,0.3694430342979882,0.3036221290977812,0.2552355406224523,0.17897791967411977,0.12772089156868788,0.17897791967411977,0.18872231575735748,0.29874160237638564,0.35051546391752575,16.10106629440465,-0.011775451529886261,-0.011775451529886261,0.3874502016097,0.3572658553873141,0.9882374353624306,0.8883899061619258,0.8350344629078547,0.8883899061619258,0.9091526475658775,0.9896907216494846,97,0
resnet50,123,360_437,NeuralTextures,1,brightening_sev2,brightening,2,0.8301381401179992,0.8865979381443299,0.8865979381443299,0.2881298091499186,0.34093465723330907,0.2881298091499186,0.2503730080686985,0.16880880006587481,0.11624050447662579,0.16880880006587481,0.18640730624432772,0.27968564207258856,0.35051546391752575,16.181497121594617,-0.12808619762204354,-0.12808619762204354,0.22122022924349477,0.2405469692936263,0.9255392083812386,0.7551283056066223,0.6682286036490781,0.7551283056066223,0.7830091560964269,0.8865979381443299,97,0
resnet50,123,360_437,NeuralTextures,1,brightening_sev3,brightening,3,0.24867247623996325,0.13402061855670103,0.13402061855670103,0.10868112506767623,0.12027277137031264,0.10868112506767623,0.10060278122034193,0.05508720359257183,0.037970786024778665,0.05508720359257183,0.06345497086577999,0.10876609722740323,0.14432989690721648,16.16134368267256,-0.06999060199547981,-0.06999060199547981,-0.041172149936793384,0.12216927988824344,0.37000814961003187,0.21072183422107799,0.12378552960956549,0.21072183422107799,0.27404624900615526,0.13402061855670103,97,0
resnet50,123,360_437,NeuralTextures,1,clean,clean,0,0.983879839022135,1.0,1.0,0.31482294633093383,0.38170581460164427,0.31482294633093383,0.26410474723240396,0.18838747441171466,0.13338047264659095,0.18838747441171466,0.19809379146047534,0.3022692766145015,0.3711340206185567,16.188398489018077,-0.009924647119856325,-0.009924647119856325,0.3395243496009984,0.3314042688952279,,,,,,,97,0
resnet50,123,360_437,NeuralTextures,1,darkening_sev1,darkening,1,0.9348282764867409,0.9896907216494846,0.9896907216494846,0.29808592538838097,0.3554063069907812,0.29808592538838097,0.25720614953239046,0.1754571798144146,0.12259545451250999,0.1754571798144146,0.19155300413798598,0.2923865959187961,0.36082474226804123,16.105624602013027,-0.056505406332999115,-0.056505406332999115,0.2616531686070039,0.1952114455478707,0.9713942604019158,0.8477285926451523,0.7826256947341216,0.8477285926451523,0.8640315430187937,0.9896907216494846,97,0
resnet50,123,360_437,NeuralTextures,1,darkening_sev2,darkening,2,0.2440226930385628,0.13402061855670103,0.13402061855670103,0.130274954141269,0.12328871094994415,0.130274954141269,0.12939165685910156,0.06616046292092113,0.03776745981745403,0.06616046292092113,0.08424983837756032,0.1195267880426967,0.12371134020618557,16.191303095866726,-0.07667251183296139,-0.07667251183296139,-0.09615599860907674,-0.16538221621885896,0.3709204824557256,0.21647101561909532,0.11821438050119396,0.21647101561909532,0.2871772102703851,0.13402061855670103,97,0
resnet50,123,360_437,NeuralTextures,1,darkening_sev3,darkening,3,0.2604716841477094,0.010309278350515464,0.010309278350515464,0.10223594059799684,0.09065428591948099,0.10223594059799684,0.10144007104022096,0.048912684906923055,0.02625151431881985,0.048912684906923055,0.061890316246476756,0.08669795987452542,0.05154639175257732,16.29475390050829,-0.11753169957970834,-0.11753169957970834,-0.0913646528017275,-0.04490518627553869,0.25203010518613705,0.1414193595544481,0.047813514190017344,0.1414193595544481,0.2056026221357596,0.010309278350515464,97,0
resnet50,123,360_437,NeuralTextures,1,jpeg_sev1,jpeg,1,0.9415723592350164,0.979381443298969,0.979381443298969,0.30576299885264135,0.37333761241070434,0.30576299885264135,0.25947089491947517,0.1810804034866861,0.1296539769614758,0.1810804034866861,0.19352576789804352,0.297334418046197,0.38144329896907214,16.16334084382991,-0.050459144348950685,-0.050459144348950685,0.340763090197573,0.3293042348832199,0.9857989618847149,0.8843389229113133,0.8333131095308658,0.8843389229113133,0.8943530669866286,0.979381443298969,97,0
resnet50,123,360_437,NeuralTextures,1,jpeg_sev2,jpeg,2,0.3152388238837731,0.23711340206185566,0.23711340206185566,0.1625908297981491,0.19866025375821028,0.1625908297981491,0.14374133110317328,0.08557649912052694,0.063479362531981,0.08557649912052694,0.09455928488161479,0.16892832194373336,0.1958762886597938,16.080986327731733,-0.4322122045667823,-0.4322122045667823,-0.045247654132929034,-0.004512587591007195,0.617186150271942,0.41161383210305935,0.30782844350898253,0.41161383210305935,0.44342724078726586,0.23711340206185566,97,0
resnet50,123,360_437,NeuralTextures,1,jpeg_sev3,jpeg,3,0.004774654717076543,0.0,0.0,0.05619399648849852,0.02086694984424435,0.05619399648849852,0.061262693012746255,0.02510470684339033,0.005704513811478363,0.02510470684339033,0.03459698145692311,0.03639450855399962,0.0,15.717677902929562,-0.0017836281406265772,-0.0017836281406265772,6.69853726537643e-05,-0.0036159713075078334,0.02728371151455776,0.001239887164982001,0.0,0.001239887164982001,0.007617591193942621,0.0,97,0
resnet50,123,360_437,NeuralTextures,1,resize_sev1,resize,1,0.9883281441078973,1.0,1.0,0.31859506578414587,0.38383225837381446,0.31859506578414587,0.26578778202048287,0.19148775704763918,0.1342962327604747,0.19148775704763918,0.19985834674103833,0.30288903471399553,0.3711340206185567,16.20137445705453,-0.006219597206902209,-0.006219597206902209,0.3335230501042199,0.2861746992032552,0.9964691439445651,0.9368101259695272,0.9102710155470057,0.9368101259695272,0.9454544897615403,1.0,97,0
resnet50,123,360_437,NeuralTextures,1,resize_sev2,resize,2,0.9907122180633938,1.0,1.0,0.3215080883121853,0.3862818831728801,0.3215080883121853,0.26592697636164014,0.19381869043478203,0.13538297885415917,0.19381869043478203,0.1999172630934742,0.3042682847720588,0.36082474226804123,16.198284660418008,-0.004897330839609312,-0.004897330839609312,0.3202991958745976,0.2702739352417975,0.9939370593243009,0.9171266144739137,0.8850020882940433,0.9171266144739137,0.9297101858263663,1.0,97,0
resnet50,123,360_437,NeuralTextures,1,resize_sev3,resize,3,0.9817540977419037,1.0,1.0,0.32176020054537147,0.3915228233800806,0.32176020054537147,0.2663753606802253,0.19389286934688504,0.1374917074642796,0.19389286934688504,0.2002068646603468,0.3128344809831839,0.35051546391752575,16.12816449784741,-0.01664488831746205,-0.01664488831746205,0.36320001409225855,0.2886965778685107,0.9813262914757457,0.8709690568303478,0.8202554181397184,0.8709690568303478,0.8729657650354963,1.0,97,0
resnet50,123,435,Original,0,brightening_sev1,brightening,1,0.01781477062003496,0.0,1.0,,,,,,,,,,,,,,,,,,,,,1.0,119,0
resnet50,123,435,Original,0,brightening_sev2,brightening,2,0.05103902737027961,0.01680672268907563,0.9831932773109243,,,,,,,,,,,,,,,,,,,,,0.9831932773109243,119,0
resnet50,123,435,Original,0,brightening_sev3,brightening,3,0.046858896592586886,0.03361344537815126,0.9663865546218487,,,,,,,,,,,,,,,,,,,,,0.9663865546218487,119,0
resnet50,123,435,Original,0,clean,clean,0,0.009238427703610195,0.0,1.0,,,,,,,,,,,,,,,,,,,,,,119,0
resnet50,123,435,Original,0,darkening_sev1,darkening,1,0.008586287428771617,0.0,1.0,,,,,,,,,,,,,,,,,,,,,1.0,119,0
resnet50,123,435,Original,0,darkening_sev2,darkening,2,0.03883776968802877,0.0,1.0,,,,,,,,,,,,,,,,,,,,,1.0,119,0
resnet50,123,435,Original,0,darkening_sev3,darkening,3,0.07760394711297847,0.0,1.0,,,,,,,,,,,,,,,,,,,,,1.0,119,0
resnet50,123,435,Original,0,jpeg_sev1,jpeg,1,0.005452425887100365,0.0,1.0,,,,,,,,,,,,,,,,,,,,,1.0,119,0
resnet50,123,435,Original,0,jpeg_sev2,jpeg,2,0.0016836073416374702,0.0,1.0,,,,,,,,,,,,,,,,,,,,,1.0,119,0
resnet50,123,435,Original,0,jpeg_sev3,jpeg,3,0.020517564721076756,0.0,1.0,,,,,,,,,,,,,,,,,,,,,1.0,119,0
resnet50,123,435,Original,0,resize_sev1,resize,1,0.11464017361917082,0.06722689075630252,0.9327731092436975,,,,,,,,,,,,,,,,,,,,,0.9327731092436975,119,0
resnet50,123,435,Original,0,resize_sev2,resize,2,0.375247108008509,0.37815126050420167,0.6218487394957983,,,,,,,,,,,,,,,,,,,,,0.6218487394957983,119,0
resnet50,123,435,Original,0,resize_sev3,resize,3,0.453933130667991,0.42857142857142855,0.5714285714285714,,,,,,,,,,,,,,,,,,,,,0.5714285714285714,119,0
resnet50,123,435_456,Deepfakes,1,brightening_sev1,brightening,1,0.7891748975805876,0.8067226890756303,0.8067226890756303,0.18792978313627287,0.2279880169314738,0.18792978313627287,0.15610846935742279,0.12309246831101911,0.08841904453945575,0.12309246831101911,0.12648499859851214,0.2039378976248496,0.2689075630252101,12.919798514422249,0.14416160939276967,0.14416160939276967,0.6039803751486064,0.6020918919972903,0.9014997769080484,0.7308018185719249,0.6899689606973453,0.7308018185719249,0.7560275118626961,0.773109243697479,119,0
resnet50,123,435_456,Deepfakes,1,brightening_sev2,brightening,2,0.9094639473727771,0.9495798319327731,0.9495798319327731,0.21013034099353287,0.24641535163459186,0.21013034099353287,0.178188027875986,0.14383699670730393,0.09780935397557265,0.14383699670730393,0.15179871059360295,0.21533933870915892,0.29411764705882354,13.038806738973665,0.03831466310853217,0.03831466310853217,0.6255871302158642,0.6684854867312462,0.8272241770679252,0.6218308190372768,0.5585842018738113,0.6218308190372768,0.6508748848926522,0.6302521008403361,119,0
resnet50,123,435_456,Deepfakes,1,brightening_sev3,brightening,3,0.8474009850633746,0.8991596638655462,0.8991596638655462,0.1957336653718342,0.2319414853029132,0.1957336653718342,0.16318062500654815,0.13113359815461526,0.09092400238407147,0.13113359815461526,0.13464467566439375,0.2045604000603338,0.2605042016806723,12.989251681736537,0.028051946316102236,0.028051946316102236,0.5472719916886016,0.6536442632659754,0.8478928592932242,0.6450478621966781,0.5878159016624644,0.6450478621966781,0.6675076150111527,0.680672268907563,119,0
resnet50,123,435_456,Deepfakes,1,clean,clean,0,0.5823583309753884,0.5798319327731093,0.5798319327731093,0.1498693242797351,0.18602880696911359,0.1498693242797351,0.12560188732487426,0.09280280969515314,0.06960572597005972,0.09280280969515314,0.09605122403896019,0.1685931852162446,0.24369747899159663,12.844915838802562,0.2009725685988576,0.2009725685988576,0.45833059882318616,0.4519661128914234,,,,,,,119,0
resnet50,123,435_456,Deepfakes,1,darkening_sev1,darkening,1,0.38601280861150694,0.35294117647058826,0.35294117647058826,0.10285437449661863,0.1316837213031705,0.10285437449661863,0.0871124165985188,0.0622663087657831,0.048604967372377295,0.0622663087657831,0.06532361274832692,0.11867406918310575,0.14285714285714285,13.010378164403578,0.18975926388227263,0.18975926388227263,0.27572654320138407,0.24342005221298388,0.7537671870970163,0.5871652441154707,0.5349076950160466,0.5871652441154707,0.6130519423220732,0.773109243697479,119,0
resnet50,123,435_456,Deepfakes,1,darkening_sev2,darkening,2,0.4077004539240308,0.3445378151260504,0.3445378151260504,0.09690732270325834,0.11551964895019928,0.09690732270325834,0.08194175331301923,0.05868881289867889,0.04226977695323515,0.05868881289867889,0.061403823500410674,0.10189607225106201,0.10084033613445378,13.158558324605478,0.125194805384684,0.125194805384684,0.22590155727347402,0.17188939900614883,0.6293487038941217,0.45778848024968544,0.4144252436534772,0.45778848024968544,0.4713736089097098,0.7142857142857143,119,0
resnet50,123,435_456,Deepfakes,1,darkening_sev3,darkening,3,0.18675481446650846,0.0,0.0,0.012772636066707524,0.010421708716081222,0.012772636066707524,0.014425181622473108,0.006141771132668626,0.003246459190848883,0.006141771132668626,0.008482443463102144,0.015341565916634292,0.008403361344537815,13.69861535465016,-0.022149656625354973,-0.022149656625354973,-0.03849300668582695,0.007925948832465826,0.075755555616171,0.034161133315002465,0.007690734843965836,0.034161133315002465,0.08216726233390716,0.42016806722689076,119,0
resnet50,123,435_456,Deepfakes,1,jpeg_sev1,jpeg,1,0.21410717385500166,0.14285714285714285,0.14285714285714285,0.07453478079503653,0.0962808850993608,0.07453478079503653,0.061699190883392874,0.041551810932057225,0.03389163174490375,0.041551810932057225,0.04181036191637886,0.08626852265107975,0.08403361344537816,12.985566828431201,0.05205789761336033,0.05205789761336033,0.1454213479036825,0.1527342024276878,0.6287355025617851,0.47076913953765004,0.3980064477494289,0.47076913953765004,0.5161147366764645,0.5630252100840336,119,0
resnet50,123,435_456,Deepfakes,1,jpeg_sev2,jpeg,2,0.008170173889634489,0.0,0.0,0.004176765629213392,0.003715358804156626,0.004176765629213392,0.004242231222551762,0.0019920996452256604,0.0011426931422052883,0.0019920996452256604,0.002461098023553332,0.004796655286914209,0.008403361344537815,13.35526529680781,0.0015114589488894664,0.0015114589488894664,0.002155206841465544,-0.004514551509348776,0.11445784184576685,0.07807238859432339,0.021036319053317324,0.07807238859432339,0.14003006880911856,0.42016806722689076,119,0
resnet50,123,435_456,Deepfakes,1,jpeg_sev3,jpeg,3,0.030852114250531235,0.0,0.0,0.000755211522526242,0.00012389172601399832,0.000755211522526242,0.0012911835615579833,0.00034446831623617143,3.690880477252689e-05,0.00034446831623617143,0.0007248479843742065,0.001538689835580503,0.0,13.319648261831588,0.0011013592612937521,0.0011013592612937521,0.011219832353453337,-0.01755503068302418,0.07338203886369082,0.04288976843553113,0.011559108641377727,0.04288976843553113,0.08901207648196462,0.42016806722689076,119,0
resnet50,123,435_456,Deepfakes,1,resize_sev1,resize,1,0.8864209396498544,0.9495798319327731,0.9495798319327731,0.2063222379274354,0.24431425087617004,0.2063222379274354,0.17823472313584368,0.13955660459627098,0.0962987153956107,0.13955660459627098,0.15139459543492312,0.21992318736954397,0.3025210084033613,12.915612052468692,0.1301104106134226,0.1301104106134226,0.6464953869581223,0.5977878502624876,0.8236213805122896,0.6380966913195448,0.5726699408794879,0.6380966913195448,0.6721437959648301,0.6134453781512605,119,0
resnet50,123,435_456,Deepfakes,1,resize_sev2,resize,2,0.9435354695350182,0.9663865546218487,0.9663865546218487,0.22170078412175404,0.25879051168233863,0.22170078412175404,0.19344819570407235,0.15421512922669778,0.10376111209498254,0.15421512922669778,0.17002833109815194,0.226977392772017,0.3025210084033613,13.029891695295062,0.09220215172639912,0.09220215172639912,0.6785152783977384,0.5918554785904013,0.7833604748111218,0.5891840470923111,0.5162296762426675,0.5891840470923111,0.6253191715454578,0.6134453781512605,119,0
resnet50,123,435_456,Deepfakes,1,resize_sev3,resize,3,0.8833354009049279,0.957983193277311,0.957983193277311,0.2261771018206396,0.2651126574266179,0.2261771018206396,0.19721093784236704,0.15958441103132906,0.10748715828357226,0.15958441103132906,0.1765504137557552,0.23419337868281556,0.29411764705882354,12.955340064874216,0.18311211241393527,0.18311211241393527,0.6341719861854526,0.5044387859456679,0.7494810875207132,0.5485656303863404,0.47766468074744434,0.5485656303863404,0.5838481034875548,0.6050420168067226,119,0
resnet50,123,435_456,Face2Face,1,brightening_sev1,brightening,1,0.7100628171495995,0.7105263157894737,0.7105263157894737,0.21742474808557094,0.2635184790756561,0.21742474808557094,0.1802628608684657,0.1314822310539369,0.09631847193420184,0.1314822310539369,0.1333280219047853,0.2362739072729309,0.34868421052631576,12.889646887779236,0.15854149109585894,0.15854149109585894,0.5510800731346152,0.5511565823567492,0.8882450418016351,0.7220679520588353,0.6802981120805571,0.7220679520588353,0.7412475667471605,0.7894736842105263,152,0
resnet50,123,435_456,Face2Face,1,brightening_sev2,brightening,2,0.8308916138607616,0.868421052631579,0.868421052631579,0.2451387200182127,0.30189876043956493,0.2451387200182127,0.20267986212610176,0.1524583544632521,0.11321442897179229,0.1524583544632521,0.15413946902329653,0.2615046465203799,0.40131578947368424,12.992190348474603,0.06815304604395733,0.06815304604395733,0.5888920636080959,0.6284099873113231,0.8137403742156376,0.6176078015363122,0.5523886634356266,0.6176078015363122,0.6414006429912419,0.631578947368421,152,0
resnet50,123,435_456,Face2Face,1,brightening_sev3,brightening,3,0.7713087116625454,0.7960526315789473,0.7960526315789473,0.22741015675572035,0.28741956937368995,0.22741015675572035,0.186751034726137,0.1390194700225805,0.10681490596078032,0.1390194700225805,0.13913981915229467,0.25052690581312637,0.375,12.953188607567235,0.05914304148647813,0.05914304148647813,0.516327722587831,0.6108686111784711,0.8316541968688048,0.6345722330580678,0.5705432095443072,0.6345722330580678,0.6549098165966625,0.7039473684210527,152,0
resnet50,123,435_456,Face2Face,1,clean,clean,0,0.5156734854620146,0.5,0.5,0.17181692563493592,0.20766696432508078,0.17181692563493592,0.14437669709327552,0.1002238234035034,0.07373061482437893,0.1002238234035034,0.1037139195730729,0.19213837643002893,0.2565789473684211,12.837193683574075,0.19107122057175727,0.19107122057175727,0.40893669414493306,0.4023257735465641,,,,,,,152,0
resnet50,123,435_456,Face2Face,1,darkening_sev1,darkening,1,0.3414491491628149,0.3026315789473684,0.3026315789473684,0.1235181457208695,0.14989995830421746,0.1235181457208695,0.10729415626779443,0.07090672353889364,0.05279069682807657,0.07090672353889364,0.07557570700943694,0.14211284382256442,0.17105263157894737,13.014573373292622,0.17275423195831915,0.17275423195831915,0.2414435548462758,0.21436108649696076,0.7285206810083135,0.5631191110690184,0.5088809775177899,0.5631191110690184,0.5928736613637562,0.8026315789473685,152,0
resnet50,123,435_456,Face2Face,1,darkening_sev2,darkening,2,0.35772871505469084,0.28289473684210525,0.28289473684210525,0.10806878389707344,0.12765114348916304,0.10806878389707344,0.09322835954525586,0.06225428007296574,0.045007343935320174,0.06225428007296574,0.06609623080076958,0.116567697790542,0.14473684210526316,13.205947593638772,0.11106886360855577,0.11106886360855577,0.19539402820182178,0.14339451137685066,0.5769158040252791,0.4147646029766536,0.37127952470460224,0.4147646029766536,0.4371414555256357,0.743421052631579,152,0
resnet50,123,435_456,Face2Face,1,darkening_sev3,darkening,3,0.17114602379794963,0.0,0.0,0.029637408623639196,0.02460345639901439,0.029637408623639196,0.032552619582363856,0.014383588146985746,0.007619319620601775,0.014383588146985746,0.019395016932679237,0.03338202097861127,0.013157894736842105,13.684199188884936,-0.021449734358803204,-0.021449734358803204,-0.03899909718893466,0.008165806801499507,0.08228936829284295,0.03860956061136176,0.009700659000849356,0.03860956061136176,0.09200124669042758,0.5,152,0
resnet50,123,435_456,Face2Face,1,jpeg_sev1,jpeg,1,0.1944612098082679,0.13157894736842105,0.13157894736842105,0.08403768286108307,0.10337002872915287,0.08403768286108307,0.07331419305480982,0.04510460284215645,0.03472105970377673,0.04510460284215645,0.04817908164566824,0.10096573288125332,0.125,12.998214414245204,0.058204826788201686,0.058204826788201686,0.13560398625199202,0.13611621076032812,0.6178454404313474,0.46164468655318397,0.389528346439705,0.46164468655318397,0.5073220558741836,0.631578947368421,152,0
resnet50,123,435_456,Face2Face,1,jpeg_sev2,jpeg,2,0.0074489412714491615,0.0,0.0,0.010522177675430153,0.006485895775567377,0.010522177675430153,0.014727414349557261,0.0049150432643607226,0.00194731592859564,0.0049150432643607226,0.008437270631073827,0.014243632881363476,0.006578947368421052,13.360172008213244,0.0012619815018919311,0.0012619815018919311,0.0016346240595578709,-0.004503480970350572,0.12354137249360886,0.08160323698372955,0.02446862481071482,0.08160323698372955,0.1483392266747794,0.5,152,0
resnet50,123,435_456,Face2Face,1,jpeg_sev3,jpeg,3,0.03317686539268925,0.0,0.0,0.011125423819906936,0.00943949271425896,0.011125423819906936,0.014341624968683873,0.005194531730430912,0.0028823198221395196,0.005194531730430912,0.008200638037907314,0.014159871358592278,0.0,13.306602898396944,9.014053686939834e-07,9.014053686939834e-07,0.010880692130070327,-0.018579356104294783,0.0804798164201358,0.04790761169114005,0.013065094109867824,0.04790761169114005,0.10347826945902655,0.5,152,0
resnet50,123,435_456,Face2Face,1,resize_sev1,resize,1,0.8462869070078197,0.9144736842105263,0.9144736842105263,0.25810450185666434,0.3209573514335784,0.25810450185666434,0.21421961973780781,0.16195622191503992,0.12104040132466085,0.16195622191503992,0.16519982355587542,0.2858571644012122,0.4144736842105263,12.905131340026855,0.1648477424414044,0.1648477424414044,0.6238806151515363,0.5818529776052425,0.7889374478183546,0.6111044894877028,0.5402050353220501,0.6111044894877028,0.6465250695544225,0.5723684210526315,152,0
resnet50,123,435_456,Face2Face,1,resize_sev2,resize,2,0.9247611400328184,0.9473684210526315,0.9473684210526315,0.2880069391003685,0.36049426642128807,0.2880069391003685,0.23678489152589494,0.1868180890741523,0.13998031544169462,0.1868180890741523,0.18794406651894707,0.30820160507467387,0.4407894736842105,13.003947615623474,0.11929537899375547,0.11929537899375547,0.6800163131035668,0.5919937428062487,0.7372956340211314,0.5564788452854357,0.47880189104643517,0.5564788452854357,0.5930503565882986,0.5526315789473685,152,0
resnet50,123,435_456,Face2Face,1,resize_sev3,resize,3,0.8551243164233471,0.9342105263157895,0.9342105263157895,0.2955228187324393,0.3659791982504379,0.2955228187324393,0.2409981444395132,0.19496961099192606,0.1432723010444953,0.19496961099192606,0.19390860989220968,0.32021578507995185,0.4342105263157895,12.948818200512937,0.1778283180472882,0.1778283180472882,0.6101675439674995,0.48482755836295455,0.7070905693063124,0.5184341943102926,0.44357489794352456,0.5184341943102926,0.5566413855863779,0.5526315789473685,152,0
resnet50,123,435_456,FaceSwap,1,brightening_sev1,brightening,1,0.7891748975805876,0.8067226890756303,0.8067226890756303,0.004073297026991767,0.004080023664027687,0.004073297026991767,0.0033500700501087185,0.003443946785889374,0.0029773235433588033,0.003443946785889374,0.002993025472463185,0.0038142434917277108,0.0,12.919798514422249,0.14416160939276967,0.14416160939276967,0.6039803751486064,0.6020918919972903,0.9014997769080484,0.7308018185719249,0.6899689606973453,0.7308018185719249,0.7560275118626961,0.773109243697479,119,0
resnet50,123,435_456,FaceSwap,1,brightening_sev2,brightening,2,0.9094639473727771,0.9495798319327731,0.9495798319327731,0.0045271306881761,0.005951210554739421,0.0045271306881761,0.003563881104104409,0.0038366428533065104,0.004346194428439405,0.0038366428533065104,0.003188864899758248,0.004622342837523253,0.0,13.038806738973665,0.03831466310853217,0.03831466310853217,0.6255871302158642,0.6684854867312462,0.8272241770679252,0.6218308190372768,0.5585842018738113,0.6218308190372768,0.6508748848926522,0.6302521008403361,119,0
resnet50,123,435_456,FaceSwap,1,brightening_sev3,brightening,3,0.8474009850633746,0.8991596638655462,0.8991596638655462,0.00414055298471231,0.0041259085102342006,0.00414055298471231,0.003233933806270221,0.003495279807195043,0.002969471143573169,0.003495279807195043,0.002885450584046839,0.003694121790957004,0.0,12.989251681736537,0.028051946316102236,0.028051946316102236,0.5472719916886016,0.6536442632659754,0.8478928592932242,0.6450478621966781,0.5878159016624644,0.6450478621966781,0.6675076150111527,0.680672268907563,119,0
resnet50,123,435_456,FaceSwap,1,clean,clean,0,0.5823583309753884,0.5798319327731093,0.5798319327731093,0.002885266624814063,0.002490874262454362,0.002885266624814063,0.0031298084655598996,0.002444036938306885,0.0018253025471814933,0.002444036938306885,0.0028120585360694775,0.002938256839983971,0.0,12.844915838802562,0.2009725685988576,0.2009725685988576,0.45833059882318616,0.4519661128914234,,,,,,,119,0
resnet50,123,435_456,FaceSwap,1,darkening_sev1,darkening,1,0.38601280861150694,0.35294117647058826,0.35294117647058826,0.004312872614996908,0.0025729250589310894,0.004312872614996908,0.006304014524691729,0.003696240632520366,0.0018985188371160892,0.003696240632520366,0.0057502815607802776,0.004416442345633515,0.0,13.010378164403578,0.18975926388227263,0.18975926388227263,0.27572654320138407,0.24342005221298388,0.7537671870970163,0.5871652441154707,0.5349076950160466,0.5871652441154707,0.6130519423220732,0.773109243697479,119,0
resnet50,123,435_456,FaceSwap,1,darkening_sev2,darkening,2,0.4077004539240308,0.3445378151260504,0.3445378151260504,0.0073623343274464076,0.006224402504557631,0.0073623343274464076,0.008201899229640205,0.00645894256403863,0.004655036548131531,0.00645894256403863,0.007596262509798448,0.007468232561875782,0.008403361344537815,13.158558324605478,0.125194805384684,0.125194805384684,0.22590155727347402,0.17188939900614883,0.6293487038941217,0.45778848024968544,0.4144252436534772,0.45778848024968544,0.4713736089097098,0.7142857142857143,119,0
resnet50,123,435_456,FaceSwap,1,darkening_sev3,darkening,3,0.18675481446650846,0.0,0.0,0.00906508327041505,0.005902591885771939,0.00906508327041505,0.010447533663232794,0.008115820080933187,0.004526877931570934,0.008115820080933187,0.009766044355378018,0.009794806833426416,0.0,13.69861535465016,-0.022149656625354973,-0.022149656625354973,-0.03849300668582695,0.007925948832465826,0.075755555616171,0.034161133315002465,0.007690734843965836,0.034161133315002465,0.08216726233390716,0.42016806722689076,119,0
resnet50,123,435_456,FaceSwap,1,jpeg_sev1,jpeg,1,0.21410717385500166,0.14285714285714285,0.14285714285714285,0.0028921345754315667,0.0015423095289241967,0.0028921345754315667,0.004900799109880569,0.0025109770025763937,0.0011431607678573867,0.0025109770025763937,0.004510360914624325,0.003620179797416718,0.0,12.985566828431201,0.05205789761336033,0.05205789761336033,0.1454213479036825,0.1527342024276878,0.6287355025617851,0.47076913953765004,0.3980064477494289,0.47076913953765004,0.5161147366764645,0.5630252100840336,119,0
resnet50,123,435_456,FaceSwap,1,jpeg_sev2,jpeg,2,0.008170173889634489,0.0,0.0,0.010576866822525016,0.006347673096204951,0.010576866822525016,0.012024592599349527,0.009281458334834474,0.004852648754176211,0.009281458334834474,0.011162382331209924,0.009840866315275396,0.0,13.35526529680781,0.0015114589488894664,0.0015114589488894664,0.002155206841465544,-0.004514551509348776,0.11445784184576685,0.07807238859432339,0.021036319053317324,0.07807238859432339,0.14003006880911856,0.42016806722689076,119,0
resnet50,123,435_456,FaceSwap,1,jpeg_sev3,jpeg,3,0.030852114250531235,0.0,0.0,0.009498299675596037,0.00986805136513623,0.009498299675596037,0.009736394987123448,0.008454572354476593,0.007679825966422547,0.008454572354476593,0.00909434985855296,0.009651532204968552,0.008403361344537815,13.319648261831588,0.0011013592612937521,0.0011013592612937521,0.011219832353453337,-0.01755503068302418,0.07338203886369082,0.04288976843553113,0.011559108641377727,0.04288976843553113,0.08901207648196462,0.42016806722689076,119,0
resnet50,123,435_456,FaceSwap,1,resize_sev1,resize,1,0.8864209396498544,0.9495798319327731,0.9495798319327731,0.0042149012827574035,0.005201629359223748,0.0042149012827574035,0.0036324948759657773,0.003580875937113949,0.003829705217474961,0.003580875937113949,0.0032538723913567397,0.004429673981804696,0.0,12.915612052468692,0.1301104106134226,0.1301104106134226,0.6464953869581223,0.5977878502624876,0.8236213805122896,0.6380966913195448,0.5726699408794879,0.6380966913195448,0.6721437959648301,0.6134453781512605,119,0
resnet50,123,435_456,FaceSwap,1,resize_sev2,resize,2,0.9435354695350182,0.9663865546218487,0.9663865546218487,0.004952862237827549,0.005819458034874477,0.004952862237827549,0.004109254309696653,0.004210163557259014,0.004252902671258453,0.004210163557259014,0.003689183980084254,0.0052225372026228015,0.0,13.029891695295062,0.09220215172639912,0.09220215172639912,0.6785152783977384,0.5918554785904013,0.7833604748111218,0.5891840470923111,0.5162296762426675,0.5891840470923111,0.6253191715454578,0.6134453781512605,119,0
resnet50,123,435_456,FaceSwap,1,resize_sev3,resize,3,0.8833354009049279,0.957983193277311,0.957983193277311,0.00501688046529845,0.006254780936630857,0.00501688046529845,0.004497454406797233,0.004269586697141807,0.00460922455594485,0.004269586697141807,0.004054613968789763,0.005948160690534317,0.0,12.955340064874216,0.18311211241393527,0.18311211241393527,0.6341719861854526,0.5044387859456679,0.7494810875207132,0.5485656303863404,0.47766468074744434,0.5485656303863404,0.5838481034875548,0.6050420168067226,119,0
resnet50,123,435_456,NeuralTextures,1,brightening_sev1,brightening,1,0.7891748975805876,0.8067226890756303,0.8067226890756303,0.15541562394387248,0.19014586221758722,0.15541562394387248,0.12811490787150687,0.09522629398704739,0.07059221919633646,0.09522629398704739,0.09590621912182888,0.16913386356511995,0.25210084033613445,12.919798514422249,0.14416160939276967,0.14416160939276967,0.6039803751486064,0.6020918919972903,0.9014997769080484,0.7308018185719249,0.6899689606973453,0.7308018185719249,0.7560275118626961,0.773109243697479,119,0
resnet50,123,435_456,NeuralTextures,1,brightening_sev2,brightening,2,0.9094639473727771,0.9495798319327731,0.9495798319327731,0.17901766771618272,0.22040223554087215,0.17901766771618272,0.14734209421604347,0.11403550203326032,0.08445368827413305,0.11403550203326032,0.11465830284123264,0.18677517902547228,0.2857142857142857,13.038806738973665,0.03831466310853217,0.03831466310853217,0.6255871302158642,0.6684854867312462,0.8272241770679252,0.6218308190372768,0.5585842018738113,0.6218308190372768,0.6508748848926522,0.6302521008403361,119,0
resnet50,123,435_456,NeuralTextures,1,brightening_sev3,brightening,3,0.8474009850633746,0.8991596638655462,0.8991596638655462,0.16527309042377522,0.20796002749510728,0.16527309042377522,0.13422142466802153,0.10338826679377038,0.07895273390962064,0.10338826679377038,0.10195747448905698,0.17808664771323243,0.2605042016806723,12.989251681736537,0.028051946316102236,0.028051946316102236,0.5472719916886016,0.6536442632659754,0.8478928592932242,0.6450478621966781,0.5878159016624644,0.6450478621966781,0.6675076150111527,0.680672268907563,119,0
resnet50,123,435_456,NeuralTextures,1,clean,clean,0,0.5823583309753884,0.5798319327731093,0.5798319327731093,0.11932227116957952,0.14447258044556857,0.11932227116957952,0.100899121715871,0.06966912974002266,0.051781854286951944,0.06966912974002266,0.07222336346821352,0.1340463486519539,0.19327731092436976,12.844915838802562,0.2009725685988576,0.2009725685988576,0.45833059882318616,0.4519661128914234,,,,,,,119,0
resnet50,123,435_456,NeuralTextures,1,darkening_sev1,darkening,1,0.38601280861150694,0.35294117647058826,0.35294117647058826,0.08140360726415694,0.10004225830697223,0.08140360726415694,0.07152474146446917,0.046491206651459116,0.035262146292412616,0.046491206651459116,0.05033350577629932,0.09433129913669272,0.1092436974789916,13.010378164403578,0.18975926388227263,0.18975926388227263,0.27572654320138407,0.24342005221298388,0.7537671870970163,0.5871652441154707,0.5349076950160466,0.5871652441154707,0.6130519423220732,0.773109243697479,119,0
resnet50,123,435_456,NeuralTextures,1,darkening_sev2,darkening,2,0.4077004539240308,0.3445378151260504,0.3445378151260504,0.07964866807416403,0.09128115397195392,0.07964866807416403,0.06939986537690952,0.04560327346753799,0.032431916233736674,0.04560327346753799,0.04881486631553719,0.08407459899461386,0.08403361344537816,13.158558324605478,0.125194805384684,0.125194805384684,0.22590155727347402,0.17188939900614883,0.6293487038941217,0.45778848024968544,0.4144252436534772,0.45778848024968544,0.4713736089097098,0.7142857142857143,119,0
resnet50,123,435_456,NeuralTextures,1,darkening_sev3,darkening,3,0.18675481446650846,0.0,0.0,0.024028083532707984,0.020471121985366315,0.024028083532707984,0.025098658297319887,0.011759431191769153,0.006388853246084128,0.011759431191769153,0.015080477061910454,0.025275331154430147,0.008403361344537815,13.69861535465016,-0.022149656625354973,-0.022149656625354973,-0.03849300668582695,0.007925948832465826,0.075755555616171,0.034161133315002465,0.007690734843965836,0.034161133315002465,0.08216726233390716,0.42016806722689076,119,0
resnet50,123,435_456,NeuralTextures,1,jpeg_sev1,jpeg,1,0.21410717385500166,0.14285714285714285,0.14285714285714285,0.053559508779356044,0.06470565486595914,0.053559508779356044,0.048906876029164645,0.02840516572660628,0.02171212823112604,0.02840516572660628,0.031896096998367644,0.06298302862466874,0.058823529411764705,12.985566828431201,0.05205789761336033,0.05205789761336033,0.1454213479036825,0.1527342024276878,0.6287355025617851,0.47076913953765004,0.3980064477494289,0.47076913953765004,0.5161147366764645,0.5630252100840336,119,0
resnet50,123,435_456,NeuralTextures,1,jpeg_sev2,jpeg,2,0.008170173889634489,0.0,0.0,0.009152462543926316,0.006132730315319379,0.009152462543926316,0.011663558126173297,0.00429931200111994,0.0018338950962018224,0.00429931200111994,0.006728775622318912,0.011453836032719714,0.008403361344537815,13.35526529680781,0.0015114589488894664,0.0015114589488894664,0.002155206841465544,-0.004514551509348776,0.11445784184576685,0.07807238859432339,0.021036319053317324,0.07807238859432339,0.14003006880911856,0.42016806722689076,119,0
resnet50,123,435_456,NeuralTextures,1,jpeg_sev3,jpeg,3,0.030852114250531235,0.0,0.0,0.0073626901154849175,0.005549612933018059,0.0073626901154849175,0.010007157621175947,0.003438569891533862,0.0016712450797953201,0.003438569891533862,0.005751555166758248,0.009644361761216145,0.0,13.319648261831588,0.0011013592612937521,0.0011013592612937521,0.011219832353453337,-0.01755503068302418,0.07338203886369082,0.04288976843553113,0.011559108641377727,0.04288976843553113,0.08901207648196462,0.42016806722689076,119,0
resnet50,123,435_456,NeuralTextures,1,resize_sev1,resize,1,0.8864209396498544,0.9495798319327731,0.9495798319327731,0.1782905225566216,0.21962285175640606,0.1782905225566216,0.14980226900592983,0.11294096879598627,0.0834561589411067,0.11294096879598627,0.11689064374709172,0.19492722047049155,0.2857142857142857,12.915612052468692,0.1301104106134226,0.1301104106134226,0.6464953869581223,0.5977878502624876,0.8236213805122896,0.6380966913195448,0.5726699408794879,0.6380966913195448,0.6721437959648301,0.6134453781512605,119,0
resnet50,123,435_456,NeuralTextures,1,resize_sev2,resize,2,0.9435354695350182,0.9663865546218487,0.9663865546218487,0.19686931826368745,0.24485950352172217,0.19686931826368745,0.16320851867727493,0.12877432620610815,0.09579407561674623,0.12877432620610815,0.1308343010777054,0.20613050989000736,0.29411764705882354,13.029891695295062,0.09220215172639912,0.09220215172639912,0.6785152783977384,0.5918554785904013,0.7833604748111218,0.5891840470923111,0.5162296762426675,0.5891840470923111,0.6253191715454578,0.6134453781512605,119,0
resnet50,123,435_456,NeuralTextures,1,resize_sev3,resize,3,0.8833354009049279,0.957983193277311,0.957983193277311,0.2013231591097897,0.24820925039224048,0.2013231591097897,0.1668165599790449,0.13371220773903145,0.09776786540237803,0.13371220773903145,0.13597666839805775,0.21448814792579832,0.2857142857142857,12.955340064874216,0.18311211241393527,0.18311211241393527,0.6341719861854526,0.5044387859456679,0.7494810875207132,0.5485656303863404,0.47766468074744434,0.5485656303863404,0.5838481034875548,0.6050420168067226,119,0
resnet50,123,437,Original,0,brightening_sev1,brightening,1,0.018102497546546796,0.006711409395973154,0.9932885906040269,,,,,,,,,,,,,,,,,,,,,1.0,149,0
resnet50,123,437,Original,0,brightening_sev2,brightening,2,0.0046335843870464214,0.0,1.0,,,,,,,,,,,,,,,,,,,,,0.9932885906040269,149,0
resnet50,123,437,Original,0,brightening_sev3,brightening,3,0.005919349878997451,0.0,1.0,,,,,,,,,,,,,,,,,,,,,0.9932885906040269,149,0
resnet50,123,437,Original,0,clean,clean,0,0.023293370912093683,0.006711409395973154,0.9932885906040269,,,,,,,,,,,,,,,,,,,,,,149,0
resnet50,123,437,Original,0,darkening_sev1,darkening,1,0.04396636807086291,0.013422818791946308,0.9865771812080537,,,,,,,,,,,,,,,,,,,,,0.9932885906040269,149,0
resnet50,123,437,Original,0,darkening_sev2,darkening,2,0.01692411306757755,0.006711409395973154,0.9932885906040269,,,,,,,,,,,,,,,,,,,,,0.9865771812080537,149,0
resnet50,123,437,Original,0,darkening_sev3,darkening,3,0.06370999894750257,0.013422818791946308,0.9865771812080537,,,,,,,,,,,,,,,,,,,,,0.9798657718120806,149,0
resnet50,123,437,Original,0,jpeg_sev1,jpeg,1,0.023603083900061283,0.006711409395973154,0.9932885906040269,,,,,,,,,,,,,,,,,,,,,1.0,149,0
resnet50,123,437,Original,0,jpeg_sev2,jpeg,2,0.003443923031630126,0.0,1.0,,,,,,,,,,,,,,,,,,,,,0.9932885906040269,149,0
resnet50,123,437,Original,0,jpeg_sev3,jpeg,3,0.0001545028640096749,0.0,1.0,,,,,,,,,,,,,,,,,,,,,0.9932885906040269,149,0
resnet50,123,437,Original,0,resize_sev1,resize,1,0.05667083850657819,0.020134228187919462,0.9798657718120806,,,,,,,,,,,,,,,,,,,,,0.9865771812080537,149,0
resnet50,123,437,Original,0,resize_sev2,resize,2,0.07321111198542822,0.026845637583892617,0.9731543624161074,,,,,,,,,,,,,,,,,,,,,0.9798657718120806,149,0
resnet50,123,437,Original,0,resize_sev3,resize,3,0.06659206232392371,0.026845637583892617,0.9731543624161074,,,,,,,,,,,,,,,,,,,,,0.9664429530201343,149,0
resnet50,123,437_360,Deepfakes,1,brightening_sev1,brightening,1,0.862348581276734,0.8993288590604027,0.8993288590604027,0.5186535886328989,0.57618285274577,0.5186535886328989,0.47646016475933145,0.291230877506018,0.18626468280737063,0.291230877506018,0.34693652773519157,0.5229169395569983,0.7919463087248322,16.099221895205094,-0.10011738414357368,-0.10011738414357368,0.620750294792022,0.44559105443799457,0.9473408464531179,0.8146375244259274,0.7797966668213683,0.8146375244259274,0.8221156539539071,0.9328859060402684,149,0
resnet50,123,437_360,Deepfakes,1,brightening_sev2,brightening,2,0.491269867346097,0.4899328859060403,0.4899328859060403,0.36291041929314555,0.3934723176953628,0.36291041929314555,0.3357632204654757,0.20075688190801594,0.12737925448356005,0.20075688190801594,0.23751348044547038,0.37204106141094395,0.5637583892617449,15.937372310049582,-0.15054691942946222,-0.15054691942946222,0.35691597485436666,0.3091988086758256,0.6651562733977704,0.4737781202887168,0.4333592755787987,0.4737781202887168,0.49338963843233824,0.5503355704697986,149,0
resnet50,123,437_360,Deepfakes,1,brightening_sev3,brightening,3,0.23209761579258475,0.2080536912751678,0.2080536912751678,0.21733952859014097,0.21273293562531825,0.21733952859014097,0.21482587381162932,0.11343087576554896,0.06560924647844896,0.11343087576554896,0.14068212921895906,0.21220084484492313,0.2348993288590604,16.014701427229298,-0.020864891025062747,-0.020864891025062747,0.13919272484830517,0.16363808292592405,0.37975210805942883,0.22729768836947958,0.17685408492622365,0.22729768836947958,0.26029880402847677,0.28187919463087246,149,0
resnet50,123,437_360,Deepfakes,1,clean,clean,0,0.8943332380446412,0.9261744966442953,0.9261744966442953,0.569189333966421,0.6298748319883496,0.569189333966421,0.5259242519475269,0.3270353107346331,0.20502990942519336,0.3270353107346331,0.3958732432404519,0.5603510146540369,0.8523489932885906,16.224415542295315,-0.05108048566835834,-0.05108048566835834,0.6173654180270114,0.3528774017655609,,,,,,,149,0
resnet50,123,437_360,Deepfakes,1,darkening_sev1,darkening,1,0.9081046840788534,0.9194630872483222,0.9194630872483222,0.5829962768137996,0.6457839252872083,0.5829962768137996,0.5403747996001391,0.3376662173099638,0.21101928294867334,0.3376662173099638,0.4115524759988709,0.5732186340364955,0.8456375838926175,16.25903980203923,-0.0644237355097828,-0.0644237355097828,0.5705275394697518,0.29272643866755016,0.9656639427898976,0.8388807233473917,0.7982344729727222,0.8388807233473917,0.8590015174100604,0.9530201342281879,149,0
resnet50,123,437_360,Deepfakes,1,darkening_sev2,darkening,2,0.7170882066399259,0.7718120805369127,0.7718120805369127,0.47925398743962405,0.5334931148649437,0.47925398743962405,0.43343578026024254,0.26751607674118755,0.1704891564538161,0.26751607674118755,0.3116445825413289,0.4722153766884736,0.7986577181208053,16.180057941667187,-0.09850290421421494,-0.09850290421421494,0.4119341008852692,0.27510691675413773,0.8291765166266543,0.6661191618152111,0.5927730446096904,0.6661191618152111,0.696082752272499,0.8456375838926175,149,0
resnet50,123,437_360,Deepfakes,1,darkening_sev3,darkening,3,0.532375852958668,0.4966442953020134,0.4966442953020134,0.36876864998275755,0.40705266170288906,0.36876864998275755,0.33511093625266547,0.19803098433855068,0.1307926169219981,0.19803098433855068,0.22689681263666756,0.3717297245074923,0.6241610738255033,16.203160509967162,-0.11495364333609204,-0.11495364333609204,0.2218656616422954,0.2114458863854708,0.6549088460296638,0.4578037215242622,0.41133571025952376,0.4578037215242622,0.48061570421600586,0.5704697986577181,149,0
resnet50,123,437_360,Deepfakes,1,jpeg_sev1,jpeg,1,0.8732580637946825,0.9261744966442953,0.9261744966442953,0.5595767136964518,0.6190992808474748,0.5595767136964518,0.5181075033068804,0.32092589316791437,0.201286902501666,0.32092589316791437,0.3889245859058621,0.5534361455425505,0.8389261744966443,16.202546990157774,-0.0793925372433642,-0.0793925372433642,0.5996046788746728,0.35272237879142865,0.975323177031084,0.8813296084830894,0.8462048286383641,0.8813296084830894,0.8966978194467385,0.9731543624161074,149,0
resnet50,123,437_360,Deepfakes,1,jpeg_sev2,jpeg,2,0.5783195744874894,0.6174496644295302,0.6174496644295302,0.4376182446049059,0.4786798851031384,0.4376182446049059,0.4016271172875186,0.242237300503158,0.15291569077822106,0.242237300503158,0.2861489232889623,0.43374415508209635,0.6778523489932886,16.129663537812714,-0.20305135852388484,-0.20305135852388484,0.41164084754559216,0.23645621713175868,0.7888971866097868,0.6098544382470993,0.547446069284332,0.6098544382470993,0.6380253787766144,0.6912751677852349,149,0
resnet50,123,437_360,Deepfakes,1,jpeg_sev3,jpeg,3,0.01135742096597599,0.006711409395973154,0.006711409395973154,0.08862380349737678,0.0754505031643399,0.08862380349737678,0.09125130737760691,0.0439127307065407,0.02466415490764371,0.0439127307065407,0.05463719035838534,0.08441204161103978,0.040268456375838924,16.34426679547201,-0.007559376705188665,-0.007559376705188665,0.003908596145070269,0.00041198564098365474,0.0825967578609179,0.025922211716674196,0.010356864553446437,0.025922211716674196,0.06416978394848807,0.08053691275167785,149,0
resnet50,123,437_360,Deepfakes,1,resize_sev1,resize,1,0.8799064237899428,0.912751677852349,0.912751677852349,0.5639914610101947,0.6258206555272536,0.5639914610101947,0.5215163543255062,0.32340842281007876,0.20359361308971818,0.32340842281007876,0.39184497133715857,0.5568666001261523,0.8456375838926175,16.22123706740821,-0.0689851004605325,-0.0689851004605325,0.5722588651919825,0.3265217019607557,0.9798637237825778,0.8954931872405798,0.8721965255460395,0.8954931872405798,0.9104431805807256,0.959731543624161,149,0
resnet50,123,437_360,Deepfakes,1,resize_sev2,resize,2,0.8726846140703098,0.912751677852349,0.912751677852349,0.5573916905414814,0.6221309907392472,0.5573916905414814,0.5151696592286787,0.3186085509524389,0.20226161692564623,0.3186085509524389,0.38483885041186755,0.5550556594460251,0.8590604026845637,16.205310923941184,-0.07124103275721502,-0.07124103275721502,0.5323959333734625,0.3094430728846748,0.9672196902599585,0.8650869771493396,0.830888415336361,0.8650869771493396,0.8850036234352611,0.959731543624161,149,0
resnet50,123,437_360,Deepfakes,1,resize_sev3,resize,3,0.8716364029869937,0.9328859060402684,0.9328859060402684,0.530058149817211,0.6018639032894191,0.530058149817211,0.4908800710621571,0.2977217239926819,0.1947538497992116,0.2977217239926819,0.3598969581513327,0.5402769737910521,0.8590604026845637,16.118930848652884,-0.08998008644920863,-0.08998008644920863,0.514114095685666,0.36465256716180966,0.9436582213432599,0.8014070724301674,0.7682347082502851,0.8014070724301674,0.8153366851612831,0.9664429530201343,149,0
resnet50,123,437_360,Face2Face,1,brightening_sev1,brightening,1,0.9173606485992516,0.9587628865979382,0.9587628865979382,0.4061794626899007,0.4601847688897071,0.4061794626899007,0.373372528062318,0.21192204165106204,0.14209972521323352,0.21192204165106204,0.2472248647972207,0.41402149353614,0.5360824742268041,16.083251294401503,-0.07018783161435847,-0.07018783161435847,0.6609557399564644,0.5279673000067934,0.9736820043722384,0.8560071296923724,0.8259907121771738,0.8560071296923724,0.8592768370587386,0.9690721649484536,97,0
resnet50,123,437_360,Face2Face,1,brightening_sev2,brightening,2,0.4294721045466524,0.4329896907216495,0.4329896907216495,0.24446269160425158,0.2564876795484835,0.24446269160425158,0.2346095609434157,0.12270055995284163,0.07744696340594914,0.12270055995284163,0.14824530579731787,0.25323585946752314,0.27835051546391754,15.87325512994196,-0.11001016839993061,-0.11001016839993061,0.31628371552761025,0.32294892550556503,0.5866924538230429,0.402375534824352,0.35893760065329705,0.402375534824352,0.4193131274588471,0.44329896907216493,97,0
resnet50,123,437_360,Face2Face,1,brightening_sev3,brightening,3,0.12245754028440056,0.061855670103092786,0.061855670103092786,0.1346957512198097,0.1044799935543188,0.1346957512198097,0.15777730004227436,0.06674103458126658,0.031118640537972565,0.06674103458126658,0.09798496308533342,0.1301965912290986,0.041237113402061855,16.038384024629888,0.033690017882072015,0.033690017882072015,0.06974604382142471,0.09628375525917547,0.26505587423852955,0.1399394791900603,0.09111796062752464,0.1399394791900603,0.1807656733315852,0.07216494845360824,97,0
resnet50,123,437_360,Face2Face,1,clean,clean,0,0.9543069576095674,0.9896907216494846,0.9896907216494846,0.435647291009256,0.4822647384140077,0.435647291009256,0.406694611337131,0.23067731637133057,0.14950579983381493,0.23067731637133057,0.27551068302519893,0.4344424825822131,0.5876288659793815,16.202627073858203,-0.036987257871738365,-0.036987257871738365,0.6215807524768963,0.4257528526881306,,,,,,,97,0
resnet50,123,437_360,Face2Face,1,darkening_sev1,darkening,1,0.9773015594974006,0.9896907216494846,0.9896907216494846,0.45788561159307006,0.5070801944879053,0.45788561159307006,0.4250517162974425,0.2462560410679258,0.1583248553235467,0.2462560410679258,0.2933552838758633,0.45403905586301496,0.5670103092783505,16.23964327389432,-0.021851021604439604,-0.021851021604439604,0.5821268477083481,0.3499445257727633,0.9840416449227626,0.8618784510491431,0.8234018052938575,0.8618784510491431,0.8849757285365186,1.0,97,0
resnet50,123,437_360,Face2Face,1,darkening_sev2,darkening,2,0.8646729454090915,0.9278350515463918,0.9278350515463918,0.37990502538969084,0.4265349788866179,0.37990502538969084,0.3528320803733065,0.19548865288181666,0.12997070821418436,0.19548865288181666,0.2316048637592793,0.39308113422982527,0.4948453608247423,16.031017647576085,-0.11095922701444819,-0.11095922701444819,0.48740015128032144,0.3411254847671875,0.93872924654624,0.7881109043163997,0.7415132090306088,0.7881109043163997,0.7974871903130394,0.9381443298969072,97,0
resnet50,123,437_360,Face2Face,1,darkening_sev3,darkening,3,0.6347303097856414,0.6701030927835051,0.6701030927835051,0.3497821573250721,0.39161813844004484,0.3497821573250721,0.3198565352888629,0.178763382007566,0.11940882141963287,0.178763382007566,0.2074749560076207,0.36884429449171197,0.4742268041237113,15.979246434477187,-0.14759370963060361,-0.14759370963060361,0.30697091526745524,0.2678229648658295,0.7934626269431413,0.5813256338800687,0.5565998781315327,0.5813256338800687,0.5744344973076726,0.6804123711340206,97,0
resnet50,123,437_360,Face2Face,1,jpeg_sev1,jpeg,1,0.9297199481042083,0.979381443298969,0.979381443298969,0.4280280153113091,0.48138167678416094,0.4280280153113091,0.3983813348633716,0.22637608906080006,0.14948236548533045,0.22637608906080006,0.26909522174504097,0.4317152464092706,0.5670103092783505,16.164368373831522,-0.05941020152963617,-0.05941020152963617,0.6168161708592754,0.43536344809054406,0.9894413345821766,0.9134310944377281,0.8851726939537008,0.9134310944377281,0.925962969245409,0.9896907216494846,97,0
resnet50,123,437_360,Face2Face,1,jpeg_sev2,jpeg,2,0.6495604176727152,0.7319587628865979,0.7319587628865979,0.33880960218907435,0.38438436779156354,0.33880960218907435,0.3161710871335797,0.1719102553221856,0.11664658337041088,0.1719102553221856,0.20369626207828082,0.35690743329287594,0.422680412371134,15.99237070378569,-0.22885775882942772,-0.22885775882942772,0.4513044332432532,0.32983274204829305,0.8361019187282547,0.660590209651952,0.615010675719861,0.660590209651952,0.6705614288719091,0.7422680412371134,97,0
resnet50,123,437_360,Face2Face,1,jpeg_sev3,jpeg,3,0.0014151174259448341,0.0,0.0,0.1308699048522101,0.11147857641412091,0.1308699048522101,0.1325363974197775,0.06297488500504932,0.03385682011573755,0.06297488500504932,0.07871003719017922,0.12229912763573984,0.041237113402061855,16.326010841684244,-0.001110408972851576,-0.001110408972851576,0.00040060623331618876,-0.0024214443567955163,0.05068779840733464,0.009211567362795397,0.0025924982230044794,0.009211567362795397,0.03894190111889292,0.010309278350515464,97,0
resnet50,123,437_360,Face2Face,1,resize_sev1,resize,1,0.9491099846578136,0.9896907216494846,0.9896907216494846,0.43644883623852937,0.48547023733170735,0.43644883623852937,0.40750392224605014,0.23161058843939666,0.15083882135992904,0.23161058843939666,0.2766664719944061,0.43726007589587174,0.5670103092783505,16.18463206536991,-0.03913239927328734,-0.03913239927328734,0.5870606160348224,0.41463423113233033,0.9949103657849481,0.9231775398656342,0.9073799330903943,0.9231775398656342,0.9359398947574133,1.0,97,0
resnet50,123,437_360,Face2Face,1,resize_sev2,resize,2,0.9481399947988618,0.9896907216494846,0.9896907216494846,0.4365063175501105,0.48882738188979785,0.4365063175501105,0.4057827228967072,0.23186021735329182,0.15193221234856702,0.23186021735329182,0.275593309881433,0.4397613069593124,0.5979381443298969,16.15857263938668,-0.04157642063867181,-0.04157642063867181,0.5619502622903008,0.4068561694824818,0.9854362576072421,0.9064074239241604,0.8761441461817426,0.9064074239241604,0.9234202411459285,1.0,97,0
resnet50,123,437_360,Face2Face,1,resize_sev3,resize,3,0.9202960728062797,0.9896907216494846,0.9896907216494846,0.41995968837352415,0.4779169372788871,0.41995968837352415,0.38683710569356183,0.22076051272752487,0.14786857219886984,0.22076051272752487,0.2588892983029831,0.43354714883930645,0.5773195876288659,16.033375159981325,-0.07479273243663233,-0.07479273243663233,0.5387154296424586,0.45990329443179456,0.9765888919248761,0.8581902909728331,0.8280725963166864,0.8581902909728331,0.8626740411260402,1.0,97,0
resnet50,123,437_360,FaceSwap,1,brightening_sev1,brightening,1,0.9173606485992516,0.9587628865979382,0.9587628865979382,0.42695069032985,0.4902202006469241,0.42695069032985,0.3906671419345566,0.2140763315341929,0.1436697774986521,0.2140763315341929,0.2514331970390096,0.434859107441615,0.6391752577319587,16.083251294401503,-0.07018783161435847,-0.07018783161435847,0.6609557399564644,0.5279673000067934,0.9736820043722384,0.8560071296923724,0.8259907121771738,0.8560071296923724,0.8592768370587386,0.9690721649484536,97,0
resnet50,123,437_360,FaceSwap,1,brightening_sev2,brightening,2,0.4294721045466524,0.4329896907216495,0.4329896907216495,0.2531075600061259,0.26771899869619337,0.2531075600061259,0.24411274090834786,0.12275339782961746,0.0773403695066275,0.12275339782961746,0.1501477838880709,0.26701178425927474,0.32989690721649484,15.87325512994196,-0.11001016839993061,-0.11001016839993061,0.31628371552761025,0.32294892550556503,0.5866924538230429,0.402375534824352,0.35893760065329705,0.402375534824352,0.4193131274588471,0.44329896907216493,97,0
resnet50,123,437_360,FaceSwap,1,brightening_sev3,brightening,3,0.12245754028440056,0.061855670103092786,0.061855670103092786,0.13769693724843762,0.1027779288076688,0.13769693724843762,0.16389524931592364,0.06628236951438839,0.02940094856777403,0.06628236951438839,0.09941220317705869,0.1306694405469448,0.061855670103092786,16.038384024629888,0.033690017882072015,0.033690017882072015,0.06974604382142471,0.09628375525917547,0.26505587423852955,0.1399394791900603,0.09111796062752464,0.1399394791900603,0.1807656733315852,0.07216494845360824,97,0
resnet50,123,437_360,FaceSwap,1,clean,clean,0,0.9543069576095674,0.9896907216494846,0.9896907216494846,0.4585678500021876,0.5141263486343743,0.4585678500021876,0.4242857315071205,0.23336666139665,0.15131828360347188,0.23336666139665,0.279027754175833,0.45647445630656436,0.6494845360824743,16.202627073858203,-0.036987257871738365,-0.036987257871738365,0.6215807524768963,0.4257528526881306,,,,,,,97,0
resnet50,123,437_360,FaceSwap,1,darkening_sev1,darkening,1,0.9773015594974006,0.9896907216494846,0.9896907216494846,0.4838261544891066,0.5430166770357295,0.4838261544891066,0.4411200168803298,0.25035877109031474,0.1610236429777954,0.25035877109031474,0.29499280302410824,0.47587745553675553,0.6597938144329897,16.23964327389432,-0.021851021604439604,-0.021851021604439604,0.5821268477083481,0.3499445257727633,0.9840416449227626,0.8618784510491431,0.8234018052938575,0.8618784510491431,0.8849757285365186,1.0,97,0
resnet50,123,437_360,FaceSwap,1,darkening_sev2,darkening,2,0.8646729454090915,0.9278350515463918,0.9278350515463918,0.39703540692929506,0.4425071145463422,0.39703540692929506,0.36652931730212013,0.1960732337042584,0.1274230030930082,0.1960732337042584,0.23343462758768888,0.40793988267775666,0.5979381443298969,16.031017647576085,-0.11095922701444819,-0.11095922701444819,0.48740015128032144,0.3411254847671875,0.93872924654624,0.7881109043163997,0.7415132090306088,0.7881109043163997,0.7974871903130394,0.9381443298969072,97,0
resnet50,123,437_360,FaceSwap,1,darkening_sev3,darkening,3,0.6347303097856414,0.6701030927835051,0.6701030927835051,0.36550327994383375,0.41663561823979917,0.36550327994383375,0.3315721232322237,0.18055383357778193,0.12147635168593926,0.18055383357778193,0.20930872150213606,0.3908942707120506,0.5979381443298969,15.979246434477187,-0.14759370963060361,-0.14759370963060361,0.30697091526745524,0.2678229648658295,0.7934626269431413,0.5813256338800687,0.5565998781315327,0.5813256338800687,0.5744344973076726,0.6804123711340206,97,0
resnet50,123,437_360,FaceSwap,1,jpeg_sev1,jpeg,1,0.9297199481042083,0.979381443298969,0.979381443298969,0.450687006591651,0.5100054163307929,0.450687006591651,0.41657524853534494,0.22893422625456575,0.15004558530289622,0.22893422625456575,0.27322624927606254,0.45356000692582327,0.6391752577319587,16.164368373831522,-0.05941020152963617,-0.05941020152963617,0.6168161708592754,0.43536344809054406,0.9894413345821766,0.9134310944377281,0.8851726939537008,0.9134310944377281,0.925962969245409,0.9896907216494846,97,0
resnet50,123,437_360,FaceSwap,1,jpeg_sev2,jpeg,2,0.6495604176727152,0.7319587628865979,0.7319587628865979,0.35488339812027303,0.40103511598492597,0.35488339812027303,0.33060110510801616,0.17303665093489995,0.11521435018337804,0.17303665093489995,0.20690087929523804,0.373838935384837,0.5463917525773195,15.99237070378569,-0.22885775882942772,-0.22885775882942772,0.4513044332432532,0.32983274204829305,0.8361019187282547,0.660590209651952,0.615010675719861,0.660590209651952,0.6705614288719091,0.7422680412371134,97,0
resnet50,123,437_360,FaceSwap,1,jpeg_sev3,jpeg,3,0.0014151174259448341,0.0,0.0,0.15780507924701317,0.13729902514066916,0.15780507924701317,0.15677551067116383,0.07478708881382426,0.04068994107893029,0.07478708881382426,0.09207571632700247,0.14422659601705162,0.07216494845360824,16.326010841684244,-0.001110408972851576,-0.001110408972851576,0.00040060623331618876,-0.0024214443567955163,0.05068779840733464,0.009211567362795397,0.0025924982230044794,0.009211567362795397,0.03894190111889292,0.010309278350515464,97,0
resnet50,123,437_360,FaceSwap,1,resize_sev1,resize,1,0.9491099846578136,0.9896907216494846,0.9896907216494846,0.4604783986167752,0.5194115393485588,0.4604783986167752,0.4254420500089671,0.23495855560532114,0.15323453555471833,0.23495855560532114,0.2804738171541898,0.46013808994548516,0.6597938144329897,16.18463206536991,-0.03913239927328734,-0.03913239927328734,0.5870606160348224,0.41463423113233033,0.9949103657849481,0.9231775398656342,0.9073799330903943,0.9231775398656342,0.9359398947574133,1.0,97,0
resnet50,123,437_360,FaceSwap,1,resize_sev2,resize,2,0.9481399947988618,0.9896907216494846,0.9896907216494846,0.4607227417564838,0.5231690701348602,0.4607227417564838,0.42329103183654976,0.23525472943953368,0.1543181182312603,0.23525472943953368,0.27909321492749645,0.4631568256925291,0.6804123711340206,16.15857263938668,-0.04157642063867181,-0.04157642063867181,0.5619502622903008,0.4068561694824818,0.9854362576072421,0.9064074239241604,0.8761441461817426,0.9064074239241604,0.9234202411459285,1.0,97,0
resnet50,123,437_360,FaceSwap,1,resize_sev3,resize,3,0.9202960728062797,0.9896907216494846,0.9896907216494846,0.44122102927603124,0.5107110616615398,0.44122102927603124,0.40266275250438555,0.22274264543312677,0.14999456495824534,0.22274264543312677,0.2615517754210293,0.4561053906048476,0.7010309278350515,16.033375159981325,-0.07479273243663233,-0.07479273243663233,0.5387154296424586,0.45990329443179456,0.9765888919248761,0.8581902909728331,0.8280725963166864,0.8581902909728331,0.8626740411260402,1.0,97,0
resnet50,123,437_360,NeuralTextures,1,brightening_sev1,brightening,1,0.9173606485992516,0.9587628865979382,0.9587628865979382,0.4061794626899007,0.4601847688897071,0.4061794626899007,0.373372528062318,0.21192204165106204,0.14209972521323352,0.21192204165106204,0.2472248647972207,0.41402149353614,0.5360824742268041,16.083251294401503,-0.07018783161435847,-0.07018783161435847,0.6609557399564644,0.5279673000067934,0.9736820043722384,0.8560071296923724,0.8259907121771738,0.8560071296923724,0.8592768370587386,0.9690721649484536,97,0
resnet50,123,437_360,NeuralTextures,1,brightening_sev2,brightening,2,0.4294721045466524,0.4329896907216495,0.4329896907216495,0.24446269160425158,0.2564876795484835,0.24446269160425158,0.2346095609434157,0.12270055995284163,0.07744696340594914,0.12270055995284163,0.14824530579731787,0.25323585946752314,0.27835051546391754,15.87325512994196,-0.11001016839993061,-0.11001016839993061,0.31628371552761025,0.32294892550556503,0.5866924538230429,0.402375534824352,0.35893760065329705,0.402375534824352,0.4193131274588471,0.44329896907216493,97,0
resnet50,123,437_360,NeuralTextures,1,brightening_sev3,brightening,3,0.12245754028440056,0.061855670103092786,0.061855670103092786,0.1346957512198097,0.1044799935543188,0.1346957512198097,0.15777730004227436,0.06674103458126658,0.031118640537972565,0.06674103458126658,0.09798496308533342,0.1301965912290986,0.041237113402061855,16.038384024629888,0.033690017882072015,0.033690017882072015,0.06974604382142471,0.09628375525917547,0.26505587423852955,0.1399394791900603,0.09111796062752464,0.1399394791900603,0.1807656733315852,0.07216494845360824,97,0
resnet50,123,437_360,NeuralTextures,1,clean,clean,0,0.9543069576095674,0.9896907216494846,0.9896907216494846,0.435647291009256,0.4822647384140077,0.435647291009256,0.406694611337131,0.23067731637133057,0.14950579983381493,0.23067731637133057,0.27551068302519893,0.4344424825822131,0.5876288659793815,16.202627073858203,-0.036987257871738365,-0.036987257871738365,0.6215807524768963,0.4257528526881306,,,,,,,97,0
resnet50,123,437_360,NeuralTextures,1,darkening_sev1,darkening,1,0.9773015594974006,0.9896907216494846,0.9896907216494846,0.45788561159307006,0.5070801944879053,0.45788561159307006,0.4250517162974425,0.2462560410679258,0.1583248553235467,0.2462560410679258,0.2933552838758633,0.45403905586301496,0.5670103092783505,16.23964327389432,-0.021851021604439604,-0.021851021604439604,0.5821268477083481,0.3499445257727633,0.9840416449227626,0.8618784510491431,0.8234018052938575,0.8618784510491431,0.8849757285365186,1.0,97,0
resnet50,123,437_360,NeuralTextures,1,darkening_sev2,darkening,2,0.8646729454090915,0.9278350515463918,0.9278350515463918,0.37990502538969084,0.4265349788866179,0.37990502538969084,0.3528320803733065,0.19548865288181666,0.12997070821418436,0.19548865288181666,0.2316048637592793,0.39308113422982527,0.4948453608247423,16.031017647576085,-0.11095922701444819,-0.11095922701444819,0.48740015128032144,0.3411254847671875,0.93872924654624,0.7881109043163997,0.7415132090306088,0.7881109043163997,0.7974871903130394,0.9381443298969072,97,0
resnet50,123,437_360,NeuralTextures,1,darkening_sev3,darkening,3,0.6347303097856414,0.6701030927835051,0.6701030927835051,0.3497821573250721,0.39161813844004484,0.3497821573250721,0.3198565352888629,0.178763382007566,0.11940882141963287,0.178763382007566,0.2074749560076207,0.36884429449171197,0.4742268041237113,15.979246434477187,-0.14759370963060361,-0.14759370963060361,0.30697091526745524,0.2678229648658295,0.7934626269431413,0.5813256338800687,0.5565998781315327,0.5813256338800687,0.5744344973076726,0.6804123711340206,97,0
resnet50,123,437_360,NeuralTextures,1,jpeg_sev1,jpeg,1,0.9297199481042083,0.979381443298969,0.979381443298969,0.4280280153113091,0.48138167678416094,0.4280280153113091,0.3983813348633716,0.22637608906080006,0.14948236548533045,0.22637608906080006,0.26909522174504097,0.4317152464092706,0.5670103092783505,16.164368373831522,-0.05941020152963617,-0.05941020152963617,0.6168161708592754,0.43536344809054406,0.9894413345821766,0.9134310944377281,0.8851726939537008,0.9134310944377281,0.925962969245409,0.9896907216494846,97,0
resnet50,123,437_360,NeuralTextures,1,jpeg_sev2,jpeg,2,0.6495604176727152,0.7319587628865979,0.7319587628865979,0.33880960218907435,0.38438436779156354,0.33880960218907435,0.3161710871335797,0.1719102553221856,0.11664658337041088,0.1719102553221856,0.20369626207828082,0.35690743329287594,0.422680412371134,15.99237070378569,-0.22885775882942772,-0.22885775882942772,0.4513044332432532,0.32983274204829305,0.8361019187282547,0.660590209651952,0.615010675719861,0.660590209651952,0.6705614288719091,0.7422680412371134,97,0
resnet50,123,437_360,NeuralTextures,1,jpeg_sev3,jpeg,3,0.0014151174259448341,0.0,0.0,0.1308699048522101,0.11147857641412091,0.1308699048522101,0.1325363974197775,0.06297488500504932,0.03385682011573755,0.06297488500504932,0.07871003719017922,0.12229912763573984,0.041237113402061855,16.326010841684244,-0.001110408972851576,-0.001110408972851576,0.00040060623331618876,-0.0024214443567955163,0.05068779840733464,0.009211567362795397,0.0025924982230044794,0.009211567362795397,0.03894190111889292,0.010309278350515464,97,0
resnet50,123,437_360,NeuralTextures,1,resize_sev1,resize,1,0.9491099846578136,0.9896907216494846,0.9896907216494846,0.43644883623852937,0.48547023733170735,0.43644883623852937,0.40750392224605014,0.23161058843939666,0.15083882135992904,0.23161058843939666,0.2766664719944061,0.43726007589587174,0.5670103092783505,16.18463206536991,-0.03913239927328734,-0.03913239927328734,0.5870606160348224,0.41463423113233033,0.9949103657849481,0.9231775398656342,0.9073799330903943,0.9231775398656342,0.9359398947574133,1.0,97,0
resnet50,123,437_360,NeuralTextures,1,resize_sev2,resize,2,0.9481399947988618,0.9896907216494846,0.9896907216494846,0.4365063175501105,0.48882738188979785,0.4365063175501105,0.4057827228967072,0.23186021735329182,0.15193221234856702,0.23186021735329182,0.275593309881433,0.4397613069593124,0.5979381443298969,16.15857263938668,-0.04157642063867181,-0.04157642063867181,0.5619502622903008,0.4068561694824818,0.9854362576072421,0.9064074239241604,0.8761441461817426,0.9064074239241604,0.9234202411459285,1.0,97,0
resnet50,123,437_360,NeuralTextures,1,resize_sev3,resize,3,0.9202960728062797,0.9896907216494846,0.9896907216494846,0.41995968837352415,0.4779169372788871,0.41995968837352415,0.38683710569356183,0.22076051272752487,0.14786857219886984,0.22076051272752487,0.2588892983029831,0.43354714883930645,0.5773195876288659,16.033375159981325,-0.07479273243663233,-0.07479273243663233,0.5387154296424586,0.45990329443179456,0.9765888919248761,0.8581902909728331,0.8280725963166864,0.8581902909728331,0.8626740411260402,1.0,97,0
resnet50,123,456,Original,0,brightening_sev1,brightening,1,0.10323548254545079,0.05921052631578947,0.9407894736842105,,,,,,,,,,,,,,,,,,,,,0.9605263157894737,152,0
resnet50,123,456,Original,0,brightening_sev2,brightening,2,0.15336946499940635,0.125,0.875,,,,,,,,,,,,,,,,,,,,,0.9078947368421053,152,0
resnet50,123,456,Original,0,brightening_sev3,brightening,3,0.15090070082657658,0.1118421052631579,0.8881578947368421,,,,,,,,,,,,,,,,,,,,,0.9210526315789473,152,0
resnet50,123,456,Original,0,clean,clean,0,0.07345098403847686,0.03289473684210526,0.9671052631578947,,,,,,,,,,,,,,,,,,,,,,152,0
resnet50,123,456,Original,0,darkening_sev1,darkening,1,0.023497247522563543,0.0,1.0,,,,,,,,,,,,,,,,,,,,,0.9671052631578947,152,0
resnet50,123,456,Original,0,darkening_sev2,darkening,2,0.04069808111250347,0.0,1.0,,,,,,,,,,,,,,,,,,,,,0.9671052631578947,152,0
resnet50,123,456,Original,0,darkening_sev3,darkening,3,0.1775347551049076,0.0,1.0,,,,,,,,,,,,,,,,,,,,,0.9671052631578947,152,0
resnet50,123,456,Original,0,jpeg_sev1,jpeg,1,0.039821648751776066,0.013157894736842105,0.9868421052631579,,,,,,,,,,,,,,,,,,,,,0.9802631578947368,152,0
resnet50,123,456,Original,0,jpeg_sev2,jpeg,2,0.011893182299612962,0.006578947368421052,0.993421052631579,,,,,,,,,,,,,,,,,,,,,0.9736842105263158,152,0
resnet50,123,456,Original,0,jpeg_sev3,jpeg,3,0.031179462202616283,0.0,1.0,,,,,,,,,,,,,,,,,,,,,0.9671052631578947,152,0
resnet50,123,456,Original,0,resize_sev1,resize,1,0.547001766984498,0.5723684210526315,0.4276315789473684,,,,,,,,,,,,,,,,,,,,,0.4605263157894737,152,0
resnet50,123,456,Original,0,resize_sev2,resize,2,0.6918592406191716,0.6973684210526315,0.3026315789473684,,,,,,,,,,,,,,,,,,,,,0.3355263157894737,152,0
resnet50,123,456,Original,0,resize_sev3,resize,3,0.6347018363150326,0.7105263157894737,0.2894736842105263,,,,,,,,,,,,,,,,,,,,,0.3223684210526316,152,0
resnet50,123,456_435,Deepfakes,1,brightening_sev1,brightening,1,0.9436338591928545,0.9736842105263158,0.9736842105263158,0.2660711204417538,0.3154232281251194,0.2660711204417538,0.2291276259938377,0.18617526131446324,0.13108942159840373,0.18617526131446324,0.19672609088019383,0.27250362576885884,0.3684210526315789,13.06011974811554,0.015010635221475058,0.015010635221475058,0.5587904220937114,0.5788335732772554,0.9772366393772693,0.8655432674935973,0.8485781390286649,0.8655432674935973,0.8729473844618446,0.9671052631578947,152,0
resnet50,123,456_435,Deepfakes,1,brightening_sev2,brightening,2,0.9426059477815503,0.9736842105263158,0.9736842105263158,0.2694296214439622,0.3177963361411312,0.2694296214439622,0.23109015950165462,0.18911013044099037,0.1321937519202737,0.18911013044099037,0.1983336233600601,0.2797645356956602,0.3684210526315789,12.964105486869812,0.03094015544966648,0.03094015544966648,0.5335610044727984,0.6516977991957805,0.9645149480512937,0.8289489768266941,0.8125359259677125,0.8289489768266941,0.8381951207113681,0.9671052631578947,152,0
resnet50,123,456_435,Deepfakes,1,brightening_sev3,brightening,3,0.8961835362409291,0.9407894736842105,0.9407894736842105,0.2506174323120202,0.29536037448293456,0.2506174323120202,0.21498626473003257,0.17397386550408575,0.12186338229192185,0.17397386550408575,0.18201988050162862,0.2682094241308473,0.32894736842105265,12.837850476566114,0.04656318022477392,0.04656318022477392,0.48973557573596116,0.7087979060230091,0.9368723802756507,0.7903606870611771,0.7768416962434501,0.7903606870611771,0.7962004171124941,0.9473684210526315,152,0
resnet50,123,456_435,Deepfakes,1,clean,clean,0,0.916995504184773,0.9539473684210527,0.9539473684210527,0.2566390777879869,0.305243232430403,0.2566390777879869,0.22137140418745535,0.17773374637315073,0.1259405390179301,0.17773374637315073,0.18787328431318753,0.26450875836285015,0.3618421052631579,13.033599514710275,0.05835152525258692,0.05835152525258692,0.5916628440547931,0.4871696201520727,,,,,,,152,0
resnet50,123,456_435,Deepfakes,1,darkening_sev1,darkening,1,0.7368391634847381,0.75,0.75,0.20646864695690326,0.24625859383369378,0.20646864695690326,0.17753842996543187,0.13835137981912057,0.10061665472204502,0.13835137981912057,0.14469500778146654,0.2106965006121453,0.2565789473684211,12.974998618427076,0.19141824635995647,0.19141824635995647,0.5020032093284259,0.38067143654303726,0.8771886789569779,0.7072995073597343,0.683496194618228,0.7072995073597343,0.7329471234632539,0.7960526315789473,152,0
resnet50,123,456_435,Deepfakes,1,darkening_sev2,darkening,2,0.5436132883064841,0.4934210526315789,0.4934210526315789,0.1019080693970597,0.10686480544864753,0.1019080693970597,0.0946488322117733,0.06287752002667835,0.0413696529581633,0.06287752002667835,0.07007265770671393,0.10124970173254676,0.09210526315789473,13.058843399349012,0.19260567552900235,0.19260567552900235,0.33133591256888684,0.1872827658846386,0.6547031222109151,0.4636236084718146,0.43484539154788154,0.4636236084718146,0.48936020992549095,0.5394736842105263,152,0
resnet50,123,456_435,Deepfakes,1,darkening_sev3,darkening,3,0.44000849902237715,0.25,0.25,0.0880531608790558,0.08955874059737526,0.0880531608790558,0.08366915165948126,0.05183171173524571,0.03307982827280504,0.05183171173524571,0.06026857303876195,0.08176880714795799,0.06578947368421052,13.442548444396571,0.08464226175687814,0.08464226175687814,0.12862310460523552,0.06288906392690381,0.4331371702441065,0.2741996254206026,0.2283682962285598,0.2741996254206026,0.31493827661608936,0.29605263157894735,152,0
resnet50,123,456_435,Deepfakes,1,jpeg_sev1,jpeg,1,0.6842070131342074,0.6973684210526315,0.6973684210526315,0.2113759691373896,0.24597717510169262,0.2113759691373896,0.18141606590340242,0.14401401770658762,0.10074481417168042,0.14401401770658762,0.1499560856519189,0.21594333391897755,0.26973684210526316,12.990026781433507,0.05398256043094749,0.05398256043094749,0.4719486434478313,0.41598185277574595,0.8138504757762949,0.6400105720484199,0.602654027485314,0.6400105720484199,0.6641195507916954,0.743421052631579,152,0
resnet50,123,456_435,Deepfakes,1,jpeg_sev2,jpeg,2,0.1119759796320546,0.05921052631578947,0.05921052631578947,0.029932729414808436,0.030569472361035455,0.029932729414808436,0.027061177913672976,0.016476095879727634,0.010694535386929233,0.016476095879727634,0.01770309957175353,0.029820339574731965,0.039473684210526314,13.32166100175757,0.004829018132448626,0.004829018132448626,0.02786678260676317,0.04350858538007167,0.16906375674601523,0.08929387024472951,0.060751551630420245,0.08929387024472951,0.12525487252364018,0.10526315789473684,152,0
resnet50,123,456_435,Deepfakes,1,jpeg_sev3,jpeg,3,0.05797079712838715,0.0,0.0,0.013374946849426762,0.013224224428278995,0.013374946849426762,0.014252731261962031,0.006606457380663184,0.0042830074026701335,0.006606457380663184,0.008535698194219489,0.01500450669336687,0.006578947368421052,13.31056555321342,-0.001900278007317522,-0.001900278007317522,-0.020628697618744075,0.0010506112073352056,0.05850187927605805,0.021533565177516915,0.0037026983650400454,0.021533565177516915,0.05081747225608848,0.046052631578947366,152,0
resnet50,123,456_435,Deepfakes,1,resize_sev1,resize,1,0.9731811963413891,1.0,1.0,0.26570351585613516,0.31241710268791734,0.26570351585613516,0.23044673582694788,0.18299030543628583,0.12867117614474233,0.18299030543628583,0.19607747087671148,0.2695402576871045,0.375,13.084957700026663,0.02632029217324756,0.02632029217324756,0.5442185053895963,0.40208857016343813,0.9541581629972655,0.8116109764927176,0.7961337786837435,0.8116109764927176,0.8309803796386128,0.9539473684210527,152,0
resnet50,123,456_435,Deepfakes,1,resize_sev2,resize,2,0.9745454137262545,0.993421052631579,0.993421052631579,0.25321441100001446,0.29866283957760725,0.25321441100001446,0.22106345412491518,0.1707595291228642,0.12121483027003171,0.1707595291228642,0.18459321522272182,0.25649437348320364,0.35526315789473684,13.090684966037148,0.01758612261006704,0.01758612261006704,0.5008007842851313,0.39820874286325353,0.9446116101826126,0.7889261293843007,0.7756272786690929,0.7889261293843007,0.8116012307351452,0.9473684210526315,152,0
resnet50,123,456_435,Deepfakes,1,resize_sev3,resize,3,0.8793594295060948,0.9276315789473685,0.9276315789473685,0.26259593077483223,0.31095770269756334,0.26259593077483223,0.22606981436251247,0.1818958768624839,0.12882631008203566,0.1818958768624839,0.19292868128285726,0.26787857797811515,0.3815789473684211,12.968639957277398,0.03256426163409885,0.03256426163409885,0.5110806165949294,0.43424680152613865,0.9034657512361086,0.7025755218388049,0.6990037361382457,0.7025755218388049,0.708675574660541,0.9078947368421053,152,0
resnet50,123,456_435,Face2Face,1,brightening_sev1,brightening,1,0.9635214332272025,0.9831932773109243,0.9831932773109243,0.18517009615420624,0.22593362692186583,0.18517009615420624,0.15758762725539577,0.10963378866036465,0.07681322504559593,0.10963378866036465,0.11865016383238608,0.19147614964281875,0.2605042016806723,13.068341864257299,0.0037940605347897985,0.0037940605347897985,0.5536038811091616,0.580773272903777,0.9750478817565252,0.8612884395913099,0.8474455377186405,0.8612884395913099,0.8750073690501454,0.957983193277311,119,0
resnet50,123,456_435,Face2Face,1,brightening_sev2,brightening,2,0.9670673451002907,0.9915966386554622,0.9915966386554622,0.18303543204448708,0.22262518727469718,0.18303543204448708,0.15714945051382898,0.10773267175093344,0.07540892829473775,0.10773267175093344,0.11802841307642487,0.19137512951900948,0.2605042016806723,12.987252443778415,0.0180279111661831,0.0180279111661831,0.532948158430953,0.6536700983508295,0.9621313237390516,0.8266793477863313,0.8129716731655945,0.8266793477863313,0.8462390596373989,0.9663865546218487,119,0
resnet50,123,456_435,Face2Face,1,brightening_sev3,brightening,3,0.96430463913609,0.9831932773109243,0.9831932773109243,0.18222439451466904,0.2226012430720985,0.18222439451466904,0.15655629433090418,0.1070950692685351,0.07537808273067333,0.1070950692685351,0.11751200910076079,0.19409635750689308,0.2605042016806723,12.876959640438818,0.028214190483969805,0.028214190483969805,0.5305293377707986,0.7507959515983317,0.9594382830766133,0.8198810467588025,0.8088989420458241,0.8198810467588025,0.8344485035621146,0.9747899159663865,119,0
resnet50,123,456_435,Face2Face,1,clean,clean,0,0.9343860004128528,0.957983193277311,0.957983193277311,0.1765302659117072,0.22075042166477085,0.1765302659117072,0.1508459784991849,0.10270747679211258,0.07464803059014023,0.10270747679211258,0.11159261500370038,0.18760236237071432,0.2605042016806723,13.03374044434363,0.05442323905079305,0.05442323905079305,0.5851722802309429,0.4814875759653935,,,,,,,119,0
resnet50,123,456_435,Face2Face,1,darkening_sev1,darkening,1,0.7679635759975229,0.7983193277310925,0.7983193277310925,0.13624686654965698,0.17005732279182498,0.13624686654965698,0.11981418684499512,0.07517057890381838,0.05575859348636366,0.07517057890381838,0.08414000125226007,0.1508668912277221,0.21008403361344538,12.936672378988828,0.17949457985482042,0.17949457985482042,0.5184309506444496,0.4146960993618274,0.8885770944146141,0.721383258150967,0.6980557757338374,0.721383258150967,0.7522059618875745,0.8403361344537815,119,0
resnet50,123,456_435,Face2Face,1,darkening_sev2,darkening,2,0.5870535041229064,0.5882352941176471,0.5882352941176471,0.09418364340583821,0.11567328444202728,0.09418364340583821,0.0822943261905538,0.05032868522101801,0.037388628623390846,0.05032868522101801,0.05485581857147463,0.1042680741672033,0.15966386554621848,12.951803207397461,0.23344131100515855,0.23344131100515855,0.37517908002649036,0.24171101985921878,0.7338629778833957,0.5305865177248565,0.5078285597491445,0.5305865177248565,0.5462704346367364,0.6302521008403361,119,0
resnet50,123,456_435,Face2Face,1,darkening_sev3,darkening,3,0.471523576799561,0.31092436974789917,0.31092436974789917,0.07827117953245369,0.08831494590766245,0.07827117953245369,0.07401217630589463,0.04193685032150578,0.028501371306976442,0.04193685032150578,0.04966877425023056,0.08327913357945727,0.1092436974789916,13.387072202538242,0.11924240756936433,0.11924240756936433,0.15534063459945324,0.08898250883867759,0.5054240430591175,0.3253211607182979,0.27897808260511753,0.3253211607182979,0.359198724299473,0.35294117647058826,119,0
resnet50,123,456_435,Face2Face,1,jpeg_sev1,jpeg,1,0.6966999865160519,0.6974789915966386,0.6974789915966386,0.13677086335927832,0.17045769063073135,0.13677086335927832,0.11744527561500984,0.07588710635669411,0.05592596091561817,0.07588710635669411,0.08256787479592584,0.1496409322328952,0.21008403361344538,12.9632610673664,0.05084490445012055,0.05084490445012055,0.4803403686544224,0.4354192498042209,0.8100965262564422,0.6358863298488278,0.6004020900063068,0.6358863298488278,0.6662336725974786,0.7394957983193278,119,0
resnet50,123,456_435,Face2Face,1,jpeg_sev2,jpeg,2,0.11984013870824124,0.07563025210084033,0.07563025210084033,0.04296472649831317,0.04751037255795212,0.04296472649831317,0.03741866593539401,0.020797498805447647,0.014124070316800713,0.020797498805447647,0.022182855564070857,0.04132650632274106,0.03361344537815126,13.27652706018015,-0.0012598125344267578,-0.0012598125344267578,0.03411138617480565,0.04991367900305811,0.19650506078093688,0.10777738347907725,0.0764636455987431,0.10777738347907725,0.14239766437829712,0.11764705882352941,119,0
resnet50,123,456_435,Face2Face,1,jpeg_sev3,jpeg,3,0.04530909004769903,0.0,0.0,0.017057102318849948,0.018148233929247786,0.017057102318849948,0.016936564679844883,0.0073948939217921,0.004903814280098211,0.0073948939217921,0.009156637250099598,0.01793632099881064,0.008403361344537815,13.29401760742444,-0.005400833352899337,-0.005400833352899337,-0.020901814478786036,-0.0010672772671056895,0.062134243601816505,0.023655176657474315,0.004064063439693627,0.023655176657474315,0.05269125698919257,0.04201680672268908,119,0
resnet50,123,456_435,Face2Face,1,resize_sev1,resize,1,0.9928762952820593,1.0,1.0,0.19432912173623462,0.2314389077697095,0.19432912173623462,0.16371621352475516,0.11711483869859507,0.07921935926330406,0.11711483869859507,0.12515574380600794,0.19469450265369342,0.2605042016806723,13.09363983058128,0.019584790748708353,0.019584790748708353,0.5453492761159143,0.3974833561091864,0.9573545121539294,0.8133308945443646,0.8085095947028611,0.8133308945443646,0.8398987700571646,0.957983193277311,119,0
resnet50,123,456_435,Face2Face,1,resize_sev2,resize,2,0.9920731021576569,1.0,1.0,0.19240340654458893,0.22974799016894326,0.19240340654458893,0.16241872205513624,0.11551145073162919,0.07848166846310568,0.11551145073162919,0.12372825222554737,0.1922839496716407,0.2605042016806723,13.092190566183138,0.013363115426872928,0.013363115426872928,0.5020370900380511,0.3979071155816567,0.9536752441242667,0.7997324117664928,0.7991310195073302,0.7997324117664928,0.827878644896707,0.957983193277311,119,0
resnet50,123,456_435,Face2Face,1,resize_sev3,resize,3,0.9472442464668209,1.0,1.0,0.19990915940075565,0.23347189972132426,0.19990915940075565,0.17376678522530403,0.12219691159164409,0.08016107718814534,0.12219691159164409,0.13709422595830395,0.20441879407269184,0.2605042016806723,12.927499210133272,0.04722231851906334,0.04722231851906334,0.5688954649352226,0.48763029089494914,0.9306971677368887,0.72836086537732,0.7359173157084955,0.72836086537732,0.7388219284950609,0.957983193277311,119,0
resnet50,123,456_435,FaceSwap,1,brightening_sev1,brightening,1,0.9635214332272025,0.9831932773109243,0.9831932773109243,0.12942331047749192,0.16031302684698323,0.12942331047749192,0.11182326517891938,0.07809009746694454,0.05933727581106682,0.07809009746694454,0.08338727695205057,0.13712523192974785,0.19327731092436976,13.068341864257299,0.0037940605347897985,0.0037940605347897985,0.5536038811091616,0.580773272903777,0.9750478817565252,0.8612884395913099,0.8474455377186405,0.8612884395913099,0.8750073690501454,0.957983193277311,119,0
resnet50,123,456_435,FaceSwap,1,brightening_sev2,brightening,2,0.9670673451002907,0.9915966386554622,0.9915966386554622,0.12853163879449928,0.15679764001209767,0.12853163879449928,0.11255979921014271,0.07719808749249503,0.05775744689471529,0.07719808749249503,0.08394523003198988,0.1362366803824517,0.19327731092436976,12.987252443778415,0.0180279111661831,0.0180279111661831,0.532948158430953,0.6536700983508295,0.9621313237390516,0.8266793477863313,0.8129716731655945,0.8266793477863313,0.8462390596373989,0.9663865546218487,119,0
resnet50,123,456_435,FaceSwap,1,brightening_sev3,brightening,3,0.96430463913609,0.9831932773109243,0.9831932773109243,0.1279576324519244,0.15603177760631026,0.1279576324519244,0.11141947523636347,0.07694199719063578,0.05743228621137168,0.07694199719063578,0.0829486427394599,0.138125886899189,0.226890756302521,12.876959640438818,0.028214190483969805,0.028214190483969805,0.5305293377707986,0.7507959515983317,0.9594382830766133,0.8198810467588025,0.8088989420458241,0.8198810467588025,0.8344485035621146,0.9747899159663865,119,0
resnet50,123,456_435,FaceSwap,1,clean,clean,0,0.9343860004128528,0.957983193277311,0.957983193277311,0.122810225525915,0.15413287923007848,0.122810225525915,0.1071289800770212,0.07323303649611015,0.05668890115625733,0.07323303649611015,0.07895643750597674,0.1332379266691027,0.20168067226890757,13.03374044434363,0.05442323905079305,0.05442323905079305,0.5851722802309429,0.4814875759653935,,,,,,,119,0
resnet50,123,456_435,FaceSwap,1,darkening_sev1,darkening,1,0.7679635759975229,0.7983193277310925,0.7983193277310925,0.09546526797307293,0.1073108842491598,0.09546526797307293,0.08968532425923299,0.05490763887810249,0.03848382611218668,0.05490763887810249,0.06439212082269975,0.10025624702744941,0.12605042016806722,12.936672378988828,0.17949457985482042,0.17949457985482042,0.5184309506444496,0.4146960993618274,0.8885770944146141,0.721383258150967,0.6980557757338374,0.721383258150967,0.7522059618875745,0.8403361344537815,119,0
resnet50,123,456_435,FaceSwap,1,darkening_sev2,darkening,2,0.5870535041229064,0.5882352941176471,0.5882352941176471,0.07479963952120754,0.08474761268057958,0.07479963952120754,0.06951124717333394,0.0418854644894814,0.029798240615291544,0.0418854644894814,0.048142797519879925,0.07930961420036627,0.12605042016806722,12.951803207397461,0.23344131100515855,0.23344131100515855,0.37517908002649036,0.24171101985921878,0.7338629778833957,0.5305865177248565,0.5078285597491445,0.5305865177248565,0.5462704346367364,0.6302521008403361,119,0
resnet50,123,456_435,FaceSwap,1,darkening_sev3,darkening,3,0.471523576799561,0.31092436974789917,0.31092436974789917,0.05735730783446031,0.06180078994709866,0.05735730783446031,0.056440528778645416,0.032674855273505825,0.022190447906623445,0.032674855273505825,0.03910893239897634,0.06243913722920151,0.08403361344537816,13.387072202538242,0.11924240756936433,0.11924240756936433,0.15534063459945324,0.08898250883867759,0.5054240430591175,0.3253211607182979,0.27897808260511753,0.3253211607182979,0.359198724299473,0.35294117647058826,119,0
resnet50,123,456_435,FaceSwap,1,jpeg_sev1,jpeg,1,0.6966999865160519,0.6974789915966386,0.6974789915966386,0.09713334835416615,0.11500028434997178,0.09713334835416615,0.0863207218688026,0.05592636120647514,0.0413452258954407,0.05592636120647514,0.061257108942191864,0.1031398520870812,0.18487394957983194,12.9632610673664,0.05084490445012055,0.05084490445012055,0.4803403686544224,0.4354192498042209,0.8100965262564422,0.6358863298488278,0.6004020900063068,0.6358863298488278,0.6662336725974786,0.7394957983193278,119,0
resnet50,123,456_435,FaceSwap,1,jpeg_sev2,jpeg,2,0.11984013870824124,0.07563025210084033,0.07563025210084033,0.04748339731088876,0.0556095756031118,0.04748339731088876,0.04038348619706073,0.025139951131522533,0.018771594154381677,0.025139951131522533,0.025791198093404254,0.04525518489955408,0.08403361344537816,13.27652706018015,-0.0012598125344267578,-0.0012598125344267578,0.03411138617480565,0.04991367900305811,0.19650506078093688,0.10777738347907725,0.0764636455987431,0.10777738347907725,0.14239766437829712,0.11764705882352941,119,0
resnet50,123,456_435,FaceSwap,1,jpeg_sev3,jpeg,3,0.04530909004769903,0.0,0.0,0.015645026692528825,0.016378843786851945,0.015645026692528825,0.016431248223455746,0.007599883994923353,0.00516103129090946,0.007599883994923353,0.009746844892492936,0.018444601375370337,0.01680672268907563,13.29401760742444,-0.005400833352899337,-0.005400833352899337,-0.020901814478786036,-0.0010672772671056895,0.062134243601816505,0.023655176657474315,0.004064063439693627,0.023655176657474315,0.05269125698919257,0.04201680672268908,119,0
resnet50,123,456_435,FaceSwap,1,resize_sev1,resize,1,0.9928762952820593,1.0,1.0,0.13811159408530685,0.16656497769980497,0.13811159408530685,0.11684086578153102,0.08464730315687727,0.06209507198146107,0.08464730315687727,0.0880834267878333,0.1404101402958426,0.20168067226890757,13.09363983058128,0.019584790748708353,0.019584790748708353,0.5453492761159143,0.3974833561091864,0.9573545121539294,0.8133308945443646,0.8085095947028611,0.8133308945443646,0.8398987700571646,0.957983193277311,119,0
resnet50,123,456_435,FaceSwap,1,resize_sev2,resize,2,0.9920731021576569,1.0,1.0,0.1362640633708819,0.16407221765139782,0.1362640633708819,0.11546313588941513,0.08319466103772484,0.06095902372376318,0.08319466103772484,0.08672714290381714,0.13786821860049106,0.19327731092436976,13.092190566183138,0.013363115426872928,0.013363115426872928,0.5020370900380511,0.3979071155816567,0.9536752441242667,0.7997324117664928,0.7991310195073302,0.7997324117664928,0.827878644896707,0.957983193277311,119,0
resnet50,123,456_435,FaceSwap,1,resize_sev3,resize,3,0.9472442464668209,1.0,1.0,0.1439904320252353,0.16960436163366885,0.1439904320252353,0.125163180663302,0.0895356117955203,0.0635629140214409,0.0895356117955203,0.09677894428011653,0.1496525077582065,0.19327731092436976,12.927499210133272,0.04722231851906334,0.04722231851906334,0.5688954649352226,0.48763029089494914,0.9306971677368887,0.72836086537732,0.7359173157084955,0.72836086537732,0.7388219284950609,0.957983193277311,119,0
resnet50,123,456_435,NeuralTextures,1,brightening_sev1,brightening,1,0.9635214332272025,0.9831932773109243,0.9831932773109243,0.18517009615420624,0.22593362692186583,0.18517009615420624,0.15758762725539577,0.10963378866036465,0.07681322504559593,0.10963378866036465,0.11865016383238608,0.19147614964281875,0.2605042016806723,13.068341864257299,0.0037940605347897985,0.0037940605347897985,0.5536038811091616,0.580773272903777,0.9750478817565252,0.8612884395913099,0.8474455377186405,0.8612884395913099,0.8750073690501454,0.957983193277311,119,0
resnet50,123,456_435,NeuralTextures,1,brightening_sev2,brightening,2,0.9670673451002907,0.9915966386554622,0.9915966386554622,0.18303543204448708,0.22262518727469718,0.18303543204448708,0.15714945051382898,0.10773267175093344,0.07540892829473775,0.10773267175093344,0.11802841307642487,0.19137512951900948,0.2605042016806723,12.987252443778415,0.0180279111661831,0.0180279111661831,0.532948158430953,0.6536700983508295,0.9621313237390516,0.8266793477863313,0.8129716731655945,0.8266793477863313,0.8462390596373989,0.9663865546218487,119,0
resnet50,123,456_435,NeuralTextures,1,brightening_sev3,brightening,3,0.96430463913609,0.9831932773109243,0.9831932773109243,0.18222439451466904,0.2226012430720985,0.18222439451466904,0.15655629433090418,0.1070950692685351,0.07537808273067333,0.1070950692685351,0.11751200910076079,0.19409635750689308,0.2605042016806723,12.876959640438818,0.028214190483969805,0.028214190483969805,0.5305293377707986,0.7507959515983317,0.9594382830766133,0.8198810467588025,0.8088989420458241,0.8198810467588025,0.8344485035621146,0.9747899159663865,119,0
resnet50,123,456_435,NeuralTextures,1,clean,clean,0,0.9343860004128528,0.957983193277311,0.957983193277311,0.1765302659117072,0.22075042166477085,0.1765302659117072,0.1508459784991849,0.10270747679211258,0.07464803059014023,0.10270747679211258,0.11159261500370038,0.18760236237071432,0.2605042016806723,13.03374044434363,0.05442323905079305,0.05442323905079305,0.5851722802309429,0.4814875759653935,,,,,,,119,0
resnet50,123,456_435,NeuralTextures,1,darkening_sev1,darkening,1,0.7679635759975229,0.7983193277310925,0.7983193277310925,0.13624686654965698,0.17005732279182498,0.13624686654965698,0.11981418684499512,0.07517057890381838,0.05575859348636366,0.07517057890381838,0.08414000125226007,0.1508668912277221,0.21008403361344538,12.936672378988828,0.17949457985482042,0.17949457985482042,0.5184309506444496,0.4146960993618274,0.8885770944146141,0.721383258150967,0.6980557757338374,0.721383258150967,0.7522059618875745,0.8403361344537815,119,0
resnet50,123,456_435,NeuralTextures,1,darkening_sev2,darkening,2,0.5870535041229064,0.5882352941176471,0.5882352941176471,0.09418364340583821,0.11567328444202728,0.09418364340583821,0.0822943261905538,0.05032868522101801,0.037388628623390846,0.05032868522101801,0.05485581857147463,0.1042680741672033,0.15966386554621848,12.951803207397461,0.23344131100515855,0.23344131100515855,0.37517908002649036,0.24171101985921878,0.7338629778833957,0.5305865177248565,0.5078285597491445,0.5305865177248565,0.5462704346367364,0.6302521008403361,119,0
resnet50,123,456_435,NeuralTextures,1,darkening_sev3,darkening,3,0.471523576799561,0.31092436974789917,0.31092436974789917,0.07827117953245369,0.08831494590766245,0.07827117953245369,0.07401217630589463,0.04193685032150578,0.028501371306976442,0.04193685032150578,0.04966877425023056,0.08327913357945727,0.1092436974789916,13.387072202538242,0.11924240756936433,0.11924240756936433,0.15534063459945324,0.08898250883867759,0.5054240430591175,0.3253211607182979,0.27897808260511753,0.3253211607182979,0.359198724299473,0.35294117647058826,119,0
resnet50,123,456_435,NeuralTextures,1,jpeg_sev1,jpeg,1,0.6966999865160519,0.6974789915966386,0.6974789915966386,0.13677086335927832,0.17045769063073135,0.13677086335927832,0.11744527561500984,0.07588710635669411,0.05592596091561817,0.07588710635669411,0.08256787479592584,0.1496409322328952,0.21008403361344538,12.9632610673664,0.05084490445012055,0.05084490445012055,0.4803403686544224,0.4354192498042209,0.8100965262564422,0.6358863298488278,0.6004020900063068,0.6358863298488278,0.6662336725974786,0.7394957983193278,119,0
resnet50,123,456_435,NeuralTextures,1,jpeg_sev2,jpeg,2,0.11984013870824124,0.07563025210084033,0.07563025210084033,0.04296472649831317,0.04751037255795212,0.04296472649831317,0.03741866593539401,0.020797498805447647,0.014124070316800713,0.020797498805447647,0.022182855564070857,0.04132650632274106,0.03361344537815126,13.27652706018015,-0.0012598125344267578,-0.0012598125344267578,0.03411138617480565,0.04991367900305811,0.19650506078093688,0.10777738347907725,0.0764636455987431,0.10777738347907725,0.14239766437829712,0.11764705882352941,119,0
resnet50,123,456_435,NeuralTextures,1,jpeg_sev3,jpeg,3,0.04530909004769903,0.0,0.0,0.017057102318849948,0.018148233929247786,0.017057102318849948,0.016936564679844883,0.0073948939217921,0.004903814280098211,0.0073948939217921,0.009156637250099598,0.01793632099881064,0.008403361344537815,13.29401760742444,-0.005400833352899337,-0.005400833352899337,-0.020901814478786036,-0.0010672772671056895,0.062134243601816505,0.023655176657474315,0.004064063439693627,0.023655176657474315,0.05269125698919257,0.04201680672268908,119,0
resnet50,123,456_435,NeuralTextures,1,resize_sev1,resize,1,0.9928762952820593,1.0,1.0,0.19432912173623462,0.2314389077697095,0.19432912173623462,0.16371621352475516,0.11711483869859507,0.07921935926330406,0.11711483869859507,0.12515574380600794,0.19469450265369342,0.2605042016806723,13.09363983058128,0.019584790748708353,0.019584790748708353,0.5453492761159143,0.3974833561091864,0.9573545121539294,0.8133308945443646,0.8085095947028611,0.8133308945443646,0.8398987700571646,0.957983193277311,119,0
resnet50,123,456_435,NeuralTextures,1,resize_sev2,resize,2,0.9920731021576569,1.0,1.0,0.19240340654458893,0.22974799016894326,0.19240340654458893,0.16241872205513624,0.11551145073162919,0.07848166846310568,0.11551145073162919,0.12372825222554737,0.1922839496716407,0.2605042016806723,13.092190566183138,0.013363115426872928,0.013363115426872928,0.5020370900380511,0.3979071155816567,0.9536752441242667,0.7997324117664928,0.7991310195073302,0.7997324117664928,0.827878644896707,0.957983193277311,119,0
resnet50,123,456_435,NeuralTextures,1,resize_sev3,resize,3,0.9472442464668209,1.0,1.0,0.19990915940075565,0.23347189972132426,0.19990915940075565,0.17376678522530403,0.12219691159164409,0.08016107718814534,0.12219691159164409,0.13709422595830395,0.20441879407269184,0.2605042016806723,12.927499210133272,0.04722231851906334,0.04722231851906334,0.5688954649352226,0.48763029089494914,0.9306971677368887,0.72836086537732,0.7359173157084955,0.72836086537732,0.7388219284950609,0.957983193277311,119,0
resnet50,123,607,Original,0,brightening_sev1,brightening,1,0.6922671792277119,0.7368421052631579,0.2631578947368421,,,,,,,,,,,,,,,,,,,,,0.8771929824561403,114,0
resnet50,123,607,Original,0,brightening_sev2,brightening,2,0.5994061228672141,0.6578947368421053,0.34210526315789475,,,,,,,,,,,,,,,,,,,,,0.7631578947368421,114,0
resnet50,123,607,Original,0,brightening_sev3,brightening,3,0.6066052045901877,0.631578947368421,0.3684210526315789,,,,,,,,,,,,,,,,,,,,,0.7192982456140351,114,0
resnet50,123,607,Original,0,clean,clean,0,0.7601809880385796,0.8245614035087719,0.17543859649122806,,,,,,,,,,,,,,,,,,,,,,114,0
resnet50,123,607,Original,0,darkening_sev1,darkening,1,0.7043872405039636,0.8157894736842105,0.18421052631578946,,,,,,,,,,,,,,,,,,,,,0.868421052631579,114,0
resnet50,123,607,Original,0,darkening_sev2,darkening,2,0.44729192535343926,0.3684210526315789,0.631578947368421,,,,,,,,,,,,,,,,,,,,,0.49122807017543857,114,0
resnet50,123,607,Original,0,darkening_sev3,darkening,3,0.12632012653180902,0.0,1.0,,,,,,,,,,,,,,,,,,,,,0.17543859649122806,114,0
resnet50,123,607,Original,0,jpeg_sev1,jpeg,1,0.7751462849739351,0.8508771929824561,0.14912280701754385,,,,,,,,,,,,,,,,,,,,,0.9210526315789473,114,0
resnet50,123,607,Original,0,jpeg_sev2,jpeg,2,0.7829093368593276,0.868421052631579,0.13157894736842105,,,,,,,,,,,,,,,,,,,,,0.8508771929824561,114,0
resnet50,123,607,Original,0,jpeg_sev3,jpeg,3,0.07226287528286324,0.008771929824561403,0.9912280701754386,,,,,,,,,,,,,,,,,,,,,0.18421052631578946,114,0
resnet50,123,607,Original,0,resize_sev1,resize,1,0.7871949895562833,0.8508771929824561,0.14912280701754385,,,,,,,,,,,,,,,,,,,,,0.956140350877193,114,0
resnet50,123,607,Original,0,resize_sev2,resize,2,0.8239419643293348,0.8947368421052632,0.10526315789473684,,,,,,,,,,,,,,,,,,,,,0.9298245614035088,114,0
resnet50,123,607,Original,0,resize_sev3,resize,3,0.8998897768426359,0.9473684210526315,0.05263157894736842,,,,,,,,,,,,,,,,,,,,,0.8771929824561403,114,0
resnet50,123,607_683,Deepfakes,1,brightening_sev1,brightening,1,0.7250895767264363,0.7280701754385965,0.7280701754385965,0.4354865959550028,0.46686209657356953,0.4354865959550028,0.40199320757542106,0.23663465967819758,0.14461437558439547,0.23663465967819758,0.28131362152085054,0.40727260870313603,0.4473684210526316,16.557284873828554,-0.018568742211515932,-0.018568742211515932,0.17654672949145986,0.09413885858814687,0.9514150068387317,0.7837911241275224,0.7206459818491647,0.7837911241275224,0.8243863697603595,0.9824561403508771,114,0
resnet50,123,607_683,Deepfakes,1,brightening_sev2,brightening,2,0.742481829330995,0.7280701754385965,0.7280701754385965,0.4576448061544863,0.5151304724973749,0.4576448061544863,0.4149519770453505,0.2493566396789173,0.162425354380819,0.2493566396789173,0.2900526928709468,0.43092107939297264,0.5,16.4844715218795,-0.022041209105385862,-0.022041209105385862,0.18601712129046125,0.16967528202395327,0.8957127155194518,0.6640002976116892,0.5908567129472858,0.6640002976116892,0.725926363257009,0.9824561403508771,114,0
resnet50,123,607_683,Deepfakes,1,brightening_sev3,brightening,3,0.7530002564553319,0.7456140350877193,0.7456140350877193,0.4284867857459294,0.4812637535969427,0.4284867857459294,0.3945415870220249,0.22903772109031617,0.15042350846985328,0.22903772109031617,0.2712149603198517,0.41414972086132634,0.4649122807017544,16.42450648023371,-0.031186245678997516,-0.031186245678997516,0.18137720205975294,0.19637265954148267,0.8376450302730668,0.5929827131912333,0.5257820355413461,0.5929827131912333,0.6516517860262266,0.9649122807017544,114,0
resnet50,123,607_683,Deepfakes,1,clean,clean,0,0.7268532051397447,0.7105263157894737,0.7105263157894737,0.4328947546547887,0.4572494980914199,0.4328947546547887,0.40833114508868534,0.2322890706107424,0.1393608347472747,0.2322890706107424,0.2848337871428181,0.40489158772107,0.49122807017543857,16.5819313651637,-0.036346601061379956,-0.036346601061379956,0.15009505191987393,0.006444795289497573,,,,,,,114,0
resnet50,123,607_683,Deepfakes,1,darkening_sev1,darkening,1,0.7532509752353164,0.7192982456140351,0.7192982456140351,0.4591228866098028,0.5096891413141814,0.4591228866098028,0.42390477966054874,0.2493170784286369,0.1565175170340768,0.2493170784286369,0.3005989172439831,0.43369618073586236,0.5877192982456141,16.609165777239884,-0.03796789715916176,-0.03796789715916176,0.19869100609630866,0.007169153876275847,0.9444782923974682,0.7812639482212688,0.718712319681491,0.7812639482212688,0.8123929471633542,0.9736842105263158,114,0
resnet50,123,607_683,Deepfakes,1,darkening_sev2,darkening,2,0.6246589807009226,0.6929824561403509,0.6929824561403509,0.445184519683233,0.48348567975758244,0.445184519683233,0.4071146656437876,0.24300021825288098,0.14892445080898203,0.24300021825288098,0.28950947356053713,0.40170218618610687,0.5350877192982456,16.75365029719838,-0.13702643118602661,-0.13702643118602661,0.20467665512114763,0.047618291128361426,0.7985208529241267,0.5362616884201252,0.45540737230862693,0.5362616884201252,0.5806102293893034,0.9122807017543859,114,0
resnet50,123,607_683,Deepfakes,1,darkening_sev3,darkening,3,0.19293839783456762,0.02631578947368421,0.02631578947368421,0.24361794137704107,0.2519591912591032,0.24361794137704107,0.23674793544639622,0.13142774060658868,0.08390391784322575,0.13142774060658868,0.15790565701162299,0.2229017460020005,0.2543859649122807,16.6223597359239,-0.046747287531105575,-0.046747287531105575,-0.0459436883888485,0.017221007447101564,0.33450215680279877,0.13754431190408656,0.08561078366842252,0.13754431190408656,0.18297822864543645,0.3157894736842105,114,0
resnet50,123,607_683,Deepfakes,1,jpeg_sev1,jpeg,1,0.7394422899753983,0.7192982456140351,0.7192982456140351,0.43546794681533085,0.45874679311777133,0.43546794681533085,0.40797179491533453,0.23381030825594587,0.1396799632134173,0.23381030825594587,0.28439855148986987,0.4052800203464919,0.4824561403508772,16.588919472276118,-0.03742959118767825,-0.03742959118767825,0.16278842866743437,0.008872591563104219,0.978980073219195,0.8668828945472143,0.8075460921205381,0.8668828945472143,0.897146774241246,0.9736842105263158,114,0
resnet50,123,607_683,Deepfakes,1,jpeg_sev2,jpeg,2,0.7699769719620235,0.7543859649122807,0.7543859649122807,0.49026031950588983,0.5466212550140531,0.49026031950588983,0.4464677054735275,0.26982651982145384,0.17030300618377076,0.26982651982145384,0.318696883812363,0.46112647710387594,0.5350877192982456,16.5574303342585,-0.002500523922335844,-0.002500523922335844,0.2029865020120173,0.0278340100214751,0.93540220073398,0.7844202468064987,0.6841934044715817,0.7844202468064987,0.8335684141794154,0.956140350877193,114,0
resnet50,123,607_683,Deepfakes,1,jpeg_sev3,jpeg,3,0.23854861737090047,0.15789473684210525,0.15789473684210525,0.2663522840470779,0.26935780896174016,0.2663522840470779,0.2638706544850487,0.13263102960611145,0.07804617869340609,0.13263102960611145,0.17022197545321532,0.25403891947648644,0.30701754385964913,16.440717395983246,-0.3089501246781366,-0.3089501246781366,0.08649912054789366,-0.0952303390112591,0.5863862356679452,0.32525457379827033,0.2248905836923374,0.32525457379827033,0.37672198979726346,0.4473684210526316,114,0
resnet50,123,607_683,Deepfakes,1,resize_sev1,resize,1,0.7291397109123258,0.7017543859649122,0.7017543859649122,0.4345014572002158,0.4622879690803269,0.4345014572002158,0.4085747907869434,0.23290428521228843,0.1408771548124265,0.23290428521228843,0.28500295877546583,0.4066416506068146,0.49122807017543857,16.584282841598778,-0.03475340005120651,-0.03475340005120651,0.14229560510169614,0.0039539551617691834,0.9924338394988171,0.9196805773223338,0.8814674990830919,0.9196805773223338,0.9370736014239202,0.9912280701754386,114,0
resnet50,123,607_683,Deepfakes,1,resize_sev2,resize,2,0.7385127158695628,0.7280701754385965,0.7280701754385965,0.4254575677635247,0.4488470753885605,0.4254575677635247,0.4026396319745905,0.22765576738570273,0.13634570706965154,0.22765576738570273,0.28026899347599316,0.39921134858529234,0.47368421052631576,16.588165885523747,-0.030833427484347364,-0.030833427484347364,0.14636772050953206,0.012312632259859665,0.9905327064311025,0.9047154191303097,0.8654686654639201,0.9047154191303097,0.9259897075832264,0.9824561403508771,114,0
resnet50,123,607_683,Deepfakes,1,resize_sev3,resize,3,0.7448694536813715,0.7280701754385965,0.7280701754385965,0.4393383733914254,0.4719635376293414,0.4393383733914254,0.4143927870887008,0.23614265966935644,0.14416709387907753,0.23614265966935644,0.29033621285583383,0.41365073550382564,0.49122807017543857,16.589303317822907,-0.02933052221411149,-0.02933052221411149,0.1381545710794039,-0.0010860576416905161,0.9823223288378156,0.8728589609451913,0.8210755540796609,0.8728589609451913,0.8999664398658314,0.9824561403508771,114,0
resnet50,123,607_683,Face2Face,1,brightening_sev1,brightening,1,0.9988395391326201,1.0,1.0,0.3246817121230901,0.3550130180439097,0.3246817121230901,0.31126663353447753,0.1798927134422298,0.11168584639627122,0.1798927134422298,0.22016360917583563,0.318327887627351,0.39473684210526316,16.567780645270098,-0.001110243169884887,-0.001110243169884887,0.21455829629772583,0.11820433720162035,0.9910370177412497,0.8765063324479279,0.834939037573927,0.8765063324479279,0.9021542676506524,1.0,76,0
resnet50,123,607_683,Face2Face,1,brightening_sev2,brightening,2,0.9987393680371737,1.0,1.0,0.33893925512935386,0.35422838143948104,0.33893925512935386,0.3203708957243115,0.18610717644940597,0.11076111666797331,0.18610717644940597,0.22339296176498893,0.32646139238535943,0.39473684210526316,16.48140048980713,-0.0011998564004897657,-0.0011998564004897657,0.20936139712208193,0.21593819793901942,0.9703558315691551,0.764214729709658,0.7133906608821974,0.764214729709658,0.8128930333109494,1.0,76,0
resnet50,123,607_683,Face2Face,1,brightening_sev3,brightening,3,0.9991361828226792,1.0,1.0,0.3345497589842843,0.3516680119398343,0.3345497589842843,0.318249349711054,0.18179809772168543,0.10961869454251864,0.18179809772168543,0.21968357258495863,0.32577786369422895,0.3815789473684211,16.428353962145355,-0.0008157570111123698,-0.0008157570111123698,0.20585778904588595,0.24583930639844187,0.9591795975500969,0.7222964440711932,0.6748723328312844,0.7222964440711932,0.7718637634781094,1.0,76,0
resnet50,123,607_683,Face2Face,1,clean,clean,0,0.9980318263957375,1.0,1.0,0.3164118960812715,0.3541335268926926,0.3164118960812715,0.3021422278628628,0.17638054263164826,0.11155410173140433,0.17638054263164826,0.21539918185777202,0.3107653355113746,0.35526315789473684,16.603326245358115,-0.0018841475248336347,-0.0018841475248336347,0.18476971199637962,0.06475291597215749,,,,,,,76,0
resnet50,123,607_683,Face2Face,1,darkening_sev1,darkening,1,0.99089525718438,1.0,1.0,0.3127159967043948,0.34992422871034634,0.3127159967043948,0.29669623601274153,0.1749216951665657,0.10983850884445284,0.1749216951665657,0.21454898561414362,0.30920963408357877,0.39473684210526316,16.618205070495605,-0.008810416648262381,-0.008810416648262381,0.2559110839900217,0.08420268720702116,0.9879362181877127,0.8676896821666314,0.8233708263067446,0.8676896821666314,0.8808714951251474,1.0,76,0
resnet50,123,607_683,Face2Face,1,darkening_sev2,darkening,2,0.7972853654309323,0.9342105263157895,0.9342105263157895,0.3052890330218104,0.32452254054713664,0.3052890330218104,0.2898898057099172,0.16960092645801864,0.09988934730496861,0.16960092645801864,0.21027652358476484,0.29527784770295024,0.3815789473684211,16.785969131871273,-0.18757126911690356,-0.18757126911690356,0.2642877695983962,0.08247784093806616,0.8712996154729151,0.6283619579509118,0.5417071799281428,0.6283619579509118,0.6599416394627873,0.9342105263157895,76,0
resnet50,123,607_683,Face2Face,1,darkening_sev3,darkening,3,0.2489440472502457,0.039473684210526314,0.039473684210526314,0.2906016860913594,0.287172996942842,0.2906016860913594,0.28919632691723784,0.1637344022520495,0.09945426458106896,0.1637344022520495,0.20199784857770794,0.26503440390427363,0.19736842105263158,16.745432627828496,-0.0691447337893279,-0.0691447337893279,-0.056973624484319425,0.022221347586692943,0.2894011500682284,0.11177108420145981,0.06414472008152423,0.11177108420145981,0.1565578054032658,0.039473684210526314,76,0
resnet50,123,607_683,Face2Face,1,jpeg_sev1,jpeg,1,0.9987047738150546,1.0,1.0,0.3143555755336127,0.35386677796709104,0.3143555755336127,0.30061396194695006,0.1746280455497197,0.11142852811711218,0.1746280455497197,0.21341491463744533,0.31020459401710965,0.3684210526315789,16.594662390257184,-0.0012239092274715514,-0.0012239092274715514,0.18453940200178243,0.06146579039724245,0.9963623704938419,0.9274199643724161,0.8883760818836738,0.9274199643724161,0.9433346966773684,1.0,76,0
resnet50,123,607_683,Face2Face,1,jpeg_sev2,jpeg,2,0.9971867909556941,1.0,1.0,0.32723214557274466,0.3578722560183659,0.32723214557274466,0.30932691043462474,0.18401826383150147,0.11293650959455236,0.18401826383150147,0.22239119617813938,0.3164583054136891,0.3815789473684211,16.588427593833522,-0.0027377425055754344,-0.0027377425055754344,0.20585902897935163,0.06102206910911354,0.9877592177959998,0.8744226704112464,0.8013311579265734,0.8744226704112464,0.9054144552417084,1.0,76,0
resnet50,123,607_683,Face2Face,1,jpeg_sev3,jpeg,3,0.34795732955497344,0.23684210526315788,0.23684210526315788,0.19914838480910946,0.19053107711221792,0.19914838480910946,0.21999975948238196,0.10015250354370733,0.055212969003629736,0.10015250354370733,0.14564642771307176,0.2067371275279549,0.25,16.508258932515194,-0.43694673890345975,-0.43694673890345975,0.1256743982667103,-0.13130531560531572,0.5349481069357632,0.2737592303420914,0.172658799644576,0.2737592303420914,0.331442756318605,0.23684210526315788,76,0
resnet50,123,607_683,Face2Face,1,resize_sev1,resize,1,0.9982663502818659,1.0,1.0,0.3155382780437193,0.3531773923865414,0.3155382780437193,0.30159252962167,0.17562890000916956,0.11119127838654208,0.17562890000916956,0.2149155132401669,0.3103848836323068,0.35526315789473684,16.603328102513363,-0.0016575087057916263,-0.0016575087057916263,0.17967601591034935,0.06274362378998802,0.9986008132966899,0.9541564986383015,0.9309914096578421,0.9541564986383015,0.9648389019762306,1.0,76,0
resnet50,123,607_683,Face2Face,1,resize_sev2,resize,2,0.9984426976818788,1.0,1.0,0.3143014322511245,0.3555131063961818,0.3143014322511245,0.3005705139583492,0.17482777139860825,0.11212176745603201,0.17482777139860825,0.21394192970785939,0.31004701330871887,0.3684210526315789,16.600347569114284,-0.0014685102199252815,-0.0014685102199252815,0.17280884557648704,0.061836869308822984,0.9980476271498017,0.9440698185661205,0.9181934402678938,0.9440698185661205,0.956052920118244,1.0,76,0
resnet50,123,607_683,Face2Face,1,resize_sev3,resize,3,0.998695034729807,1.0,1.0,0.3192310146227108,0.3566567791534086,0.3192310146227108,0.3049823084392077,0.17840664867979888,0.11256109644233492,0.17840664867979888,0.21845669123575737,0.31351062501438964,0.3815789473684211,16.59941429840891,-0.0012095672519583016,-0.0012095672519583016,0.15815934852549898,0.06232284087883794,0.9969996543485395,0.935334554693846,0.9001017468322727,0.935334554693846,0.947303824162954,1.0,76,0
resnet50,123,607_683,FaceSwap,1,brightening_sev1,brightening,1,0.9988395391326201,1.0,1.0,0.017076413621773177,0.020251486531726683,0.017076413621773177,0.017118341990212775,0.014819543838284169,0.014947850828493115,0.014819543838284169,0.015615885915788517,0.01865899364516188,0.0,16.567780645270098,-0.001110243169884887,-0.001110243169884887,0.21455829629772583,0.11820433720162035,0.9910370177412497,0.8765063324479279,0.834939037573927,0.8765063324479279,0.9021542676506524,1.0,76,0
resnet50,123,607_683,FaceSwap,1,brightening_sev2,brightening,2,0.9987393680371737,1.0,1.0,0.016966044110112644,0.015895769185454985,0.016966044110112644,0.017606242804643728,0.01464111481430726,0.011623247796699772,0.01464111481430726,0.016001033605108978,0.017753161683470606,0.0,16.48140048980713,-0.0011998564004897657,-0.0011998564004897657,0.20936139712208193,0.21593819793901942,0.9703558315691551,0.764214729709658,0.7133906608821974,0.764214729709658,0.8128930333109494,1.0,76,0
resnet50,123,607_683,FaceSwap,1,brightening_sev3,brightening,3,0.9991361828226792,1.0,1.0,0.01646694382968071,0.015031812791631674,0.01646694382968071,0.017568465255858895,0.014209263656064517,0.010956182565032734,0.014209263656064517,0.015966710634145866,0.017419767163261258,0.0,16.428353962145355,-0.0008157570111123698,-0.0008157570111123698,0.20585778904588595,0.24583930639844187,0.9591795975500969,0.7222964440711932,0.6748723328312844,0.7222964440711932,0.7718637634781094,1.0,76,0
resnet50,123,607_683,FaceSwap,1,clean,clean,0,0.9980318263957375,1.0,1.0,0.016641402090650844,0.020779533070402097,0.016641402090650844,0.016980933072922692,0.014442231078558477,0.0154779645444239,0.014442231078558477,0.01552371210871298,0.018920209670274867,0.0,16.603326245358115,-0.0018841475248336347,-0.0018841475248336347,0.18476971199637962,0.06475291597215749,,,,,,,76,0
resnet50,123,607_683,FaceSwap,1,darkening_sev1,darkening,1,0.99089525718438,1.0,1.0,0.0180072785429672,0.019267633406336703,0.0180072785429672,0.01796557014959841,0.01568459073264521,0.01426333227095537,0.01568459073264521,0.016525582270556775,0.020319657933801832,0.0,16.618205070495605,-0.008810416648262381,-0.008810416648262381,0.2559110839900217,0.08420268720702116,0.9879362181877127,0.8676896821666314,0.8233708263067446,0.8676896821666314,0.8808714951251474,1.0,76,0
resnet50,123,607_683,FaceSwap,1,darkening_sev2,darkening,2,0.7972853654309323,0.9342105263157895,0.9342105263157895,0.019656832184217748,0.016634164531468272,0.019656832184217748,0.021852551183219604,0.01720061602864767,0.01222995344928059,0.01720061602864767,0.020399280160290398,0.022339206139727424,0.0,16.785969131871273,-0.18757126911690356,-0.18757126911690356,0.2642877695983962,0.08247784093806616,0.8712996154729151,0.6283619579509118,0.5417071799281428,0.6283619579509118,0.6599416394627873,0.9342105263157895,76,0
resnet50,123,607_683,FaceSwap,1,darkening_sev3,darkening,3,0.2489440472502457,0.039473684210526314,0.039473684210526314,0.044916467827707716,0.03829629942840114,0.044916467827707716,0.04597097480916892,0.04100865148835349,0.03125050416155609,0.04100865148835349,0.04377656582664875,0.03781446951961438,0.02631578947368421,16.745432627828496,-0.0691447337893279,-0.0691447337893279,-0.056973624484319425,0.022221347586692943,0.2894011500682284,0.11177108420145981,0.06414472008152423,0.11177108420145981,0.1565578054032658,0.039473684210526314,76,0
resnet50,123,607_683,FaceSwap,1,jpeg_sev1,jpeg,1,0.9987047738150546,1.0,1.0,0.017018414755382356,0.021021741579489283,0.017018414755382356,0.016383623044925313,0.014779162784927554,0.015621162859096987,0.014779162784927554,0.01498282535557306,0.018663937266927177,0.0,16.594662390257184,-0.0012239092274715514,-0.0012239092274715514,0.18453940200178243,0.06146579039724245,0.9963623704938419,0.9274199643724161,0.8883760818836738,0.9274199643724161,0.9433346966773684,1.0,76,0
resnet50,123,607_683,FaceSwap,1,jpeg_sev2,jpeg,2,0.9971867909556941,1.0,1.0,0.017520940461802963,0.02052864646109585,0.017520940461802963,0.017122283124059372,0.015226006054065403,0.015264690461208553,0.015226006054065403,0.015673576319416065,0.019172955569627826,0.0,16.588427593833522,-0.0027377425055754344,-0.0027377425055754344,0.20585902897935163,0.06102206910911354,0.9877592177959998,0.8744226704112464,0.8013311579265734,0.8744226704112464,0.9054144552417084,1.0,76,0
resnet50,123,607_683,FaceSwap,1,jpeg_sev3,jpeg,3,0.34795732955497344,0.23684210526315788,0.23684210526315788,0.021362911346210493,0.016383329646923985,0.021362911346210493,0.026700218051451945,0.01892031808109309,0.012612046953308044,0.01892031808109309,0.025167470358856314,0.02323211900020344,0.0,16.508258932515194,-0.43694673890345975,-0.43694673890345975,0.1256743982667103,-0.13130531560531572,0.5349481069357632,0.2737592303420914,0.172658799644576,0.2737592303420914,0.331442756318605,0.23684210526315788,76,0
resnet50,123,607_683,FaceSwap,1,resize_sev1,resize,1,0.9982663502818659,1.0,1.0,0.01660048925291836,0.020758472104459347,0.01660048925291836,0.0169797579301966,0.014406843703459314,0.015443518756617746,0.014406843703459314,0.0155202357280109,0.018920197325631372,0.0,16.603328102513363,-0.0016575087057916263,-0.0016575087057916263,0.17967601591034935,0.06274362378998802,0.9986008132966899,0.9541564986383015,0.9309914096578421,0.9541564986383015,0.9648389019762306,1.0,76,0
resnet50,123,607_683,FaceSwap,1,resize_sev2,resize,2,0.9984426976818788,1.0,1.0,0.016931493425675997,0.020391425487397384,0.016931493425675997,0.017050847799215254,0.014687107277906807,0.015136141101674204,0.014687107277906807,0.015599168191068347,0.018973805824507577,0.0,16.600347569114284,-0.0014685102199252815,-0.0014685102199252815,0.17280884557648704,0.061836869308822984,0.9980476271498017,0.9440698185661205,0.9181934402678938,0.9440698185661205,0.956052920118244,1.0,76,0
resnet50,123,607_683,FaceSwap,1,resize_sev3,resize,3,0.998695034729807,1.0,1.0,0.01752645175883343,0.020968192023060342,0.01752645175883343,0.017716120348716877,0.015227087035115678,0.015589453381888002,0.015227087035115678,0.01621404160931027,0.01944540392827795,0.0,16.59941429840891,-0.0012095672519583016,-0.0012095672519583016,0.15815934852549898,0.06232284087883794,0.9969996543485395,0.935334554693846,0.9001017468322727,0.935334554693846,0.947303824162954,1.0,76,0
resnet50,123,607_683,NeuralTextures,1,brightening_sev1,brightening,1,0.9988395391326201,1.0,1.0,0.3246817121230901,0.3550130180439097,0.3246817121230901,0.31126663353447753,0.1798927134422298,0.11168584639627122,0.1798927134422298,0.22016360917583563,0.318327887627351,0.39473684210526316,16.567780645270098,-0.001110243169884887,-0.001110243169884887,0.21455829629772583,0.11820433720162035,0.9910370177412497,0.8765063324479279,0.834939037573927,0.8765063324479279,0.9021542676506524,1.0,76,0
resnet50,123,607_683,NeuralTextures,1,brightening_sev2,brightening,2,0.9987393680371737,1.0,1.0,0.33893925512935386,0.35422838143948104,0.33893925512935386,0.3203708957243115,0.18610717644940597,0.11076111666797331,0.18610717644940597,0.22339296176498893,0.32646139238535943,0.39473684210526316,16.48140048980713,-0.0011998564004897657,-0.0011998564004897657,0.20936139712208193,0.21593819793901942,0.9703558315691551,0.764214729709658,0.7133906608821974,0.764214729709658,0.8128930333109494,1.0,76,0
resnet50,123,607_683,NeuralTextures,1,brightening_sev3,brightening,3,0.9991361828226792,1.0,1.0,0.3345497589842843,0.3516680119398343,0.3345497589842843,0.318249349711054,0.18179809772168543,0.10961869454251864,0.18179809772168543,0.21968357258495863,0.32577786369422895,0.3815789473684211,16.428353962145355,-0.0008157570111123698,-0.0008157570111123698,0.20585778904588595,0.24583930639844187,0.9591795975500969,0.7222964440711932,0.6748723328312844,0.7222964440711932,0.7718637634781094,1.0,76,0
resnet50,123,607_683,NeuralTextures,1,clean,clean,0,0.9980318263957375,1.0,1.0,0.3164118960812715,0.3541335268926926,0.3164118960812715,0.3021422278628628,0.17638054263164826,0.11155410173140433,0.17638054263164826,0.21539918185777202,0.3107653355113746,0.35526315789473684,16.603326245358115,-0.0018841475248336347,-0.0018841475248336347,0.18476971199637962,0.06475291597215749,,,,,,,76,0
resnet50,123,607_683,NeuralTextures,1,darkening_sev1,darkening,1,0.99089525718438,1.0,1.0,0.3127159967043948,0.34992422871034634,0.3127159967043948,0.29669623601274153,0.1749216951665657,0.10983850884445284,0.1749216951665657,0.21454898561414362,0.30920963408357877,0.39473684210526316,16.618205070495605,-0.008810416648262381,-0.008810416648262381,0.2559110839900217,0.08420268720702116,0.9879362181877127,0.8676896821666314,0.8233708263067446,0.8676896821666314,0.8808714951251474,1.0,76,0
resnet50,123,607_683,NeuralTextures,1,darkening_sev2,darkening,2,0.7972853654309323,0.9342105263157895,0.9342105263157895,0.3052890330218104,0.32452254054713664,0.3052890330218104,0.2898898057099172,0.16960092645801864,0.09988934730496861,0.16960092645801864,0.21027652358476484,0.29527784770295024,0.3815789473684211,16.785969131871273,-0.18757126911690356,-0.18757126911690356,0.2642877695983962,0.08247784093806616,0.8712996154729151,0.6283619579509118,0.5417071799281428,0.6283619579509118,0.6599416394627873,0.9342105263157895,76,0
resnet50,123,607_683,NeuralTextures,1,darkening_sev3,darkening,3,0.2489440472502457,0.039473684210526314,0.039473684210526314,0.2906016860913594,0.287172996942842,0.2906016860913594,0.28919632691723784,0.1637344022520495,0.09945426458106896,0.1637344022520495,0.20199784857770794,0.26503440390427363,0.19736842105263158,16.745432627828496,-0.0691447337893279,-0.0691447337893279,-0.056973624484319425,0.022221347586692943,0.2894011500682284,0.11177108420145981,0.06414472008152423,0.11177108420145981,0.1565578054032658,0.039473684210526314,76,0
resnet50,123,607_683,NeuralTextures,1,jpeg_sev1,jpeg,1,0.9987047738150546,1.0,1.0,0.3143555755336127,0.35386677796709104,0.3143555755336127,0.30061396194695006,0.1746280455497197,0.11142852811711218,0.1746280455497197,0.21341491463744533,0.31020459401710965,0.3684210526315789,16.594662390257184,-0.0012239092274715514,-0.0012239092274715514,0.18453940200178243,0.06146579039724245,0.9963623704938419,0.9274199643724161,0.8883760818836738,0.9274199643724161,0.9433346966773684,1.0,76,0
resnet50,123,607_683,NeuralTextures,1,jpeg_sev2,jpeg,2,0.9971867909556941,1.0,1.0,0.32723214557274466,0.3578722560183659,0.32723214557274466,0.30932691043462474,0.18401826383150147,0.11293650959455236,0.18401826383150147,0.22239119617813938,0.3164583054136891,0.3815789473684211,16.588427593833522,-0.0027377425055754344,-0.0027377425055754344,0.20585902897935163,0.06102206910911354,0.9877592177959998,0.8744226704112464,0.8013311579265734,0.8744226704112464,0.9054144552417084,1.0,76,0
resnet50,123,607_683,NeuralTextures,1,jpeg_sev3,jpeg,3,0.34795732955497344,0.23684210526315788,0.23684210526315788,0.19914838480910946,0.19053107711221792,0.19914838480910946,0.21999975948238196,0.10015250354370733,0.055212969003629736,0.10015250354370733,0.14564642771307176,0.2067371275279549,0.25,16.508258932515194,-0.43694673890345975,-0.43694673890345975,0.1256743982667103,-0.13130531560531572,0.5349481069357632,0.2737592303420914,0.172658799644576,0.2737592303420914,0.331442756318605,0.23684210526315788,76,0
resnet50,123,607_683,NeuralTextures,1,resize_sev1,resize,1,0.9982663502818659,1.0,1.0,0.3155382780437193,0.3531773923865414,0.3155382780437193,0.30159252962167,0.17562890000916956,0.11119127838654208,0.17562890000916956,0.2149155132401669,0.3103848836323068,0.35526315789473684,16.603328102513363,-0.0016575087057916263,-0.0016575087057916263,0.17967601591034935,0.06274362378998802,0.9986008132966899,0.9541564986383015,0.9309914096578421,0.9541564986383015,0.9648389019762306,1.0,76,0
resnet50,123,607_683,NeuralTextures,1,resize_sev2,resize,2,0.9984426976818788,1.0,1.0,0.3143014322511245,0.3555131063961818,0.3143014322511245,0.3005705139583492,0.17482777139860825,0.11212176745603201,0.17482777139860825,0.21394192970785939,0.31004701330871887,0.3684210526315789,16.600347569114284,-0.0014685102199252815,-0.0014685102199252815,0.17280884557648704,0.061836869308822984,0.9980476271498017,0.9440698185661205,0.9181934402678938,0.9440698185661205,0.956052920118244,1.0,76,0
resnet50,123,607_683,NeuralTextures,1,resize_sev3,resize,3,0.998695034729807,1.0,1.0,0.3192310146227108,0.3566567791534086,0.3192310146227108,0.3049823084392077,0.17840664867979888,0.11256109644233492,0.17840664867979888,0.21845669123575737,0.31351062501438964,0.3815789473684211,16.59941429840891,-0.0012095672519583016,-0.0012095672519583016,0.15815934852549898,0.06232284087883794,0.9969996543485395,0.935334554693846,0.9001017468322727,0.935334554693846,0.947303824162954,1.0,76,0
resnet50,123,671,Original,0,brightening_sev1,brightening,1,0.00013452534188025875,0.0,1.0,,,,,,,,,,,,,,,,,,,,,1.0,86,0
resnet50,123,671,Original,0,brightening_sev2,brightening,2,0.00014805774646952987,0.0,1.0,,,,,,,,,,,,,,,,,,,,,1.0,86,0
resnet50,123,671,Original,0,brightening_sev3,brightening,3,0.0007698853041590281,0.0,1.0,,,,,,,,,,,,,,,,,,,,,1.0,86,0
resnet50,123,671,Original,0,clean,clean,0,0.00020209927067275528,0.0,1.0,,,,,,,,,,,,,,,,,,,,,,86,0
resnet50,123,671,Original,0,darkening_sev1,darkening,1,0.0002053031332971326,0.0,1.0,,,,,,,,,,,,,,,,,,,,,1.0,86,0
resnet50,123,671,Original,0,darkening_sev2,darkening,2,0.0006403117357728324,0.0,1.0,,,,,,,,,,,,,,,,,,,,,1.0,86,0
resnet50,123,671,Original,0,darkening_sev3,darkening,3,0.012051597496137231,0.0,1.0,,,,,,,,,,,,,,,,,,,,,1.0,86,0
resnet50,123,671,Original,0,jpeg_sev1,jpeg,1,0.00015213610593193354,0.0,1.0,,,,,,,,,,,,,,,,,,,,,1.0,86,0
resnet50,123,671,Original,0,jpeg_sev2,jpeg,2,8.563870770281966e-05,0.0,1.0,,,,,,,,,,,,,,,,,,,,,1.0,86,0
resnet50,123,671,Original,0,jpeg_sev3,jpeg,3,0.0001288464927182153,0.0,1.0,,,,,,,,,,,,,,,,,,,,,1.0,86,0
resnet50,123,671,Original,0,resize_sev1,resize,1,0.00123728595886052,0.0,1.0,,,,,,,,,,,,,,,,,,,,,1.0,86,0
resnet50,123,671,Original,0,resize_sev2,resize,2,0.008460370669042204,0.0,1.0,,,,,,,,,,,,,,,,,,,,,1.0,86,0
resnet50,123,671,Original,0,resize_sev3,resize,3,0.022722611159372477,0.0,1.0,,,,,,,,,,,,,,,,,,,,,1.0,86,0
resnet50,123,671_677,Deepfakes,1,brightening_sev1,brightening,1,0.9210708567569422,0.9651162790697675,0.9651162790697675,0.3933662128782725,0.46481299989340974,0.3933662128782725,0.34804250265137904,0.21575236565401265,0.14310276083484974,0.21575236565401265,0.2505722110867374,0.40635781984890545,0.5465116279069767,15.986629763314891,-0.0785085014825643,-0.0785085014825643,0.7779691079631448,0.7849836762301451,0.9899469098356259,0.9089955834650442,0.8717350858336007,0.9089955834650442,0.9265685037111061,0.9883720930232558,86,0
resnet50,123,671_677,Deepfakes,1,brightening_sev2,brightening,2,0.9149998445930176,0.9534883720930233,0.9534883720930233,0.38174331943946715,0.4462794162058892,0.38174331943946715,0.3419330767797523,0.2065195851458431,0.13569343394835304,0.2065195851458431,0.2440590056944746,0.39528202953504477,0.5465116279069767,15.982615603957065,-0.08359950239401913,-0.08359950239401913,0.7654746146222879,0.792238628123562,0.9707962163953595,0.8590996624445099,0.8102778432034119,0.8590996624445099,0.8766990921381362,0.9302325581395349,86,0
resnet50,123,671_677,Deepfakes,1,brightening_sev3,brightening,3,0.6724526948568974,0.7093023255813954,0.7093023255813954,0.3037466374529396,0.3603166761788919,0.3037466374529396,0.2591578791266432,0.15562974927077053,0.10664723433117086,0.15562974927077053,0.17093699212728722,0.32860667647213604,0.47674418604651164,15.70609305625738,-0.29176066029508224,-0.29176066029508224,0.5886083688643804,0.6339216747089035,0.885814122964651,0.6863114164177525,0.6239622007925029,0.6863114164177525,0.7065508702498275,0.7325581395348837,86,0
resnet50,123,671_677,Deepfakes,1,clean,clean,0,0.9565269228417513,0.9767441860465116,0.9767441860465116,0.3984764752040508,0.4735886290801123,0.3984764752040508,0.3491714276395912,0.21922908281569578,0.1464747692528144,0.21922908281569578,0.25109987656130917,0.4069607821538043,0.5465116279069767,16.04936727257662,-0.043139046491231986,-0.043139046491231986,0.795305821654755,0.8307929981803132,,,,,,,86,0
resnet50,123,671_677,Deepfakes,1,darkening_sev1,darkening,1,0.9301305468692336,0.9651162790697675,0.9651162790697675,0.40369890696884086,0.47545895543550626,0.40369890696884086,0.3523684767965465,0.2233472949295636,0.14736342364657287,0.2233472949295636,0.2545006652775511,0.41037795848081554,0.5348837209302325,16.03263105348099,-0.06882645986800966,-0.06882645986800966,0.7173392048408819,0.7596043796646733,0.987809923269831,0.8844449146309035,0.8418042082015308,0.8844449146309035,0.9122598971219857,0.9651162790697675,86,0
resnet50,123,671_677,Deepfakes,1,darkening_sev2,darkening,2,0.7191834258305472,0.7790697674418605,0.7790697674418605,0.36282832055391373,0.4271930438499631,0.36282832055391373,0.3118199389095679,0.19739500283103398,0.1307795915705552,0.19739500283103398,0.2196420291933887,0.37899430826957997,0.4883720930232558,15.878707630689753,-0.2640307050978028,-0.2640307050978028,0.4449851455188595,0.4838414561696524,0.9155130511048302,0.763190624148103,0.687244566942555,0.763190624148103,0.7827922022738167,0.8023255813953488,86,0
resnet50,123,671_677,Deepfakes,1,darkening_sev3,darkening,3,0.443691223599883,0.4186046511627907,0.4186046511627907,0.233163286108533,0.26242575484946035,0.233163286108533,0.20042952301238565,0.11688785578659246,0.07610751858558092,0.11688785578659246,0.12828478902079524,0.24525969110777318,0.3372093023255814,15.774591279584309,-0.2229156657880129,-0.2229156657880129,0.1419245020248169,0.2561670175894315,0.7268071187521932,0.5371532794957647,0.4450612798206153,0.5371532794957647,0.5537727016997809,0.4418604651162791,86,0
resnet50,123,671_677,Deepfakes,1,jpeg_sev1,jpeg,1,0.9347932902273051,0.9651162790697675,0.9651162790697675,0.38980577632148594,0.4634864297399558,0.38980577632148594,0.34274778995564625,0.21261218053527564,0.1425320413397225,0.21261218053527564,0.24451740569192915,0.4021965404979328,0.5465116279069767,16.000826181367387,-0.06492213917852831,-0.06492213917852831,0.7782803508344778,0.8136124312661068,0.9926272267917596,0.9197192841777269,0.8827712832124127,0.9197192841777269,0.9318439697157044,0.9883720930232558,86,0
resnet50,123,671_677,Deepfakes,1,jpeg_sev2,jpeg,2,0.42941944811325305,0.4186046511627907,0.4186046511627907,0.2788209100842282,0.32742589332293526,0.2788209100842282,0.23960822800598935,0.14947662403259868,0.09910719027855242,0.14947662403259868,0.16789658273702637,0.2980838363640549,0.3953488372093023,15.810558862464372,-0.47775569236918547,-0.47775569236918547,0.3351375228565641,0.34916364067832417,0.7903139920602075,0.6217853996344982,0.5556172717102068,0.6217853996344982,0.6310315843893899,0.4418604651162791,86,0
resnet50,123,671_677,Deepfakes,1,jpeg_sev3,jpeg,3,0.0007343026845350657,0.0,0.0,0.008172271755584692,0.004843877535210048,0.008172271755584692,0.010697302571613042,0.0032038131974957474,0.0012074055187688254,0.0032038131974957474,0.005310902610572088,0.010472069267912885,0.0,16.182862581208695,-0.0009088598727366778,-0.0009088598727366778,5.967529072814426e-05,-0.0004891798830930012,0.04102804075915076,0.00848315449475182,0.002229790823149073,0.00848315449475182,0.03859863381894434,0.023255813953488372,86,0
resnet50,123,671_677,Deepfakes,1,resize_sev1,resize,1,0.9785243522289188,0.9883720930232558,0.9883720930232558,0.3994139707387011,0.4740824806240378,0.3994139707387011,0.35290814915487917,0.219343806845926,0.14651728223670213,0.219343806845926,0.25417261294779475,0.4060159601676505,0.5465116279069767,16.089943841446278,-0.02121682915576665,-0.02121682915576665,0.7139145708101433,0.8054087903610495,0.9962580634440057,0.9382252421865139,0.9184205714731392,0.9382252421865139,0.9462807162622948,0.9883720930232558,86,0
resnet50,123,671_677,Deepfakes,1,resize_sev2,resize,2,0.9826495931592099,0.9883720930232558,0.9883720930232558,0.40102220975818015,0.4771818556722641,0.40102220975818015,0.35399371756416864,0.22031495224706132,0.14763311419767555,0.22031495224706132,0.2549112189530096,0.40521485769844107,0.5465116279069767,16.12155790107195,-0.016992407482723817,-0.016992407482723817,0.6442882194248742,0.7667825044414331,0.993674919062288,0.9173553910166272,0.8937639557039811,0.9173553910166272,0.9308551848046792,0.9883720930232558,86,0
resnet50,123,671_677,Deepfakes,1,resize_sev3,resize,3,0.9888779576434645,1.0,1.0,0.3878622312425514,0.4690300205897116,0.3878622312425514,0.34216759570261235,0.21012182553445674,0.14435654123900743,0.21012182553445674,0.24253493220326536,0.3972155144191806,0.5465116279069767,16.099141098732172,-0.010401131801826967,-0.010401131801826967,0.6195648108110872,0.7915657084695128,0.987533305189604,0.8863776313764956,0.8489292669145855,0.8863776313764956,0.912668081739567,0.9767441860465116,86,0
resnet50,123,671_677,Face2Face,1,brightening_sev1,brightening,1,0.9279321043551723,0.9620253164556962,0.9620253164556962,0.3403653248371063,0.43147742528412286,0.3403653248371063,0.2784462569279634,0.18586482264714857,0.13644595933456344,0.18586482264714857,0.1918152767718818,0.3526785968301607,0.4810126582278481,16.010482148279117,-0.07188334306584125,-0.07188334306584125,0.7860394627374562,0.8122077614917785,0.9913006575787456,0.9159495600492101,0.8735148095706278,0.9159495600492101,0.9362634319513743,0.9873417721518988,79,0
resnet50,123,671_677,Face2Face,1,brightening_sev2,brightening,2,0.9346749322795416,0.9746835443037974,0.9746835443037974,0.336539020049162,0.43017024307922974,0.336539020049162,0.2765546816293431,0.1828433004356014,0.13586065416620402,0.1828433004356014,0.19002868170298534,0.3499347075739464,0.4936708860759494,16.00729152824305,-0.06462613158399541,-0.06462613158399541,0.781068617925991,0.8264924354049601,0.9804733831644552,0.8726252345164723,0.820155993457188,0.8726252345164723,0.8917160222732348,0.9493670886075949,79,0
resnet50,123,671_677,Face2Face,1,brightening_sev3,brightening,3,0.6767686775817736,0.7088607594936709,0.7088607594936709,0.2685210483337513,0.35675546403813846,0.2685210483337513,0.21205806593528057,0.13797900692224155,0.10873480288673622,0.13797900692224155,0.13628557913324518,0.3067604794293537,0.46835443037974683,15.73084255411655,-0.2861876737877514,-0.2861876737877514,0.5954877263586379,0.6419941306167983,0.8884691223959685,0.6911886324235736,0.6203447233665866,0.6911886324235736,0.7196359387598787,0.7341772151898734,79,0
resnet50,123,671_677,Face2Face,1,clean,clean,0,0.9579353448050686,0.9746835443037974,0.9746835443037974,0.3444802289011485,0.4365329018190076,0.3444802289011485,0.2796757722609844,0.1888774040571084,0.13848197034493415,0.1888774040571084,0.19290995246150103,0.3511832616450565,0.4810126582278481,16.072100277188458,-0.04184473291793952,-0.04184473291793952,0.8029269597292701,0.8574786393938563,,,,,,,79,0
resnet50,123,671_677,Face2Face,1,darkening_sev1,darkening,1,0.9277005595496938,0.9620253164556962,0.9620253164556962,0.34950128485613957,0.4405143094372883,0.34950128485613957,0.2826306321591271,0.1929266580406949,0.14018046045421648,0.1929266580406949,0.19604834084182968,0.3570323796776843,0.4810126582278481,16.047577242308027,-0.07165828234032735,-0.07165828234032735,0.7233161519788489,0.775145892996954,0.9872850941663405,0.882923492007092,0.836656775473187,0.882923492007092,0.9111151804626645,0.9620253164556962,79,0
resnet50,123,671_677,Face2Face,1,darkening_sev2,darkening,2,0.7074409514854226,0.759493670886076,0.759493670886076,0.3118055369307718,0.4020973469514052,0.3118055369307718,0.24737180921314875,0.16868902280070486,0.12641307047951775,0.16868902280070486,0.16723866360415648,0.33468585408344503,0.4936708860759494,15.886949684046492,-0.2750441157553769,-0.2750441157553769,0.44016051644907345,0.47167430690760853,0.9100555549751622,0.7562748594549,0.6761040586198057,0.7562748594549,0.7762469434317208,0.7848101265822784,79,0
resnet50,123,671_677,Face2Face,1,darkening_sev3,darkening,3,0.43281087930066675,0.379746835443038,0.379746835443038,0.20091667995083368,0.2615355499185267,0.20091667995083368,0.16416193573473895,0.10038098947952638,0.0781147344639505,0.10038098947952638,0.10272971178133418,0.23429168067487124,0.3670886075949367,15.765732113319107,-0.21992326659869543,-0.21992326659869543,0.1328493058681488,0.25261091221053195,0.7207475257681949,0.5316562152696552,0.43313136419340376,0.5316562152696552,0.5530669159679515,0.4050632911392405,79,0
resnet50,123,671_677,Face2Face,1,jpeg_sev1,jpeg,1,0.9310810108067868,0.9620253164556962,0.9620253164556962,0.33777933382263653,0.43230783360854774,0.33777933382263653,0.2737577222146961,0.18382860290684372,0.13679224329783293,0.18382860290684372,0.1872875276372904,0.3505493163186037,0.4936708860759494,16.01429129250442,-0.06871810946849323,-0.06871810946849323,0.7859467771140081,0.8389186436381144,0.9923947430384491,0.9205656656842347,0.8788542397216287,0.9205656656842347,0.9319984280531471,0.9873417721518988,79,0
resnet50,123,671_677,Face2Face,1,jpeg_sev2,jpeg,2,0.4179294055483976,0.4050632911392405,0.4050632911392405,0.22978816587164225,0.3088313597431815,0.22978816587164225,0.17792794009505203,0.1190139901354955,0.09447397833187747,0.1190139901354955,0.11463551508209772,0.26520975045178613,0.4050632911392405,15.81822105600864,-0.4850260233314991,-0.4850260233314991,0.33008061562918267,0.3631099717598703,0.7829835722152636,0.612026649156621,0.5405489530011126,0.612026649156621,0.6252958888672943,0.43037974683544306,79,0
resnet50,123,671_677,Face2Face,1,jpeg_sev3,jpeg,3,0.0006543314097764803,0.0,0.0,0.0062520351914752605,0.0006266048534496329,0.0062520351914752605,0.015008110789473873,0.0025082220692688394,0.00015069338343768606,0.0025082220692688394,0.007654906865415216,0.014299275380839057,0.0,16.182569419281393,-0.0008305322455409264,-0.0008305322455409264,-3.165486929061621e-05,-0.00043189113605448544,0.04394326719599909,0.009234826412008313,0.0024273672252002566,0.009234826412008313,0.04168196739387839,0.02531645569620253,79,0
resnet50,123,671_677,Face2Face,1,resize_sev1,resize,1,0.9811368071580235,0.9873417721518988,0.9873417721518988,0.348854559090615,0.43798889357112936,0.348854559090615,0.2861823398148933,0.19211891329842073,0.13907844746949255,0.19211891329842073,0.1990690623495709,0.35143013029478354,0.46835443037974683,16.112341868726514,-0.018715512903430754,-0.018715512903430754,0.7100503333856033,0.8309742759300184,0.9962507696357497,0.9402428971982238,0.9172380795646282,0.9402428971982238,0.94748581513059,0.9873417721518988,79,0
resnet50,123,671_677,Face2Face,1,resize_sev2,resize,2,0.985603314411791,0.9873417721518988,0.9873417721518988,0.351476927004454,0.4406049181983435,0.351476927004454,0.28774564915119843,0.19407633876335062,0.14015014129489062,0.19407633876335062,0.20051318791217945,0.3506079420021321,0.46835443037974683,16.14256045184558,-0.014290481428556765,-0.014290481428556765,0.6390860083548329,0.7930750819512561,0.9940630431379445,0.9211703936118721,0.895381040146046,0.9211703936118721,0.9341610119277973,0.9873417721518988,79,0
resnet50,123,671_677,Face2Face,1,resize_sev3,resize,3,0.9931809185426447,1.0,1.0,0.34356479479892815,0.43574068643887276,0.34356479479892815,0.28020154342755205,0.1879946386903304,0.13816060646042813,0.1879946386903304,0.19313348635923197,0.34764099394148407,0.4936708860759494,16.11482472962971,-0.006599851046936378,-0.006599851046936378,0.6119718957173673,0.8138173092392427,0.9889175777928678,0.8953674266266585,0.8515427243148994,0.8953674266266585,0.9199655539724167,0.9746835443037974,79,0
resnet50,123,671_677,FaceSwap,1,brightening_sev1,brightening,1,0.9279321043551723,0.9620253164556962,0.9620253164556962,0.2905558806700516,0.32154875448350473,0.2905558806700516,0.248308942040163,0.17592373218934299,0.1140285497365551,0.17592373218934299,0.18705457632871242,0.2778308110852563,0.189873417721519,16.010482148279117,-0.07188334306584125,-0.07188334306584125,0.7860394627374562,0.8122077614917785,0.9913006575787456,0.9159495600492101,0.8735148095706278,0.9159495600492101,0.9362634319513743,0.9873417721518988,79,0
resnet50,123,671_677,FaceSwap,1,brightening_sev2,brightening,2,0.9346749322795416,0.9746835443037974,0.9746835443037974,0.2858535815882728,0.31932193410438486,0.2858535815882728,0.24615243244306312,0.17204241720366936,0.11303460050094119,0.17204241720366936,0.1850533984622186,0.27484289009276813,0.21518987341772153,16.00729152824305,-0.06462613158399541,-0.06462613158399541,0.781068617925991,0.8264924354049601,0.9804733831644552,0.8726252345164723,0.820155993457188,0.8726252345164723,0.8917160222732348,0.9493670886075949,79,0
resnet50,123,671_677,FaceSwap,1,brightening_sev3,brightening,3,0.6767686775817736,0.7088607594936709,0.7088607594936709,0.2216168720870876,0.2737429924733033,0.2216168720870876,0.18508962089738748,0.12535161733376715,0.09414493542136086,0.12535161733376715,0.12988413047949263,0.243764016909755,0.25316455696202533,15.73084255411655,-0.2861876737877514,-0.2861876737877514,0.5954877263586379,0.6419941306167983,0.8884691223959685,0.6911886324235736,0.6203447233665866,0.6911886324235736,0.7196359387598787,0.7341772151898734,79,0
resnet50,123,671_677,FaceSwap,1,clean,clean,0,0.9579353448050686,0.9746835443037974,0.9746835443037974,0.29508657353082424,0.32485192214388886,0.29508657353082424,0.24954477446977302,0.1795473870089045,0.11553988306475695,0.1795473870089045,0.18829947122102944,0.27847662649939464,0.27848101265822783,16.072100277188458,-0.04184473291793952,-0.04184473291793952,0.8029269597292701,0.8574786393938563,,,,,,,79,0
resnet50,123,671_677,FaceSwap,1,darkening_sev1,darkening,1,0.9277005595496938,0.9620253164556962,0.9620253164556962,0.29880882717318036,0.3234252246432926,0.29880882717318036,0.25136009647829766,0.18286686655792828,0.1149491823555085,0.18286686655792828,0.19047048363403477,0.27994902207313277,0.24050632911392406,16.047577242308027,-0.07165828234032735,-0.07165828234032735,0.7233161519788489,0.775145892996954,0.9872850941663405,0.882923492007092,0.836656775473187,0.882923492007092,0.9111151804626645,0.9620253164556962,79,0
resnet50,123,671_677,FaceSwap,1,darkening_sev2,darkening,2,0.7074409514854226,0.759493670886076,0.759493670886076,0.2630921754797139,0.2923824625042114,0.2630921754797139,0.21670720656322112,0.15715594194966911,0.10235388575753437,0.15715594194966911,0.15967820018942358,0.25507812460283313,0.22784810126582278,15.886949684046492,-0.2750441157553769,-0.2750441157553769,0.44016051644907345,0.47167430690760853,0.9100555549751622,0.7562748594549,0.6761040586198057,0.7562748594549,0.7762469434317208,0.7848101265822784,79,0
resnet50,123,671_677,FaceSwap,1,darkening_sev3,darkening,3,0.43281087930066675,0.379746835443038,0.379746835443038,0.166099195754455,0.19892176349720575,0.166099195754455,0.1398471752518099,0.0916466699424304,0.06699054639052753,0.0916466699424304,0.09534001293900653,0.1815613289857009,0.20253164556962025,15.765732113319107,-0.21992326659869543,-0.21992326659869543,0.1328493058681488,0.25261091221053195,0.7207475257681949,0.5316562152696552,0.43313136419340376,0.5316562152696552,0.5530669159679515,0.4050632911392405,79,0
resnet50,123,671_677,FaceSwap,1,jpeg_sev1,jpeg,1,0.9310810108067868,0.9620253164556962,0.9620253164556962,0.2874994757476349,0.32186759255922404,0.2874994757476349,0.24430377635286868,0.17327846531251112,0.11420409249100608,0.17327846531251112,0.18296084399805815,0.2763285004876245,0.25316455696202533,16.01429129250442,-0.06871810946849323,-0.06871810946849323,0.7859467771140081,0.8389186436381144,0.9923947430384491,0.9205656656842347,0.8788542397216287,0.9205656656842347,0.9319984280531471,0.9873417721518988,79,0
resnet50,123,671_677,FaceSwap,1,jpeg_sev2,jpeg,2,0.4179294055483976,0.4050632911392405,0.4050632911392405,0.19021220806939887,0.23371941415779265,0.19021220806939887,0.1519924262291571,0.10878421682941453,0.08022250767481702,0.10878421682941453,0.10679331400143548,0.20350928096032314,0.189873417721519,15.81822105600864,-0.4850260233314991,-0.4850260233314991,0.33008061562918267,0.3631099717598703,0.7829835722152636,0.612026649156621,0.5405489530011126,0.612026649156621,0.6252958888672943,0.43037974683544306,79,0
resnet50,123,671_677,FaceSwap,1,jpeg_sev3,jpeg,3,0.0006543314097764803,0.0,0.0,0.0025730861791149156,9.297308703318734e-05,0.0025730861791149156,0.008103600755130402,0.0011649920252865343,2.5880355086731177e-05,0.0011649920252865343,0.004538086765441875,0.00863269702016236,0.0,16.182569419281393,-0.0008305322455409264,-0.0008305322455409264,-3.165486929061621e-05,-0.00043189113605448544,0.04394326719599909,0.009234826412008313,0.0024273672252002566,0.009234826412008313,0.04168196739387839,0.02531645569620253,79,0
resnet50,123,671_677,FaceSwap,1,resize_sev1,resize,1,0.9811368071580235,0.9873417721518988,0.9873417721518988,0.29915039581948577,0.32502587605944877,0.29915039581948577,0.25514927194458903,0.1828689203580425,0.11563502706310325,0.1828689203580425,0.19405791374859685,0.279567622746198,0.26582278481012656,16.112341868726514,-0.018715512903430754,-0.018715512903430754,0.7100503333856033,0.8309742759300184,0.9962507696357497,0.9402428971982238,0.9172380795646282,0.9402428971982238,0.94748581513059,0.9873417721518988,79,0
resnet50,123,671_677,FaceSwap,1,resize_sev2,resize,2,0.985603314411791,0.9873417721518988,0.9873417721518988,0.3012146787648836,0.32736966639718595,0.3012146787648836,0.256844468238156,0.184533392190096,0.11669552045959335,0.184533392190096,0.19582316052747292,0.279346927565762,0.24050632911392406,16.14256045184558,-0.014290481428556765,-0.014290481428556765,0.6390860083548329,0.7930750819512561,0.9940630431379445,0.9211703936118721,0.895381040146046,0.9211703936118721,0.9341610119277973,0.9873417721518988,79,0
resnet50,123,671_677,FaceSwap,1,resize_sev3,resize,3,0.9931809185426447,1.0,1.0,0.29264490094893214,0.32770612937398247,0.29264490094893214,0.25049744041636485,0.17745446686069735,0.11678957516764851,0.17745446686069735,0.1891036676255195,0.277443621724974,0.2911392405063291,16.11482472962971,-0.006599851046936378,-0.006599851046936378,0.6119718957173673,0.8138173092392427,0.9889175777928678,0.8953674266266585,0.8515427243148994,0.8953674266266585,0.9199655539724167,0.9746835443037974,79,0
resnet50,123,671_677,NeuralTextures,1,brightening_sev1,brightening,1,0.9279321043551723,0.9620253164556962,0.9620253164556962,0.3403653248371063,0.43147742528412286,0.3403653248371063,0.2784462569279634,0.18586482264714857,0.13644595933456344,0.18586482264714857,0.1918152767718818,0.3526785968301607,0.4810126582278481,16.010482148279117,-0.07188334306584125,-0.07188334306584125,0.7860394627374562,0.8122077614917785,0.9913006575787456,0.9159495600492101,0.8735148095706278,0.9159495600492101,0.9362634319513743,0.9873417721518988,79,0
resnet50,123,671_677,NeuralTextures,1,brightening_sev2,brightening,2,0.9346749322795416,0.9746835443037974,0.9746835443037974,0.336539020049162,0.43017024307922974,0.336539020049162,0.2765546816293431,0.1828433004356014,0.13586065416620402,0.1828433004356014,0.19002868170298534,0.3499347075739464,0.4936708860759494,16.00729152824305,-0.06462613158399541,-0.06462613158399541,0.781068617925991,0.8264924354049601,0.9804733831644552,0.8726252345164723,0.820155993457188,0.8726252345164723,0.8917160222732348,0.9493670886075949,79,0
resnet50,123,671_677,NeuralTextures,1,brightening_sev3,brightening,3,0.6767686775817736,0.7088607594936709,0.7088607594936709,0.2685210483337513,0.35675546403813846,0.2685210483337513,0.21205806593528057,0.13797900692224155,0.10873480288673622,0.13797900692224155,0.13628557913324518,0.3067604794293537,0.46835443037974683,15.73084255411655,-0.2861876737877514,-0.2861876737877514,0.5954877263586379,0.6419941306167983,0.8884691223959685,0.6911886324235736,0.6203447233665866,0.6911886324235736,0.7196359387598787,0.7341772151898734,79,0
resnet50,123,671_677,NeuralTextures,1,clean,clean,0,0.9579353448050686,0.9746835443037974,0.9746835443037974,0.3444802289011485,0.4365329018190076,0.3444802289011485,0.2796757722609844,0.1888774040571084,0.13848197034493415,0.1888774040571084,0.19290995246150103,0.3511832616450565,0.4810126582278481,16.072100277188458,-0.04184473291793952,-0.04184473291793952,0.8029269597292701,0.8574786393938563,,,,,,,79,0
resnet50,123,671_677,NeuralTextures,1,darkening_sev1,darkening,1,0.9277005595496938,0.9620253164556962,0.9620253164556962,0.34950128485613957,0.4405143094372883,0.34950128485613957,0.2826306321591271,0.1929266580406949,0.14018046045421648,0.1929266580406949,0.19604834084182968,0.3570323796776843,0.4810126582278481,16.047577242308027,-0.07165828234032735,-0.07165828234032735,0.7233161519788489,0.775145892996954,0.9872850941663405,0.882923492007092,0.836656775473187,0.882923492007092,0.9111151804626645,0.9620253164556962,79,0
resnet50,123,671_677,NeuralTextures,1,darkening_sev2,darkening,2,0.7074409514854226,0.759493670886076,0.759493670886076,0.3118055369307718,0.4020973469514052,0.3118055369307718,0.24737180921314875,0.16868902280070486,0.12641307047951775,0.16868902280070486,0.16723866360415648,0.33468585408344503,0.4936708860759494,15.886949684046492,-0.2750441157553769,-0.2750441157553769,0.44016051644907345,0.47167430690760853,0.9100555549751622,0.7562748594549,0.6761040586198057,0.7562748594549,0.7762469434317208,0.7848101265822784,79,0
resnet50,123,671_677,NeuralTextures,1,darkening_sev3,darkening,3,0.43281087930066675,0.379746835443038,0.379746835443038,0.20091667995083368,0.2615355499185267,0.20091667995083368,0.16416193573473895,0.10038098947952638,0.0781147344639505,0.10038098947952638,0.10272971178133418,0.23429168067487124,0.3670886075949367,15.765732113319107,-0.21992326659869543,-0.21992326659869543,0.1328493058681488,0.25261091221053195,0.7207475257681949,0.5316562152696552,0.43313136419340376,0.5316562152696552,0.5530669159679515,0.4050632911392405,79,0
resnet50,123,671_677,NeuralTextures,1,jpeg_sev1,jpeg,1,0.9310810108067868,0.9620253164556962,0.9620253164556962,0.33777933382263653,0.43230783360854774,0.33777933382263653,0.2737577222146961,0.18382860290684372,0.13679224329783293,0.18382860290684372,0.1872875276372904,0.3505493163186037,0.4936708860759494,16.01429129250442,-0.06871810946849323,-0.06871810946849323,0.7859467771140081,0.8389186436381144,0.9923947430384491,0.9205656656842347,0.8788542397216287,0.9205656656842347,0.9319984280531471,0.9873417721518988,79,0
resnet50,123,671_677,NeuralTextures,1,jpeg_sev2,jpeg,2,0.4179294055483976,0.4050632911392405,0.4050632911392405,0.22978816587164225,0.3088313597431815,0.22978816587164225,0.17792794009505203,0.1190139901354955,0.09447397833187747,0.1190139901354955,0.11463551508209772,0.26520975045178613,0.4050632911392405,15.81822105600864,-0.4850260233314991,-0.4850260233314991,0.33008061562918267,0.3631099717598703,0.7829835722152636,0.612026649156621,0.5405489530011126,0.612026649156621,0.6252958888672943,0.43037974683544306,79,0
resnet50,123,671_677,NeuralTextures,1,jpeg_sev3,jpeg,3,0.0006543314097764803,0.0,0.0,0.0062520351914752605,0.0006266048534496329,0.0062520351914752605,0.015008110789473873,0.0025082220692688394,0.00015069338343768606,0.0025082220692688394,0.007654906865415216,0.014299275380839057,0.0,16.182569419281393,-0.0008305322455409264,-0.0008305322455409264,-3.165486929061621e-05,-0.00043189113605448544,0.04394326719599909,0.009234826412008313,0.0024273672252002566,0.009234826412008313,0.04168196739387839,0.02531645569620253,79,0
resnet50,123,671_677,NeuralTextures,1,resize_sev1,resize,1,0.9811368071580235,0.9873417721518988,0.9873417721518988,0.348854559090615,0.43798889357112936,0.348854559090615,0.2861823398148933,0.19211891329842073,0.13907844746949255,0.19211891329842073,0.1990690623495709,0.35143013029478354,0.46835443037974683,16.112341868726514,-0.018715512903430754,-0.018715512903430754,0.7100503333856033,0.8309742759300184,0.9962507696357497,0.9402428971982238,0.9172380795646282,0.9402428971982238,0.94748581513059,0.9873417721518988,79,0
resnet50,123,671_677,NeuralTextures,1,resize_sev2,resize,2,0.985603314411791,0.9873417721518988,0.9873417721518988,0.351476927004454,0.4406049181983435,0.351476927004454,0.28774564915119843,0.19407633876335062,0.14015014129489062,0.19407633876335062,0.20051318791217945,0.3506079420021321,0.46835443037974683,16.14256045184558,-0.014290481428556765,-0.014290481428556765,0.6390860083548329,0.7930750819512561,0.9940630431379445,0.9211703936118721,0.895381040146046,0.9211703936118721,0.9341610119277973,0.9873417721518988,79,0
resnet50,123,671_677,NeuralTextures,1,resize_sev3,resize,3,0.9931809185426447,1.0,1.0,0.34356479479892815,0.43574068643887276,0.34356479479892815,0.28020154342755205,0.1879946386903304,0.13816060646042813,0.1879946386903304,0.19313348635923197,0.34764099394148407,0.4936708860759494,16.11482472962971,-0.006599851046936378,-0.006599851046936378,0.6119718957173673,0.8138173092392427,0.9889175777928678,0.8953674266266585,0.8515427243148994,0.8953674266266585,0.9199655539724167,0.9746835443037974,79,0
resnet50,123,677,Original,0,brightening_sev1,brightening,1,0.0028109840750949688,0.0,1.0,,,,,,,,,,,,,,,,,,,,,1.0,79,0
resnet50,123,677,Original,0,brightening_sev2,brightening,2,0.003225938990586227,0.0,1.0,,,,,,,,,,,,,,,,,,,,,1.0,79,0
resnet50,123,677,Original,0,brightening_sev3,brightening,3,0.0016723387617747583,0.0,1.0,,,,,,,,,,,,,,,,,,,,,1.0,79,0
resnet50,123,677,Original,0,clean,clean,0,0.005014140758346509,0.0,1.0,,,,,,,,,,,,,,,,,,,,,,79,0
resnet50,123,677,Original,0,darkening_sev1,darkening,1,0.004579724430226878,0.0,1.0,,,,,,,,,,,,,,,,,,,,,1.0,79,0
resnet50,123,677,Original,0,darkening_sev2,darkening,2,0.0033021841912538826,0.0,1.0,,,,,,,,,,,,,,,,,,,,,1.0,79,0
resnet50,123,677,Original,0,darkening_sev3,darkening,3,0.009971450870603136,0.0,1.0,,,,,,,,,,,,,,,,,,,,,1.0,79,0
resnet50,123,677,Original,0,jpeg_sev1,jpeg,1,0.007552493264558719,0.0,1.0,,,,,,,,,,,,,,,,,,,,,1.0,79,0
resnet50,123,677,Original,0,jpeg_sev2,jpeg,2,0.0055997260889645755,0.0,1.0,,,,,,,,,,,,,,,,,,,,,1.0,79,0
resnet50,123,677,Original,0,jpeg_sev3,jpeg,3,0.0007190846889138186,0.0,1.0,,,,,,,,,,,,,,,,,,,,,1.0,79,0
resnet50,123,677,Original,0,resize_sev1,resize,1,0.020154840683545984,0.0,1.0,,,,,,,,,,,,,,,,,,,,,1.0,79,0
resnet50,123,677,Original,0,resize_sev2,resize,2,0.035326094127919455,0.012658227848101266,0.9873417721518988,,,,,,,,,,,,,,,,,,,,,0.9873417721518988,79,0
resnet50,123,677,Original,0,resize_sev3,resize,3,0.06789524807510716,0.05063291139240506,0.9493670886075949,,,,,,,,,,,,,,,,,,,,,0.9493670886075949,79,0
resnet50,123,677_671,Deepfakes,1,brightening_sev1,brightening,1,0.98346069719218,0.9873417721518988,0.9873417721518988,0.23633637762997287,0.287611319044571,0.23633637762997287,0.20230638590088432,0.15347729451616998,0.10752922615273398,0.15347729451616998,0.16635835796790424,0.23137643959453333,0.3037974683544304,15.950354527823533,-0.01469533503810058,-0.01469533503810058,0.8371793064229851,0.7534480855529067,0.98927572552244,0.9057359527610656,0.8579364814583829,0.9057359527610656,0.923042701837639,0.9873417721518988,79,0
resnet50,123,677_671,Deepfakes,1,brightening_sev2,brightening,2,0.9538370738678341,0.9493670886075949,0.9493670886075949,0.2236984936126105,0.2656495663450293,0.2236984936126105,0.1927691122581005,0.14280127182810548,0.09725143603386478,0.14280127182810548,0.15583028966221316,0.22033206334583647,0.3037974683544304,15.87921668909773,-0.043161564424068065,-0.043161564424068065,0.7909036199739085,0.7432169332404774,0.9641969768618265,0.8247025206206442,0.7617972762509033,0.8247025206206442,0.8554125317030955,0.9493670886075949,79,0
resnet50,123,677_671,Deepfakes,1,brightening_sev3,brightening,3,0.8769555635090116,0.9113924050632911,0.9113924050632911,0.21733189477160272,0.2544090126400808,0.21733189477160272,0.18384290854598564,0.13996141173021778,0.09346814637682116,0.13996141173021778,0.14876135612476052,0.21524317540266855,0.26582278481012656,15.763847133781336,-0.07574914668132607,-0.07574914668132607,0.7185564555899724,0.6693565147881738,0.9087808989096631,0.7639929418374696,0.7109504675543056,0.7639929418374696,0.7784338316904464,0.9113924050632911,79,0
resnet50,123,677_671,Deepfakes,1,clean,clean,0,0.9964911945258514,1.0,1.0,0.24728240929719156,0.30029093317590827,0.24728240929719156,0.21210978032133046,0.1631792912339887,0.11344370673993757,0.1631792912339887,0.17776433464164854,0.2401421862930708,0.31645569620253167,15.96306985541235,-0.003366594827627801,-0.003366594827627801,0.8545592473466185,0.6626946905368492,,,,,,,79,0
resnet50,123,677_671,Deepfakes,1,darkening_sev1,darkening,1,0.9801336443876918,1.0,1.0,0.24949069344136537,0.3027604225978352,0.24949069344136537,0.21326701956964564,0.16553751630472135,0.11476224391008401,0.16553751630472135,0.17940907135201514,0.24835924303896706,0.31645569620253167,15.858729362487793,-0.01864406730555277,-0.01864406730555277,0.8480470095631443,0.6838763054413132,0.9904604587221278,0.9066158069592999,0.8743183404862862,0.9066158069592999,0.9173414859968774,1.0,79,0
resnet50,123,677_671,Deepfakes,1,darkening_sev2,darkening,2,0.8918123435747775,0.9493670886075949,0.9493670886075949,0.2510294460315411,0.3025481165466931,0.2510294460315411,0.21322063431090219,0.16709627414547282,0.11480589896832061,0.16709627414547282,0.17963695545496064,0.25646222593264706,0.31645569620253167,15.700260343430918,-0.09400182943555371,-0.09400182943555371,0.7469732916524893,0.607497660419609,0.9663857107626075,0.8257948453713688,0.8015505961111682,0.8257948453713688,0.8307234632654149,0.9493670886075949,79,0
resnet50,123,677_671,Deepfakes,1,darkening_sev3,darkening,3,0.7217464150884484,0.8607594936708861,0.8607594936708861,0.24529676833898317,0.29203855880333784,0.24529676833898317,0.20656232397844462,0.16308331223651448,0.10994404336697661,0.16308331223651448,0.17339600284186232,0.2545040993574214,0.3037974683544304,15.622771420056306,-0.15625750301759453,-0.15625750301759453,0.4659974357183975,0.5115636639014075,0.9054943216829408,0.7205648101970079,0.7228655918846685,0.7205648101970079,0.6989174766287525,0.8607594936708861,79,0
resnet50,123,677_671,Deepfakes,1,jpeg_sev1,jpeg,1,0.9941800976101356,1.0,1.0,0.24727984393318247,0.30139147279005507,0.24727984393318247,0.2125609497126052,0.16318686742526792,0.11403297484139616,0.16318686742526792,0.1785060647445651,0.23995350135714796,0.31645569620253167,15.961830573745921,-0.005654310123829866,-0.005654310123829866,0.8472804810521724,0.6588948503891124,0.9961981554358479,0.933730007835028,0.9111166294208902,0.933730007835028,0.9438412026436962,1.0,79,0
resnet50,123,677_671,Deepfakes,1,jpeg_sev2,jpeg,2,0.8788206975294065,0.8860759493670886,0.8860759493670886,0.23226171247886446,0.28717060036285424,0.23226171247886446,0.19598774914070577,0.15051334375006417,0.10733448070945598,0.15051334375006417,0.15978244228182353,0.2350026096939453,0.31645569620253167,15.823104303094405,-0.11055984847907774,-0.11055984847907774,0.7631732528038984,0.6281366902167755,0.9612316787056236,0.8260167954540848,0.7861621593154237,0.8260167954540848,0.8326861196330512,0.8860759493670886,79,0
resnet50,123,677_671,Deepfakes,1,jpeg_sev3,jpeg,3,0.27483040869366404,0.26582278481012656,0.26582278481012656,0.15990166996771876,0.19900843758722425,0.15990166996771876,0.12565075117933583,0.10054342059703399,0.07253579636378912,0.10054342059703399,0.09544813088963935,0.17610261308284353,0.26582278481012656,15.653890138939966,-0.20305772864935245,-0.20305772864935245,0.22868508941590773,0.16591851221454804,0.4967602458963994,0.3342890374640055,0.30870895819326555,0.3342890374640055,0.33695985908853526,0.26582278481012656,79,0
resnet50,123,677_671,Deepfakes,1,resize_sev1,resize,1,0.9975589423239986,1.0,1.0,0.24923649604040007,0.3019727318941363,0.24923649604040007,0.21429877186639196,0.16504535435470466,0.11431985956862005,0.16504535435470466,0.18059302785432546,0.2400417503072388,0.31645569620253167,15.991863697390013,-0.002330925645707504,-0.002330925645707504,0.8051729869050316,0.6182949963626982,0.9984274005078823,0.954547030940664,0.9411544839433453,0.954547030940664,0.9600444975609141,1.0,79,0
resnet50,123,677_671,Deepfakes,1,resize_sev2,resize,2,0.9986447925809063,1.0,1.0,0.24984772611776254,0.3010041915388426,0.24984772611776254,0.2153481857602694,0.1655525051463029,0.11383884628535065,0.1655525051463029,0.18191171648854906,0.23843681767905042,0.31645569620253167,16.022667788252047,-0.0012571690957757255,-0.0012571690957757255,0.771396731981371,0.5544559725477726,0.9972340191802908,0.942462013147993,0.9233528458297835,0.942462013147993,0.9498354113317771,1.0,79,0
resnet50,123,677_671,Deepfakes,1,resize_sev3,resize,3,0.9869700074195862,1.0,1.0,0.24497008203323728,0.290789143457581,0.24497008203323728,0.21479776033267742,0.1610538910204248,0.1086833801657395,0.1610538910204248,0.18150799439048035,0.23516537527597034,0.31645569620253167,16.012816839580296,-0.01292443879042996,-0.01292443879042996,0.7453821511774124,0.5209820221496534,0.9879673834727037,0.8735895508785558,0.835486027714355,0.8735895508785558,0.8958675277308087,1.0,79,0
resnet50,123,677_671,Face2Face,1,brightening_sev1,brightening,1,0.9697717417811238,0.9767441860465116,0.9767441860465116,0.251939861324535,0.2988852431986102,0.251939861324535,0.21778325237074866,0.1598052274489786,0.10994437224351464,0.1598052274489786,0.17468635759555615,0.24775257926699318,0.32558139534883723,15.931913331497547,-0.02851522350034045,-0.02851522350034045,0.8287760319274872,0.749888422010943,0.989074499555767,0.9041159818795003,0.8567925903374337,0.9041159818795003,0.9201756151852702,0.9767441860465116,86,0
resnet50,123,677_671,Face2Face,1,brightening_sev2,brightening,2,0.9311099955162336,0.9302325581395349,0.9302325581395349,0.24471995339269498,0.2960998653099827,0.24471995339269498,0.20789966725530296,0.15449795935574556,0.10896050739260711,0.15449795935574556,0.16415471284718205,0.24605753955584442,0.3372093023255814,15.855673046999199,-0.06609989304182137,-0.06609989304182137,0.7753679273476781,0.7276322498192015,0.9646115909621437,0.8230803843658484,0.7646392947634199,0.8230803843658484,0.8496154594425842,0.9302325581395349,86,0
resnet50,123,677_671,Face2Face,1,brightening_sev3,brightening,3,0.8480705067861912,0.872093023255814,0.872093023255814,0.23151993316740827,0.27675733371519057,0.23151993316740827,0.1971356507233292,0.14632783560468196,0.10162340038578258,0.14632783560468196,0.15628088427614845,0.23503738050209147,0.29069767441860467,15.756736954977345,-0.0969811068782799,-0.0969811068782799,0.6972234298334306,0.6511620668813499,0.8978830812142374,0.7490929672891503,0.6971057838700435,0.7490929672891503,0.7616571707955031,0.872093023255814,86,0
resnet50,123,677_671,Face2Face,1,clean,clean,0,0.9894692100757776,1.0,1.0,0.2596441548768842,0.30531533930010735,0.2596441548768842,0.22659052897626647,0.16612510494280003,0.11282771042791648,0.16612510494280003,0.1842122675268201,0.2546135444519685,0.313953488372093,15.943114313968392,-0.010388980078142707,-0.010388980078142707,0.8524496336142684,0.6672348214616609,,,,,,,86,0
resnet50,123,677_671,Face2Face,1,darkening_sev1,darkening,1,0.9783631972102231,1.0,1.0,0.2666422626418175,0.3122273415010068,0.2666422626418175,0.23329632545110915,0.17281533009808173,0.11619495237659051,0.17281533009808173,0.1928437003209952,0.2650593378621654,0.313953488372093,15.846806681433389,-0.020435205032659096,-0.020435205032659096,0.8513437513651889,0.6909105992594431,0.9894528148185521,0.901677463789083,0.8702136385753844,0.901677463789083,0.9124922481566046,1.0,86,0
resnet50,123,677_671,Face2Face,1,darkening_sev2,darkening,2,0.8877618418529977,0.9534883720930233,0.9534883720930233,0.27387041953347874,0.31622401636036085,0.27387041953347874,0.2375713745348471,0.1800811007577388,0.11811493927227644,0.1800811007577388,0.1983867390055294,0.27582912088275785,0.3372093023255814,15.68951993764833,-0.09830645887657652,-0.09830645887657652,0.7487451872290221,0.6067581329234811,0.965153157940709,0.821661235942664,0.7971729033929387,0.821661235942664,0.8281294023710926,0.9534883720930233,86,0
resnet50,123,677_671,Face2Face,1,darkening_sev3,darkening,3,0.7080610392745151,0.8372093023255814,0.8372093023255814,0.26762235963581477,0.30993813291906147,0.26762235963581477,0.2278581348841154,0.17531071041071006,0.11523008906913022,0.17531071041071006,0.1887577647400958,0.27303032352499335,0.32558139534883723,15.622200145277866,-0.1544343967770421,-0.1544343967770421,0.4573685495226189,0.5034636309327081,0.892072302784388,0.7045894726606908,0.7044758272174922,0.7045894726606908,0.6883527917835564,0.8372093023255814,86,0
resnet50,123,677_671,Face2Face,1,jpeg_sev1,jpeg,1,0.9894709524720214,1.0,1.0,0.26201912153416385,0.30781819463193694,0.26201912153416385,0.2283880403361766,0.16830308074352757,0.11404789145289083,0.16830308074352757,0.18643452337822586,0.2561260937240514,0.3372093023255814,15.943406570789426,-0.010367703992266953,-0.010367703992266953,0.8480499839128623,0.6625788067142631,0.9956979795271184,0.9319020348768761,0.9096445250969204,0.9319020348768761,0.9409706403646796,1.0,86,0
resnet50,123,677_671,Face2Face,1,jpeg_sev2,jpeg,2,0.8655672069898871,0.8837209302325582,0.8837209302325582,0.2461565382204531,0.29318584409721515,0.2461565382204531,0.21610269119410624,0.15554840117701804,0.10739681756439133,0.15554840117701804,0.17404147923855995,0.24997790719619123,0.313953488372093,15.812361085137656,-0.12449961034364475,-0.12449961034364475,0.751736830172757,0.6202080648576538,0.9619929744130239,0.8261085832493943,0.7885860155451788,0.8261085832493943,0.8322080703289432,0.8837209302325582,86,0
resnet50,123,677_671,Face2Face,1,jpeg_sev3,jpeg,3,0.2634747341902301,0.2558139534883721,0.2558139534883721,0.16968174233093872,0.2048671112408021,0.16968174233093872,0.1406729362917464,0.10238228927375198,0.07254772659292934,0.10238228927375198,0.10556626964007186,0.18163441186785495,0.22093023255813954,15.661843432936557,-0.19877939273888037,-0.19877939273888037,0.21741054617669486,0.1593204931941727,0.4843008147782378,0.32405213095136015,0.2958816335567207,0.32405213095136015,0.32930126170342133,0.2558139534883721,86,0
resnet50,123,677_671,Face2Face,1,resize_sev1,resize,1,0.9918463243994602,1.0,1.0,0.26249483309220073,0.30758907617469605,0.26249483309220073,0.22908229851646927,0.16869155488203053,0.11391205250907571,0.16869155488203053,0.1871584818038865,0.25480536904891576,0.3372093023255814,15.976788443188335,-0.008042659870413821,-0.008042659870413821,0.8048126585781574,0.6234701301815898,0.9982484307860814,0.9531508235699317,0.9402823971890693,0.9531508235699317,0.9591607746271568,1.0,86,0
resnet50,123,677_671,Face2Face,1,resize_sev2,resize,2,0.9973780505878981,1.0,1.0,0.26534395870983724,0.31041975813578115,0.26534395870983724,0.2315827751509509,0.17132490328025343,0.11529843236546636,0.17132490328025343,0.1902641562346305,0.25502353391810767,0.32558139534883723,16.00928518384002,-0.0025254203829654176,-0.0025254203829654176,0.7768108693579602,0.5636762786050176,0.9961454088150802,0.9369195181212185,0.9175388121463033,0.9369195181212185,0.9446916598854619,1.0,86,0
resnet50,123,677_671,Face2Face,1,resize_sev3,resize,3,0.9815180786820346,1.0,1.0,0.2695297779499967,0.3157648249708596,0.2695297779499967,0.23678146803451677,0.1757884197670198,0.11797243943378621,0.1757884197670198,0.19743136200476377,0.26078900878321876,0.3488372093023256,15.991674423217773,-0.018206261618192766,-0.018206261618192766,0.7524973571213872,0.5301110179618348,0.9854316709185676,0.8659118834672325,0.8279749494994725,0.8659118834672325,0.8844635763536729,1.0,86,0
resnet50,123,677_671,FaceSwap,1,brightening_sev1,brightening,1,0.98346069719218,0.9873417721518988,0.9873417721518988,0.09946296698601917,0.10085224491330343,0.09946296698601917,0.09334426747687248,0.0661580823527997,0.04332012715586807,0.0661580823527997,0.07462960140648026,0.0925371766624885,0.02531645569620253,15.950354527823533,-0.01469533503810058,-0.01469533503810058,0.8371793064229851,0.7534480855529067,0.98927572552244,0.9057359527610656,0.8579364814583829,0.9057359527610656,0.923042701837639,0.9873417721518988,79,0
resnet50,123,677_671,FaceSwap,1,brightening_sev2,brightening,2,0.9538370738678341,0.9493670886075949,0.9493670886075949,0.09327421777465696,0.09731234367894145,0.09327421777465696,0.08564106079363609,0.06171841694914209,0.04203714352789951,0.06171841694914209,0.06773665947825619,0.08761573979980267,0.02531645569620253,15.87921668909773,-0.043161564424068065,-0.043161564424068065,0.7909036199739085,0.7432169332404774,0.9641969768618265,0.8247025206206442,0.7617972762509033,0.8247025206206442,0.8554125317030955,0.9493670886075949,79,0
resnet50,123,677_671,FaceSwap,1,brightening_sev3,brightening,3,0.8769555635090116,0.9113924050632911,0.9113924050632911,0.0883125107512117,0.09264282237626287,0.0883125107512117,0.081882866955566,0.05863661710914842,0.04002038073115593,0.05863661710914842,0.06509716752071551,0.08431371269168357,0.05063291139240506,15.763847133781336,-0.07574914668132607,-0.07574914668132607,0.7185564555899724,0.6693565147881738,0.9087808989096631,0.7639929418374696,0.7109504675543056,0.7639929418374696,0.7784338316904464,0.9113924050632911,79,0
resnet50,123,677_671,FaceSwap,1,clean,clean,0,0.9964911945258514,1.0,1.0,0.1060939841373353,0.10585255639114717,0.1060939841373353,0.10021622900724052,0.07122675039931264,0.04550862787361168,0.07122675039931264,0.08112860661955369,0.09821335346811863,0.012658227848101266,15.96306985541235,-0.003366594827627801,-0.003366594827627801,0.8545592473466185,0.6626946905368492,,,,,,,79,0
resnet50,123,677_671,FaceSwap,1,darkening_sev1,darkening,1,0.9801336443876918,1.0,1.0,0.10719048747276545,0.11003429244534708,0.10719048747276545,0.10129394873294705,0.07235100211395454,0.04777732526589946,0.07235100211395454,0.08238169948091917,0.10180224298568082,0.06329113924050633,15.858729362487793,-0.01864406730555277,-0.01864406730555277,0.8480470095631443,0.6838763054413132,0.9904604587221278,0.9066158069592999,0.8743183404862862,0.9066158069592999,0.9173414859968774,1.0,79,0
resnet50,123,677_671,FaceSwap,1,darkening_sev2,darkening,2,0.8918123435747775,0.9493670886075949,0.9493670886075949,0.1109974255884977,0.11583743900631983,0.1109974255884977,0.10325483216099156,0.07548542718158353,0.050732575284024896,0.07548542718158353,0.08460618811870159,0.1050703101231773,0.05063291139240506,15.700260343430918,-0.09400182943555371,-0.09400182943555371,0.7469732916524893,0.607497660419609,0.9663857107626075,0.8257948453713688,0.8015505961111682,0.8257948453713688,0.8307234632654149,0.9493670886075949,79,0
resnet50,123,677_671,FaceSwap,1,darkening_sev3,darkening,3,0.7217464150884484,0.8607594936708861,0.8607594936708861,0.1076335943606033,0.10875338485326254,0.1076335943606033,0.1013519084198676,0.07305064822439905,0.047523344955944916,0.07305064822439905,0.08337079404015217,0.0984695939796276,0.05063291139240506,15.622771420056306,-0.15625750301759453,-0.15625750301759453,0.4659974357183975,0.5115636639014075,0.9054943216829408,0.7205648101970079,0.7228655918846685,0.7205648101970079,0.6989174766287525,0.8607594936708861,79,0
resnet50,123,677_671,FaceSwap,1,jpeg_sev1,jpeg,1,0.9941800976101356,1.0,1.0,0.10570788348388035,0.10720198656619681,0.10570788348388035,0.10003432500599224,0.07099798898225308,0.04627080902723653,0.07099798898225308,0.0810298872377871,0.09885345063005928,0.0379746835443038,15.961830573745921,-0.005654310123829866,-0.005654310123829866,0.8472804810521724,0.6588948503891124,0.9961981554358479,0.933730007835028,0.9111166294208902,0.933730007835028,0.9438412026436962,1.0,79,0
resnet50,123,677_671,FaceSwap,1,jpeg_sev2,jpeg,2,0.8788206975294065,0.8860759493670886,0.8860759493670886,0.08919937151732542,0.08774064732346958,0.08919937151732542,0.08753595046010916,0.05859676372050191,0.037160159310217517,0.05859676372050191,0.06965170261200529,0.0847353758153601,0.0379746835443038,15.823104303094405,-0.11055984847907774,-0.11055984847907774,0.7631732528038984,0.6281366902167755,0.9612316787056236,0.8260167954540848,0.7861621593154237,0.8260167954540848,0.8326861196330512,0.8860759493670886,79,0
resnet50,123,677_671,FaceSwap,1,jpeg_sev3,jpeg,3,0.27483040869366404,0.26582278481012656,0.26582278481012656,0.06542389403902307,0.0595990605435321,0.06542389403902307,0.06206015161481998,0.04260298078309286,0.025035865956316225,0.04260298078309286,0.048811998829137525,0.05971164341039586,0.08860759493670886,15.653890138939966,-0.20305772864935245,-0.20305772864935245,0.22868508941590773,0.16591851221454804,0.4967602458963994,0.3342890374640055,0.30870895819326555,0.3342890374640055,0.33695985908853526,0.26582278481012656,79,0
resnet50,123,677_671,FaceSwap,1,resize_sev1,resize,1,0.9975589423239986,1.0,1.0,0.10777364475982522,0.10817406062204386,0.10777364475982522,0.10169642996635572,0.07256479173972681,0.046677697596433754,0.07256479173972681,0.08262286533746507,0.0999555649205364,0.02531645569620253,15.991863697390013,-0.002330925645707504,-0.002330925645707504,0.8051729869050316,0.6182949963626982,0.9984274005078823,0.954547030940664,0.9411544839433453,0.954547030940664,0.9600444975609141,1.0,79,0
resnet50,123,677_671,FaceSwap,1,resize_sev2,resize,2,0.9986447925809063,1.0,1.0,0.1088809596024023,0.10865606935257681,0.1088809596024023,0.10267539316567757,0.07340603989544649,0.04688538928309163,0.07340603989544649,0.08359879236247336,0.100670782737233,0.012658227848101266,16.022667788252047,-0.0012571690957757255,-0.0012571690957757255,0.771396731981371,0.5544559725477726,0.9972340191802908,0.942462013147993,0.9233528458297835,0.942462013147993,0.9498354113317771,1.0,79,0
resnet50,123,677_671,FaceSwap,1,resize_sev3,resize,3,0.9869700074195862,1.0,1.0,0.10923797363479217,0.11450135327249873,0.10923797363479217,0.10325031582268217,0.07403951457434774,0.05005707439034623,0.07403951457434774,0.08428068163507806,0.10329475557606937,0.0379746835443038,16.012816839580296,-0.01292443879042996,-0.01292443879042996,0.7453821511774124,0.5209820221496534,0.9879673834727037,0.8735895508785558,0.835486027714355,0.8735895508785558,0.8958675277308087,1.0,79,0
resnet50,123,677_671,NeuralTextures,1,brightening_sev1,brightening,1,0.98346069719218,0.9873417721518988,0.9873417721518988,0.21193628308311002,0.25231768104528896,0.21193628308311002,0.18346795577242014,0.13282870967597232,0.0918813087503891,0.13282870967597232,0.1456639029120953,0.20726006094745136,0.26582278481012656,15.950354527823533,-0.01469533503810058,-0.01469533503810058,0.8371793064229851,0.7534480855529067,0.98927572552244,0.9057359527610656,0.8579364814583829,0.9057359527610656,0.923042701837639,0.9873417721518988,79,0
resnet50,123,677_671,NeuralTextures,1,brightening_sev2,brightening,2,0.9538370738678341,0.9493670886075949,0.9493670886075949,0.20375590128031087,0.2483688761616061,0.20375590128031087,0.1738421547973144,0.12687266248354961,0.09041756695775828,0.12687266248354961,0.13583483900352059,0.20375061104719805,0.27848101265822783,15.87921668909773,-0.043161564424068065,-0.043161564424068065,0.7909036199739085,0.7432169332404774,0.9641969768618265,0.8247025206206442,0.7617972762509033,0.8247025206206442,0.8554125317030955,0.9493670886075949,79,0
resnet50,123,677_671,NeuralTextures,1,brightening_sev3,brightening,3,0.8769555635090116,0.9113924050632911,0.9113924050632911,0.19839242686574393,0.23967621953379645,0.19839242686574393,0.16934091831333933,0.12430476216123815,0.0874363853296564,0.12430476216123815,0.1336184238173731,0.2014794747627274,0.25316455696202533,15.763847133781336,-0.07574914668132607,-0.07574914668132607,0.7185564555899724,0.6693565147881738,0.9087808989096631,0.7639929418374696,0.7109504675543056,0.7639929418374696,0.7784338316904464,0.9113924050632911,79,0
resnet50,123,677_671,NeuralTextures,1,clean,clean,0,0.9964911945258514,1.0,1.0,0.22041024207177973,0.25754701293715454,0.22041024207177973,0.19286907151897276,0.1399153464279527,0.09418267656133876,0.1399153464279527,0.15599825630524894,0.21392656789232858,0.25316455696202533,15.96306985541235,-0.003366594827627801,-0.003366594827627801,0.8545592473466185,0.6626946905368492,,,,,,,79,0
resnet50,123,677_671,NeuralTextures,1,darkening_sev1,darkening,1,0.9801336443876918,1.0,1.0,0.22386322828812744,0.2627637164830454,0.22386322828812744,0.19544548191597744,0.14324467411504485,0.09670261604509586,0.14324467411504485,0.15926928198243856,0.22212046579148054,0.26582278481012656,15.858729362487793,-0.01864406730555277,-0.01864406730555277,0.8480470095631443,0.6838763054413132,0.9904604587221278,0.9066158069592999,0.8743183404862862,0.9066158069592999,0.9173414859968774,1.0,79,0
resnet50,123,677_671,NeuralTextures,1,darkening_sev2,darkening,2,0.8918123435747775,0.9493670886075949,0.9493670886075949,0.22847950933065853,0.2664884824813663,0.22847950933065853,0.1986682344795378,0.14762649889655774,0.09846465459130055,0.14762649889655774,0.16340471647050714,0.23083705391207038,0.27848101265822783,15.700260343430918,-0.09400182943555371,-0.09400182943555371,0.7469732916524893,0.607497660419609,0.9663857107626075,0.8257948453713688,0.8015505961111682,0.8257948453713688,0.8307234632654149,0.9493670886075949,79,0
resnet50,123,677_671,NeuralTextures,1,darkening_sev3,darkening,3,0.7217464150884484,0.8607594936708861,0.8607594936708861,0.22618614192221098,0.26329748080356397,0.22618614192221098,0.19487492661305716,0.1461496911064074,0.0970394707684334,0.1461496911064074,0.1604313723960183,0.2324898120969907,0.27848101265822783,15.622771420056306,-0.15625750301759453,-0.15625750301759453,0.4659974357183975,0.5115636639014075,0.9054943216829408,0.7205648101970079,0.7228655918846685,0.7205648101970079,0.6989174766287525,0.8607594936708861,79,0
resnet50,123,677_671,NeuralTextures,1,jpeg_sev1,jpeg,1,0.9941800976101356,1.0,1.0,0.22081964572912186,0.25843756630401743,0.22081964572912186,0.19319120455637956,0.14029058450501594,0.09461227704594197,0.14029058450501594,0.1564075552062513,0.2141040458900831,0.27848101265822783,15.961830573745921,-0.005654310123829866,-0.005654310123829866,0.8472804810521724,0.6588948503891124,0.9961981554358479,0.933730007835028,0.9111166294208902,0.933730007835028,0.9438412026436962,1.0,79,0
resnet50,123,677_671,NeuralTextures,1,jpeg_sev2,jpeg,2,0.8788206975294065,0.8860759493670886,0.8860759493670886,0.20476899560860398,0.24491044683680066,0.20476899560860398,0.18092813325353074,0.12718825675861048,0.08852077033290136,0.12718825675861048,0.14382708548487608,0.20865071705324742,0.25316455696202533,15.823104303094405,-0.11055984847907774,-0.11055984847907774,0.7631732528038984,0.6281366902167755,0.9612316787056236,0.8260167954540848,0.7861621593154237,0.8260167954540848,0.8326861196330512,0.8860759493670886,79,0
resnet50,123,677_671,NeuralTextures,1,jpeg_sev3,jpeg,3,0.27483040869366404,0.26582278481012656,0.26582278481012656,0.1467524789863803,0.1730464955397924,0.1467524789863803,0.12276449237337377,0.08853495492521549,0.0608185971914336,0.08853495492521549,0.09247379308308624,0.15720601454193991,0.189873417721519,15.653890138939966,-0.20305772864935245,-0.20305772864935245,0.22868508941590773,0.16591851221454804,0.4967602458963994,0.3342890374640055,0.30870895819326555,0.3342890374640055,0.33695985908853526,0.26582278481012656,79,0
resnet50,123,677_671,NeuralTextures,1,resize_sev1,resize,1,0.9975589423239986,1.0,1.0,0.22256586770450057,0.25947051461877896,0.22256586770450057,0.19477471204318,0.1418813982634186,0.09509277144861135,0.1418813982634186,0.1582621610324931,0.2142284107845872,0.27848101265822783,15.991863697390013,-0.002330925645707504,-0.002330925645707504,0.8051729869050316,0.6182949963626982,0.9984274005078823,0.954547030940664,0.9411544839433453,0.954547030940664,0.9600444975609141,1.0,79,0
resnet50,123,677_671,NeuralTextures,1,resize_sev2,resize,2,0.9986447925809063,1.0,1.0,0.22413119901532444,0.260897030776998,0.22413119901532444,0.1959032541827975,0.14332746344383396,0.0957660869416172,0.14332746344383396,0.15963989103281379,0.21377102770923628,0.26582278481012656,16.022667788252047,-0.0012571690957757255,-0.0012571690957757255,0.771396731981371,0.5544559725477726,0.9972340191802908,0.942462013147993,0.9233528458297835,0.942462013147993,0.9498354113317771,1.0,79,0
resnet50,123,677_671,NeuralTextures,1,resize_sev3,resize,3,0.9869700074195862,1.0,1.0,0.22428692643563183,0.26509251231066966,0.22428692643563183,0.19668730925318242,0.1436682644306181,0.09784867353240699,0.1436682644306181,0.16070601337151277,0.21567999124775222,0.2911392405063291,16.012816839580296,-0.01292443879042996,-0.01292443879042996,0.7453821511774124,0.5209820221496534,0.9879673834727037,0.8735895508785558,0.835486027714355,0.8735895508785558,0.8958675277308087,1.0,79,0
resnet50,123,683,Original,0,brightening_sev1,brightening,1,0.19078940467711378,0.17105263157894737,0.8289473684210527,,,,,,,,,,,,,,,,,,,,,0.7236842105263158,76,0
resnet50,123,683,Original,0,brightening_sev2,brightening,2,0.2502383727757995,0.2236842105263158,0.7763157894736842,,,,,,,,,,,,,,,,,,,,,0.7763157894736842,76,0
resnet50,123,683,Original,0,brightening_sev3,brightening,3,0.19062907592007444,0.14473684210526316,0.8552631578947368,,,,,,,,,,,,,,,,,,,,,0.6973684210526315,76,0
resnet50,123,683,Original,0,clean,clean,0,0.48323981662427906,0.4473684210526316,0.5526315789473685,,,,,,,,,,,,,,,,,,,,,,76,0
resnet50,123,683,Original,0,darkening_sev1,darkening,1,0.32813205439934356,0.2894736842105263,0.7105263157894737,,,,,,,,,,,,,,,,,,,,,0.8421052631578947,76,0
resnet50,123,683,Original,0,darkening_sev2,darkening,2,0.11745936467885158,0.09210526315789473,0.9078947368421053,,,,,,,,,,,,,,,,,,,,,0.6447368421052632,76,0
resnet50,123,683,Original,0,darkening_sev3,darkening,3,0.11387895575822571,0.039473684210526314,0.9605263157894737,,,,,,,,,,,,,,,,,,,,,0.5921052631578947,76,0
resnet50,123,683,Original,0,jpeg_sev1,jpeg,1,0.49327821134418054,0.4342105263157895,0.5657894736842105,,,,,,,,,,,,,,,,,,,,,0.9078947368421053,76,0
resnet50,123,683,Original,0,jpeg_sev2,jpeg,2,0.5218672585875825,0.5263157894736842,0.47368421052631576,,,,,,,,,,,,,,,,,,,,,0.9210526315789473,76,0
resnet50,123,683,Original,0,jpeg_sev3,jpeg,3,0.009984302780283411,0.013157894736842105,0.9868421052631579,,,,,,,,,,,,,,,,,,,,,0.5657894736842105,76,0
resnet50,123,683,Original,0,resize_sev1,resize,1,0.5706363503674143,0.5657894736842105,0.4342105263157895,,,,,,,,,,,,,,,,,,,,,0.881578947368421,76,0
resnet50,123,683,Original,0,resize_sev2,resize,2,0.6503177419991085,0.6710526315789473,0.32894736842105265,,,,,,,,,,,,,,,,,,,,,0.7763157894736842,76,0
resnet50,123,683,Original,0,resize_sev3,resize,3,0.9062751976675109,0.9736842105263158,0.02631578947368421,,,,,,,,,,,,,,,,,,,,,0.47368421052631576,76,0
resnet50,123,683_607,Deepfakes,1,brightening_sev1,brightening,1,0.9834843583797154,0.9868421052631579,0.9868421052631579,0.3183635410446681,0.3907597171664241,0.3183635410446681,0.27310731430909196,0.19635977656073753,0.13972089762065112,0.19635977656073753,0.21381647423985975,0.3314773025089489,0.4605263157894737,15.760335081502012,-0.012400080498896111,-0.012400080498896111,0.8363054796661201,0.7578890805965975,0.9667485222919947,0.824823636511718,0.7596296095250793,0.824823636511718,0.8582890922175559,0.9868421052631579,76,0
resnet50,123,683_607,Deepfakes,1,brightening_sev2,brightening,2,0.9852050170302391,0.9868421052631579,0.9868421052631579,0.3363338958335918,0.4005620416971409,0.3363338958335918,0.29039907015753313,0.2130284654318635,0.14493878894867968,0.2130284654318635,0.23471095031617586,0.3382548337450663,0.4342105263157895,15.851993297275744,-0.009005883414494336,-0.009005883414494336,0.7627258674290619,0.5841534149489904,0.9763538639385556,0.8571818305916225,0.7832854376600212,0.8571818305916225,0.8927677874635959,0.9868421052631579,76,0
resnet50,123,683_607,Deepfakes,1,brightening_sev3,brightening,3,0.8793347883773478,0.9342105263157895,0.9342105263157895,0.28373903559658364,0.3385538592488857,0.28373903559658364,0.2495980314894629,0.16903604453101737,0.1167174467158893,0.16903604453101737,0.19103211402709266,0.30413764176447705,0.3815789473684211,15.598014655866121,-0.052349858574177066,-0.052349858574177066,0.5855068170318478,0.6562065861040824,0.8945582654571801,0.6917733088947033,0.5830911065572671,0.6917733088947033,0.747173147033559,0.9342105263157895,76,0
resnet50,123,683_607,Deepfakes,1,clean,clean,0,0.9999674566482243,1.0,1.0,0.3587496379790147,0.43341999472515513,0.3587496379790147,0.30473095976167847,0.23285628107059575,0.16071901132761632,0.23285628107059575,0.25018558329031026,0.34563195036082867,0.4605263157894737,16.039189439070853,-2.865022734591255e-05,-2.865022734591255e-05,0.8738460036876955,0.5882984751737431,,,,,,,76,0
resnet50,123,683_607,Deepfakes,1,darkening_sev1,darkening,1,0.9999338780578814,1.0,1.0,0.35872127179785457,0.4313489424109967,0.35872127179785457,0.3056789628312528,0.2326543605450595,0.1597446745433571,0.2326543605450595,0.25137884042767117,0.3474592522487279,0.4605263157894737,16.021095915844565,-5.369280513963558e-05,-5.369280513963558e-05,0.8712090587880659,0.5309470809603992,0.9958814526983559,0.9296143585987636,0.8936762668125315,0.9296143585987636,0.9519812778451875,1.0,76,0
resnet50,123,683_607,Deepfakes,1,darkening_sev2,darkening,2,0.9963730534440592,1.0,1.0,0.3517840476765596,0.41287781493863046,0.3517840476765596,0.30160459929095235,0.22626710679658874,0.15077860442242494,0.22626710679658874,0.2464870245397708,0.3472763840416616,0.4605263157894737,15.906746123966418,-0.0032565672146646226,-0.0032565672146646226,0.8550574511387631,0.4081293799375233,0.9861050902809572,0.8812163195370811,0.8216478352002303,0.8812163195370811,0.9104252607526524,1.0,76,0
resnet50,123,683_607,Deepfakes,1,darkening_sev3,darkening,3,0.6103651262819767,0.7105263157894737,0.7105263157894737,0.2687376587227716,0.31363475218157616,0.2687376587227716,0.2414689260592538,0.16003481449015883,0.1084724633139932,0.16003481449015883,0.18440385608691767,0.27375813663389853,0.3684210526315789,15.839213245793394,-0.16904184614357193,-0.16904184614357193,0.3168736463902812,0.26166279113998536,0.8259370638330165,0.6050015371457891,0.5322946870843034,0.6050015371457891,0.6207410647736107,0.7105263157894737,76,0
resnet50,123,683_607,Deepfakes,1,jpeg_sev1,jpeg,1,0.9999593088501378,1.0,1.0,0.3573145159737516,0.4320649133761146,0.3573145159737516,0.3043372835852398,0.23141056510418223,0.15996700462990493,0.23141056510418223,0.24967189015375427,0.34470739566708064,0.4605263157894737,16.03750723286679,-3.5025571521955024e-05,-3.5025571521955024e-05,0.8638413563664806,0.5776393070424858,0.9990951774322583,0.9664343788601472,0.9499884531334373,0.9664343788601472,0.9755170884830344,1.0,76,0
resnet50,123,683_607,Deepfakes,1,jpeg_sev2,jpeg,2,0.9999369845578545,1.0,1.0,0.35578018716930254,0.43241663222588606,0.35578018716930254,0.30308411922599604,0.22995523886928307,0.16020167088341938,0.22995523886928307,0.24809386683774956,0.34514378688187336,0.4605263157894737,16.023292378375405,-5.743299659929166e-05,-5.743299659929166e-05,0.8678834968687672,0.5751004024947944,0.9975304957471518,0.9456922706384986,0.917849970454124,0.9456922706384986,0.9600942647471506,1.0,76,0
resnet50,123,683_607,Deepfakes,1,jpeg_sev3,jpeg,3,0.34116401813470904,0.34210526315789475,0.34210526315789475,0.1876102720781641,0.23578452322824842,0.1876102720781641,0.16230716546981394,0.10789634005015782,0.08114005845772143,0.10789634005015782,0.118255529226759,0.21255373717804404,0.2631578947368421,15.46581012324283,-0.44481851030631286,-0.44481851030631286,0.2859220005963212,0.27190689713767674,0.5552825170271284,0.378548323313051,0.30721543905804277,0.378548323313051,0.40546134568847286,0.34210526315789475,76,0
resnet50,123,683_607,Deepfakes,1,resize_sev1,resize,1,0.9999731661457765,1.0,1.0,0.3585269721802319,0.43356412061100924,0.3585269721802319,0.3049369680517488,0.23261990497165252,0.16076146382313924,0.23261990497165252,0.2504547560420532,0.3452459436501378,0.4605263157894737,16.044969784586055,-2.2912496014642168e-05,-2.2912496014642168e-05,0.8519333942156089,0.5563342273235321,0.999484456541638,0.9746054994530272,0.960958295093065,0.9746054994530272,0.9818427608047378,1.0,76,0
resnet50,123,683_607,Deepfakes,1,resize_sev2,resize,2,0.9999702588508004,1.0,1.0,0.35992926135661707,0.43552634145321534,0.35992926135661707,0.3054285472493971,0.23397548866151252,0.16172424636094215,0.23397548866151252,0.2510550900719144,0.3457083745397169,0.4605263157894737,16.051947894849274,-2.599860492505259e-05,-2.599860492505259e-05,0.8346672085554976,0.5063038723249185,0.9992304554059939,0.9695760450498035,0.9534986438302185,0.9695760450498035,0.9767663284116284,1.0,76,0
resnet50,123,683_607,Deepfakes,1,resize_sev3,resize,3,0.9999873998918032,1.0,1.0,0.35992610446643,0.43695578611276326,0.35992610446643,0.30444402697991735,0.23395647912707235,0.16247418520895948,0.23395647912707235,0.2496970554658316,0.3450241072161915,0.4605263157894737,16.067908939562347,-5.689890761124825e-06,-5.689890761124825e-06,0.7343463614386948,0.40778778885540207,0.9978196929323468,0.9484863873908083,0.925793361981565,0.9484863873908083,0.9582385167705072,1.0,76,0
resnet50,123,683_607,Face2Face,1,brightening_sev1,brightening,1,0.8838002615559258,0.8947368421052632,0.8947368421052632,0.43646398195185354,0.5202473851781638,0.43646398195185354,0.3618330703469818,0.2520950418331688,0.17126204691019709,0.2520950418331688,0.26346933632431424,0.45291318419796145,0.5701754385964912,15.687015583640651,-0.05833667007748753,-0.05833667007748753,0.7562782624511767,0.7182409236189223,0.9408146951629812,0.782358716407743,0.7028265572558766,0.782358716407743,0.8120834276589862,0.8947368421052632,114,0
resnet50,123,683_607,Face2Face,1,brightening_sev2,brightening,2,0.9202342718643578,0.9210526315789473,0.9210526315789473,0.4574550055081971,0.5376127418011711,0.4574550055081971,0.38322598093222116,0.26953454257154597,0.1786342414042837,0.26953454257154597,0.2860294664021872,0.46481196538470687,0.5877192982456141,15.781568075481214,-0.03787434699111861,-0.03787434699111861,0.7150573391598045,0.5855824239919648,0.9580392672003882,0.8277445831497703,0.7493251836497732,0.8277445831497703,0.8563993207158616,0.9210526315789473,114,0
resnet50,123,683_607,Face2Face,1,brightening_sev3,brightening,3,0.8154730990921196,0.8596491228070176,0.8596491228070176,0.40128046841755033,0.48779096269037076,0.40128046841755033,0.33427668834545354,0.22539564361191874,0.1581753043421847,0.22539564361191874,0.2380228433119474,0.4316309699971,0.5350877192982456,15.583171217065109,-0.07914005572858608,-0.07914005572858608,0.5589867064304519,0.6322272312112578,0.8829581908760065,0.681644606122985,0.577485274317178,0.681644606122985,0.724756065876776,0.8596491228070176,114,0
resnet50,123,683_607,Face2Face,1,clean,clean,0,0.9936023903520483,1.0,1.0,0.5087384797419437,0.5887711904402488,0.5087384797419437,0.4234885550116271,0.3111163285618186,0.2002295242488268,0.3111163285618186,0.3276344046448363,0.4873923397428524,0.6228070175438597,15.997123333445767,-0.006335324885552369,-0.006335324885552369,0.8893216808669662,0.63044243298569,,,,,,,114,0
resnet50,123,683_607,Face2Face,1,darkening_sev1,darkening,1,0.9904584508193167,1.0,1.0,0.5108733150069941,0.5913156822259678,0.5108733150069941,0.42677251732436766,0.3129332549571119,0.20131414221519256,0.3129332549571119,0.3314868684499559,0.49269376428810974,0.6052631578947368,15.97810931791339,-0.009337791748214168,-0.009337791748214168,0.8747458705890989,0.5087408678312051,0.9940246018638157,0.9204353866590498,0.8810199044007141,0.9204353866590498,0.9376844923641475,1.0,114,0
resnet50,123,683_607,Face2Face,1,darkening_sev2,darkening,2,0.8634506363029543,0.868421052631579,0.868421052631579,0.4559381316396606,0.5313272430036027,0.4559381316396606,0.3841421607424458,0.2701037826657225,0.17665523671597738,0.2701037826657225,0.28946387398321927,0.46063846701340216,0.5701754385964912,15.81854325846622,-0.08967616833877141,-0.08967616833877141,0.7232713932988414,0.3036830114168033,0.9517652762359692,0.816460312199763,0.7588843023743529,0.816460312199763,0.834818482026879,0.868421052631579,114,0
resnet50,123,683_607,Face2Face,1,darkening_sev3,darkening,3,0.49717982842080427,0.5263157894736842,0.5263157894736842,0.2984655027696078,0.3381596668560116,0.2984655027696078,0.2654572824491615,0.16240060044237917,0.1063589985142824,0.16240060044237917,0.18489896962691427,0.29371316299439326,0.38596491228070173,15.974559164883798,-0.13581856098352815,-0.13581856098352815,0.24390200205277976,0.168802826354901,0.6670582094558082,0.4683690704052467,0.4020809166680004,0.4683690704052467,0.49746157877917435,0.5263157894736842,114,0
resnet50,123,683_607,Face2Face,1,jpeg_sev1,jpeg,1,0.9954299571221334,1.0,1.0,0.5092367282518829,0.5891058827829293,0.5092367282518829,0.42385824014844364,0.31151466069412026,0.2003593560437375,0.31151466069412026,0.3280632392337447,0.4872440051545752,0.6140350877192983,16.000568440085964,-0.004492139084297297,-0.004492139084297297,0.8776962099466146,0.6269634399612091,0.998666536406128,0.9623383812718473,0.944497821938683,0.9623383812718473,0.9692196189995067,1.0,114,0
resnet50,123,683_607,Face2Face,1,jpeg_sev2,jpeg,2,0.9949061525495428,1.0,1.0,0.5059150041246402,0.5870176115779986,0.5059150041246402,0.42127289944803087,0.30875694998874353,0.1994925123717335,0.30875694998874353,0.3252066715362006,0.48586677905991044,0.6228070175438597,15.990350890577885,-0.004316160553380047,-0.004316160553380047,0.8795269317353112,0.6193602584576103,0.9958384306354655,0.9358033288797772,0.9048364036673529,0.9358033288797772,0.948997294515786,1.0,114,0
resnet50,123,683_607,Face2Face,1,jpeg_sev3,jpeg,3,0.24990105101639062,0.24561403508771928,0.24561403508771928,0.21570928444427365,0.26443412844860087,0.21570928444427365,0.1823465858969459,0.11289563521937354,0.0809864459443454,0.11289563521937354,0.1211783332086206,0.23517088432441066,0.3333333333333333,15.584571553949724,-0.362538275392772,-0.362538275392772,0.21074391829850417,0.2007688044680419,0.446165228230147,0.2973140031980965,0.2335991557851365,0.2973140031980965,0.3263432927722715,0.24561403508771928,114,0
resnet50,123,683_607,Face2Face,1,resize_sev1,resize,1,0.9974673704097146,1.0,1.0,0.5125717542275908,0.5913933795688182,0.5125717542275908,0.4267849734864499,0.3144567551581686,0.2013722161695958,0.3144567551581686,0.33135199620956546,0.48846581759988184,0.631578947368421,16.012506468254223,-0.002470949239898133,-0.002470949239898133,0.8702536380784422,0.6067586412097801,0.9989211887494331,0.9686208872218888,0.9530398355990378,0.9686208872218888,0.975297564708065,1.0,114,0
resnet50,123,683_607,Face2Face,1,resize_sev2,resize,2,0.9990123311678568,1.0,1.0,0.5144948752930006,0.5932190884523425,0.5144948752930006,0.4288936672540382,0.3161417477393613,0.20216120137918747,0.3161417477393613,0.33374329493203003,0.4889615161333672,0.6228070175438597,16.022848999291135,-0.0009370252751467391,-0.0009370252751467391,0.8507196249587363,0.5663275629151285,0.9983565179105169,0.9617189639498148,0.9433781322278956,0.9617189639498148,0.9676196134210776,1.0,114,0
resnet50,123,683_607,Face2Face,1,resize_sev3,resize,3,0.9998362142788736,1.0,1.0,0.5182970948102977,0.595536753270399,0.5182970948102977,0.4321543597475089,0.3194753674624665,0.20317753857931822,0.3194753674624665,0.33757306073493865,0.48840018906016763,0.6052631578947368,16.05277891326369,-0.0001235102352342999,-0.0001235102352342999,0.7615610210290342,0.4795204340235183,0.9948112686752646,0.9318491595596142,0.9035022089622923,0.9318491595596142,0.9426656838326535,1.0,114,0
resnet50,123,683_607,FaceSwap,1,brightening_sev1,brightening,1,0.9834843583797154,0.9868421052631579,0.9868421052631579,0.21227369974246882,0.25206535009965975,0.21227369974246882,0.1936904502284653,0.1207513216993886,0.08690475898485148,0.1207513216993886,0.13953151543612258,0.22301854356380982,0.3157894736842105,15.760335081502012,-0.012400080498896111,-0.012400080498896111,0.8363054796661201,0.7578890805965975,0.9667485222919947,0.824823636511718,0.7596296095250793,0.824823636511718,0.8582890922175559,0.9868421052631579,76,0
resnet50,123,683_607,FaceSwap,1,brightening_sev2,brightening,2,0.9852050170302391,0.9868421052631579,0.9868421052631579,0.22695598573690082,0.25761502690639204,0.22695598573690082,0.20563645488020996,0.1315762868543917,0.08924471578866064,0.1315762868543917,0.15089202657204295,0.22909924384624916,0.2631578947368421,15.851993297275744,-0.009005883414494336,-0.009005883414494336,0.7627258674290619,0.5841534149489904,0.9763538639385556,0.8571818305916225,0.7832854376600212,0.8571818305916225,0.8927677874635959,0.9868421052631579,76,0
resnet50,123,683_607,FaceSwap,1,brightening_sev3,brightening,3,0.8793347883773478,0.9342105263157895,0.9342105263157895,0.18957124486369756,0.20299807373507073,0.18957124486369756,0.1718213021060594,0.10565664651483686,0.0676399178649244,0.10565664651483686,0.1208014767063292,0.19232157556647905,0.25,15.598014655866121,-0.052349858574177066,-0.052349858574177066,0.5855068170318478,0.6562065861040824,0.8945582654571801,0.6917733088947033,0.5830911065572671,0.6917733088947033,0.747173147033559,0.9342105263157895,76,0
resnet50,123,683_607,FaceSwap,1,clean,clean,0,0.9999674566482243,1.0,1.0,0.24462991935730835,0.28790970717386277,0.24462991935730835,0.21969093793431216,0.144810054391633,0.10218381960521972,0.144810054391633,0.16426399546854145,0.24221267835251123,0.34210526315789475,16.039189439070853,-2.865022734591255e-05,-2.865022734591255e-05,0.8738460036876955,0.5882984751737431,,,,,,,76,0
resnet50,123,683_607,FaceSwap,1,darkening_sev1,darkening,1,0.9999338780578814,1.0,1.0,0.2449594076331693,0.2889748664567675,0.2449594076331693,0.22003267070414365,0.1450131282870905,0.10259134311396725,0.1450131282870905,0.16461538871127193,0.2437494897111753,0.32894736842105265,16.021095915844565,-5.369280513963558e-05,-5.369280513963558e-05,0.8712090587880659,0.5309470809603992,0.9958814526983559,0.9296143585987636,0.8936762668125315,0.9296143585987636,0.9519812778451875,1.0,76,0
resnet50,123,683_607,FaceSwap,1,darkening_sev2,darkening,2,0.9963730534440592,1.0,1.0,0.23833774012470627,0.27381624730112614,0.23833774012470627,0.21567777816754086,0.13994096223911223,0.09615252588898734,0.13994096223911223,0.1602644052900106,0.23858680998427337,0.2894736842105263,15.906746123966418,-0.0032565672146646226,-0.0032565672146646226,0.8550574511387631,0.4081293799375233,0.9861050902809572,0.8812163195370811,0.8216478352002303,0.8812163195370811,0.9104252607526524,1.0,76,0
resnet50,123,683_607,FaceSwap,1,darkening_sev3,darkening,3,0.6103651262819767,0.7105263157894737,0.7105263157894737,0.17954680158961925,0.18961147060686992,0.17954680158961925,0.1710032958360921,0.10009845732647067,0.06380319889073402,0.10009845732647067,0.12092444803840552,0.17788904853913154,0.23684210526315788,15.839213245793394,-0.16904184614357193,-0.16904184614357193,0.3168736463902812,0.26166279113998536,0.8259370638330165,0.6050015371457891,0.5322946870843034,0.6050015371457891,0.6207410647736107,0.7105263157894737,76,0
resnet50,123,683_607,FaceSwap,1,jpeg_sev1,jpeg,1,0.9999593088501378,1.0,1.0,0.2429668776588226,0.2873520889362881,0.2429668776588226,0.2194912437790052,0.14345662630009637,0.10188255579532607,0.14345662630009637,0.16405038847602568,0.24144661140037324,0.32894736842105265,16.03750723286679,-3.5025571521955024e-05,-3.5025571521955024e-05,0.8638413563664806,0.5776393070424858,0.9990951774322583,0.9664343788601472,0.9499884531334373,0.9664343788601472,0.9755170884830344,1.0,76,0
resnet50,123,683_607,FaceSwap,1,jpeg_sev2,jpeg,2,0.9999369845578545,1.0,1.0,0.241823631230099,0.2880262187842722,0.241823631230099,0.2186109081445125,0.14260818169682396,0.10217992929430951,0.14260818169682396,0.16317499594047105,0.24153122236442598,0.34210526315789475,16.023292378375405,-5.743299659929166e-05,-5.743299659929166e-05,0.8678834968687672,0.5751004024947944,0.9975304957471518,0.9456922706384986,0.917849970454124,0.9456922706384986,0.9600942647471506,1.0,76,0
resnet50,123,683_607,FaceSwap,1,jpeg_sev3,jpeg,3,0.34116401813470904,0.34210526315789475,0.34210526315789475,0.13241740733850366,0.14703849352225437,0.13241740733850366,0.12266998070083537,0.07314794711556304,0.04926200409305816,0.07314794711556304,0.08479565383533534,0.13557539368856086,0.19736842105263158,15.46581012324283,-0.44481851030631286,-0.44481851030631286,0.2859220005963212,0.27190689713767674,0.5552825170271284,0.378548323313051,0.30721543905804277,0.378548323313051,0.40546134568847286,0.34210526315789475,76,0
resnet50,123,683_607,FaceSwap,1,resize_sev1,resize,1,0.9999731661457765,1.0,1.0,0.2444881506571412,0.2886575765311714,0.2444881506571412,0.21990846133192166,0.14468214039574737,0.10247857680195827,0.14468214039574737,0.16448775135546656,0.24232174861171538,0.34210526315789475,16.044969784586055,-2.2912496014642168e-05,-2.2912496014642168e-05,0.8519333942156089,0.5563342273235321,0.999484456541638,0.9746054994530272,0.960958295093065,0.9746054994530272,0.9818427608047378,1.0,76,0
resnet50,123,683_607,FaceSwap,1,resize_sev2,resize,2,0.9999702588508004,1.0,1.0,0.24558917466499197,0.2904323787316558,0.24558917466499197,0.2203411933854026,0.14555300177027486,0.10323186438224424,0.14555300177027486,0.16493057145587428,0.24319216242273184,0.32894736842105265,16.051947894849274,-2.599860492505259e-05,-2.599860492505259e-05,0.8346672085554976,0.5063038723249185,0.9992304554059939,0.9695760450498035,0.9534986438302185,0.9695760450498035,0.9767663284116284,1.0,76,0
resnet50,123,683_607,FaceSwap,1,resize_sev3,resize,3,0.9999873998918032,1.0,1.0,0.24576809324500207,0.2916560307661461,0.24576809324500207,0.21990499223798435,0.1456749069681494,0.10374483382320741,0.1456749069681494,0.16445842558222276,0.2429185944735234,0.32894736842105265,16.067908939562347,-5.689890761124825e-06,-5.689890761124825e-06,0.7343463614386948,0.40778778885540207,0.9978196929323468,0.9484863873908083,0.925793361981565,0.9484863873908083,0.9582385167705072,1.0,76,0
resnet50,123,683_607,NeuralTextures,1,brightening_sev1,brightening,1,0.9834843583797154,0.9868421052631579,0.9868421052631579,0.34136186236771937,0.40289003495163683,0.34136186236771937,0.28107839656749867,0.20057252479465643,0.1334397845035279,0.20057252479465643,0.20831060473160704,0.34349955641886987,0.42105263157894735,15.760335081502012,-0.012400080498896111,-0.012400080498896111,0.8363054796661201,0.7578890805965975,0.9667485222919947,0.824823636511718,0.7596296095250793,0.824823636511718,0.8582890922175559,0.9868421052631579,76,0
resnet50,123,683_607,NeuralTextures,1,brightening_sev2,brightening,2,0.9852050170302391,0.9868421052631579,0.9868421052631579,0.35118550075121446,0.40577219680359927,0.35118550075121446,0.29029637762048643,0.20921040402902122,0.13477352679370885,0.20921040402902122,0.21854842664461419,0.344687193445703,0.40789473684210525,15.851993297275744,-0.009005883414494336,-0.009005883414494336,0.7627258674290619,0.5841534149489904,0.9763538639385556,0.8571818305916225,0.7832854376600212,0.8571818305916225,0.8927677874635959,0.9868421052631579,76,0
resnet50,123,683_607,NeuralTextures,1,brightening_sev3,brightening,3,0.8793347883773478,0.9342105263157895,0.9342105263157895,0.3032285613926888,0.36411369489502377,0.3032285613926888,0.2505314984241882,0.1708532808826114,0.11755844446154845,0.1708532808826114,0.17886985352700313,0.32049559830262964,0.3815789473684211,15.598014655866121,-0.052349858574177066,-0.052349858574177066,0.5855068170318478,0.6562065861040824,0.8945582654571801,0.6917733088947033,0.5830911065572671,0.6917733088947033,0.747173147033559,0.9342105263157895,76,0
resnet50,123,683_607,NeuralTextures,1,clean,clean,0,0.9999674566482243,1.0,1.0,0.37392498325693013,0.42613819100281186,0.37392498325693013,0.3087475248605954,0.2287234308328495,0.1436671811190357,0.2287234308328495,0.23849468350520456,0.3493092295460764,0.4473684210526316,16.039189439070853,-2.865022734591255e-05,-2.865022734591255e-05,0.8738460036876955,0.5882984751737431,,,,,,,76,0
resnet50,123,683_607,NeuralTextures,1,darkening_sev1,darkening,1,0.9999338780578814,1.0,1.0,0.3740093789214349,0.425318114811176,0.3740093789214349,0.30832914528953487,0.22870235825469076,0.14328091770168339,0.22870235825469076,0.23806681302194163,0.3512415885047211,0.42105263157894735,16.021095915844565,-5.369280513963558e-05,-5.369280513963558e-05,0.8712090587880659,0.5309470809603992,0.9958814526983559,0.9296143585987636,0.8936762668125315,0.9296143585987636,0.9519812778451875,1.0,76,0
resnet50,123,683_607,NeuralTextures,1,darkening_sev2,darkening,2,0.9963730534440592,1.0,1.0,0.36498099699543846,0.4145080427026285,0.36498099699543846,0.30137427859687316,0.22066429274677452,0.13858325810125657,0.22066429274677452,0.22995806232715763,0.35128563084098896,0.40789473684210525,15.906746123966418,-0.0032565672146646226,-0.0032565672146646226,0.8550574511387631,0.4081293799375233,0.9861050902809572,0.8812163195370811,0.8216478352002303,0.8812163195370811,0.9104252607526524,1.0,76,0
resnet50,123,683_607,NeuralTextures,1,darkening_sev3,darkening,3,0.6103651262819767,0.7105263157894737,0.7105263157894737,0.28386447849481883,0.33253872446487087,0.28386447849481883,0.24605232036791175,0.15925930132292443,0.10668134280324458,0.15925930132292443,0.17676925667907262,0.28579237198447366,0.40789473684210525,15.839213245793394,-0.16904184614357193,-0.16904184614357193,0.3168736463902812,0.26166279113998536,0.8259370638330165,0.6050015371457891,0.5322946870843034,0.6050015371457891,0.6207410647736107,0.7105263157894737,76,0
resnet50,123,683_607,NeuralTextures,1,jpeg_sev1,jpeg,1,0.9999593088501378,1.0,1.0,0.3732551850521208,0.42599214315445266,0.3732551850521208,0.30849805696939114,0.22805312884415313,0.14357886826409316,0.22805312884415313,0.23816822159646153,0.34893516984913425,0.4342105263157895,16.03750723286679,-3.5025571521955024e-05,-3.5025571521955024e-05,0.8638413563664806,0.5776393070424858,0.9990951774322583,0.9664343788601472,0.9499884531334373,0.9664343788601472,0.9755170884830344,1.0,76,0
resnet50,123,683_607,NeuralTextures,1,jpeg_sev2,jpeg,2,0.9999369845578545,1.0,1.0,0.37193782318242774,0.42588794284287684,0.37193782318242774,0.3072263258338555,0.226876817395572,0.14353988604707557,0.226876817395572,0.2366928586101363,0.34928960164050005,0.4473684210526316,16.023292378375405,-5.743299659929166e-05,-5.743299659929166e-05,0.8678834968687672,0.5751004024947944,0.9975304957471518,0.9456922706384986,0.917849970454124,0.9456922706384986,0.9600942647471506,1.0,76,0
resnet50,123,683_607,NeuralTextures,1,jpeg_sev3,jpeg,3,0.34116401813470904,0.34210526315789475,0.34210526315789475,0.20601465691944826,0.2515213266711596,0.20601465691944826,0.17461533847321578,0.11112119874139141,0.0783361140621382,0.11112119874139141,0.11992881370386665,0.2279223458742696,0.3026315789473684,15.46581012324283,-0.44481851030631286,-0.44481851030631286,0.2859220005963212,0.27190689713767674,0.5552825170271284,0.378548323313051,0.30721543905804277,0.378548323313051,0.40546134568847286,0.34210526315789475,76,0
resnet50,123,683_607,NeuralTextures,1,resize_sev1,resize,1,0.9999731661457765,1.0,1.0,0.3741737182585514,0.4264944695036922,0.3741737182585514,0.3092668014401401,0.22894026646522922,0.14382229729897184,0.22894026646522922,0.23911783563132116,0.34929680808973745,0.4605263157894737,16.044969784586055,-2.2912496014642168e-05,-2.2912496014642168e-05,0.8519333942156089,0.5563342273235321,0.999484456541638,0.9746054994530272,0.960958295093065,0.9746054994530272,0.9818427608047378,1.0,76,0
resnet50,123,683_607,NeuralTextures,1,resize_sev2,resize,2,0.9999702588508004,1.0,1.0,0.37516684901489983,0.42761060167891857,0.37516684901489983,0.3100440083884141,0.2298653307648243,0.14431690027404384,0.2298653307648243,0.24002823651821886,0.3497088423028245,0.4473684210526316,16.051947894849274,-2.599860492505259e-05,-2.599860492505259e-05,0.8346672085554976,0.5063038723249185,0.9992304554059939,0.9695760450498035,0.9534986438302185,0.9695760450498035,0.9767663284116284,1.0,76,0
resnet50,123,683_607,NeuralTextures,1,resize_sev3,resize,3,0.9999873998918032,1.0,1.0,0.3755009470500351,0.42851016507028244,0.3755009470500351,0.30985805103573627,0.23015023502204587,0.14472841895063862,0.23015023502204587,0.2398365471182188,0.3493275086529588,0.4342105263157895,16.067908939562347,-5.689890761124825e-06,-5.689890761124825e-06,0.7343463614386948,0.40778778885540207,0.9978196929323468,0.9484863873908083,0.925793361981565,0.9484863873908083,0.9582385167705072,1.0,76,0
resnet50,123,876,Original,0,brightening_sev1,brightening,1,0.0020118073398291835,0.0,1.0,,,,,,,,,,,,,,,,,,,,,1.0,79,0
resnet50,123,876,Original,0,brightening_sev2,brightening,2,0.004231905643181622,0.0,1.0,,,,,,,,,,,,,,,,,,,,,1.0,79,0
resnet50,123,876,Original,0,brightening_sev3,brightening,3,0.003443993582158843,0.0,1.0,,,,,,,,,,,,,,,,,,,,,1.0,79,0
resnet50,123,876,Original,0,clean,clean,0,0.0009847961864809557,0.0,1.0,,,,,,,,,,,,,,,,,,,,,,79,0
resnet50,123,876,Original,0,darkening_sev1,darkening,1,0.0004448217758733431,0.0,1.0,,,,,,,,,,,,,,,,,,,,,1.0,79,0
resnet50,123,876,Original,0,darkening_sev2,darkening,2,0.001021083856876038,0.0,1.0,,,,,,,,,,,,,,,,,,,,,1.0,79,0
resnet50,123,876,Original,0,darkening_sev3,darkening,3,0.01175856625342949,0.0,1.0,,,,,,,,,,,,,,,,,,,,,1.0,79,0
resnet50,123,876,Original,0,jpeg_sev1,jpeg,1,0.0005570369671486055,0.0,1.0,,,,,,,,,,,,,,,,,,,,,1.0,79,0
resnet50,123,876,Original,0,jpeg_sev2,jpeg,2,0.0002519914038501861,0.0,1.0,,,,,,,,,,,,,,,,,,,,,1.0,79,0
resnet50,123,876,Original,0,jpeg_sev3,jpeg,3,0.003533542166903119,0.0,1.0,,,,,,,,,,,,,,,,,,,,,1.0,79,0
resnet50,123,876,Original,0,resize_sev1,resize,1,0.017204379518365273,0.0,1.0,,,,,,,,,,,,,,,,,,,,,1.0,79,0
resnet50,123,876,Original,0,resize_sev2,resize,2,0.060199582674083714,0.012658227848101266,0.9873417721518988,,,,,,,,,,,,,,,,,,,,,0.9873417721518988,79,0
resnet50,123,876,Original,0,resize_sev3,resize,3,0.021805953157069465,0.0,1.0,,,,,,,,,,,,,,,,,,,,,1.0,79,0
resnet50,123,876_891,Deepfakes,1,brightening_sev1,brightening,1,0.9747185009189799,0.9746835443037974,0.9746835443037974,0.19913968690570047,0.241527311619871,0.19913968690570047,0.17109023697811918,0.1248183317643759,0.08799725373679938,0.1248183317643759,0.1353985755001348,0.2087385806431465,0.3037974683544304,14.00380245643326,-0.024135810287692835,-0.024135810287692835,0.7051193074240715,0.6942748268948326,0.9745328720865167,0.8693382363458867,0.8342985595999572,0.8693382363458867,0.869705689236773,0.9620253164556962,79,0
resnet50,123,876_891,Deepfakes,1,brightening_sev2,brightening,2,0.9732685040069532,0.9746835443037974,0.9746835443037974,0.1941341227428291,0.23213506947795515,0.1941341227428291,0.16885933875630937,0.1210913153438418,0.08404117997845507,0.1210913153438418,0.13366750056991297,0.20159712949471917,0.2911392405063291,14.00492158720765,-0.020282920025571936,-0.020282920025571936,0.65277208864123,0.7220515066026887,0.9708402487389743,0.8417461553999639,0.8063950004846232,0.8417461553999639,0.8373985602904064,0.9620253164556962,79,0
resnet50,123,876_891,Deepfakes,1,brightening_sev3,brightening,3,0.9514161323821997,0.9746835443037974,0.9746835443037974,0.18439771015284603,0.22417173303709814,0.18439771015284603,0.15973974857520112,0.1128795522906559,0.08047616002668445,0.1128795522906559,0.12396935991235651,0.1957484783909843,0.25316455696202533,13.937418949754932,-0.02134268919501119,-0.02134268919501119,0.6407720096692254,0.7264356300753506,0.9714213447655694,0.8443231774270534,0.802235663230027,0.8443231774270534,0.8457675089964483,0.9620253164556962,79,0
resnet50,123,876_891,Deepfakes,1,clean,clean,0,0.903640687984379,0.9367088607594937,0.9367088607594937,0.18539357503611967,0.22410381957823072,0.18539357503611967,0.1575603263492781,0.1151114132356098,0.08110450046083306,0.1151114132356098,0.1233854610083969,0.19733402510959908,0.2911392405063291,13.885636269291744,-0.07311428767404975,-0.07311428767404975,0.7167597419193273,0.5573456086737069,,,,,,,79,0
resnet50,123,876_891,Deepfakes,1,darkening_sev1,darkening,1,0.507523944171122,0.4936708860759494,0.4936708860759494,0.11864842428614482,0.14207760653305826,0.11864842428614482,0.09975958958055381,0.07161405951651945,0.049791185232414006,0.07161405951651945,0.07554068370416199,0.12686289978006918,0.13924050632911392,13.732300275488745,-0.22867287223557412,-0.22867287223557412,0.4010926276383497,0.3516893453860679,0.8098472368024778,0.6165769158143013,0.5681878611562264,0.6165769158143013,0.6345176303904072,0.5569620253164557,79,0
resnet50,123,876_891,Deepfakes,1,darkening_sev2,darkening,2,0.21755024758933839,0.11392405063291139,0.11392405063291139,0.07071492368231817,0.07705510647721285,0.07071492368231817,0.05728864307487718,0.04683424947934042,0.02774279470831257,0.04683424947934042,0.04606054099444756,0.07070476124197297,0.0759493670886076,13.758525558664829,-0.09296364513155118,-0.09296364513155118,0.13419454001756737,0.12684789541047772,0.4746207809686816,0.3097796950406816,0.27354131468599835,0.3097796950406816,0.3169668337000742,0.17721518987341772,79,0
resnet50,123,876_891,Deepfakes,1,darkening_sev3,darkening,3,0.22918417625412152,0.06329113924050633,0.06329113924050633,0.06388650774141172,0.0777942041356669,0.06388650774141172,0.04905477255640538,0.03926626786396963,0.027631297130580084,0.03926626786396963,0.03561384579462959,0.06838185138343404,0.10126582278481013,14.125913330271274,-0.019232717543085916,-0.019232717543085916,0.08744560329455739,0.07979387189910002,0.34421590740252517,0.2203773979605898,0.1801212215931712,0.2203773979605898,0.2426666662981993,0.12658227848101267,79,0
resnet50,123,876_891,Deepfakes,1,jpeg_sev1,jpeg,1,0.5925919758155942,0.5822784810126582,0.5822784810126582,0.1485831550738242,0.18348124352511355,0.1485831550738242,0.12284176992439366,0.08993389884458353,0.06480422132903728,0.08993389884458353,0.09243204830421545,0.16630611908501927,0.25316455696202533,13.768869846682005,-0.22391445052963263,-0.22391445052963263,0.475668774142602,0.3644481408173996,0.843220192223631,0.6741211323357763,0.6365314043442819,0.6741211323357763,0.6800811180411327,0.6455696202531646,79,0
resnet50,123,876_891,Deepfakes,1,jpeg_sev2,jpeg,2,0.01558150369946581,0.0,0.0,0.0058685679169768355,0.005669820360591363,0.0058685679169768355,0.00591057864615641,0.0026444618164414863,0.0016256056991391112,0.0026444618164414863,0.0032811640282690026,0.0064573194201686,0.0,14.251735095736347,0.0006104030379659964,0.0006104030379659964,0.011215279840339586,-0.003806340385116383,0.05791946780287446,0.024326083345418706,0.005155656084163113,0.024326083345418706,0.05999062994686,0.06329113924050633,79,0
resnet50,123,876_891,Deepfakes,1,jpeg_sev3,jpeg,3,0.004531931546162999,0.0,0.0,0.005234788489587282,0.006502999567861562,0.005234788489587282,0.005331192302681516,0.002370785014587433,0.0018773424214587075,0.002370785014587433,0.0029738548552699705,0.006118267485064589,0.0,14.205258164224745,-0.0009733905280421404,-0.0009733905280421404,0.0009989482171971725,-0.0046351699496005976,0.02746801032166122,0.007580940372177337,0.0011393236362621365,0.007580940372177337,0.029756350090696156,0.06329113924050633,79,0
resnet50,123,876_891,Deepfakes,1,resize_sev1,resize,1,0.9588229341220252,0.9873417721518988,0.9873417721518988,0.19413092264069723,0.23476949377954412,0.19413092264069723,0.16574171022756606,0.12106865708894834,0.08527110483420572,0.12106865708894834,0.13037315933334118,0.20533389138005134,0.2911392405063291,13.916333862497837,-0.04025761745398553,-0.04025761745398553,0.6683523169235338,0.5269164844309981,0.9781164210908999,0.8807875749350815,0.8430304040375733,0.8807875749350815,0.8858911802220462,0.9493670886075949,79,0
resnet50,123,876_891,Deepfakes,1,resize_sev2,resize,2,0.9502971501478666,0.9873417721518988,0.9873417721518988,0.19258271666625004,0.23345433725381223,0.19258271666625004,0.16550125347413683,0.1199006518827333,0.08476378434336018,0.1199006518827333,0.1302153246149428,0.20442196673216492,0.2911392405063291,13.885394639606718,-0.045416541774816105,-0.045416541774816105,0.655285619859454,0.48401282727718353,0.9725412561778046,0.8536242451853593,0.8108883053892143,0.8536242451853593,0.8597390391470557,0.9493670886075949,79,0
resnet50,123,876_891,Deepfakes,1,resize_sev3,resize,3,0.4818429429602774,0.4430379746835443,0.4430379746835443,0.13374832483714993,0.16710218705258856,0.13374832483714993,0.10296736250401924,0.08107276223586414,0.05932476061744943,0.08107276223586414,0.07566479999366875,0.14700011902518711,0.12658227848101267,13.836117080495328,-0.3047720559318609,-0.3047720559318609,0.29913126323607897,0.10668882918603056,0.7048455211874229,0.5043773172763133,0.5087665762747197,0.5043773172763133,0.467037931520283,0.5063291139240507,79,0
resnet50,123,876_891,Face2Face,1,brightening_sev1,brightening,1,0.973376826257319,0.972972972972973,0.972972972972973,0.18136320986684568,0.22245160920454543,0.18136320986684568,0.1466537958112723,0.10732191668245475,0.0756118768922512,0.10732191668245475,0.10771597743516251,0.18752992924485296,0.25675675675675674,14.00874783541705,-0.025585485068527383,-0.025585485068527383,0.6956274691163689,0.7021144419103056,0.9730396046244081,0.8657872534787766,0.8279682388338291,0.8657872534787766,0.8650820706770849,0.9594594594594594,74,0
resnet50,123,876_891,Face2Face,1,brightening_sev2,brightening,2,0.9717778406433157,0.972972972972973,0.972972972972973,0.1767535801109537,0.21733915753101418,0.1767535801109537,0.14379526789344235,0.10401061028575803,0.07369875094542175,0.10401061028575803,0.10544106202014433,0.18310230197739155,0.24324324324324326,14.005379431956523,-0.021569493251877805,-0.021569493251877805,0.6409177672923416,0.7273629924433457,0.9694716485969241,0.837821991669522,0.7997724218715577,0.837821991669522,0.8328205130915205,0.9594594594594594,74,0
resnet50,123,876_891,Face2Face,1,brightening_sev3,brightening,3,0.9509208111746891,0.972972972972973,0.972972972972973,0.16843648792075927,0.21136746716463026,0.16843648792075927,0.13761795685797523,0.09727055061977924,0.07122840136354013,0.09727055061977924,0.09919026954876,0.1790590845565184,0.24324324324324326,13.941060723485174,-0.020565557016714153,-0.020565557016714153,0.6305372484431073,0.7350908417909129,0.9701138156532483,0.841549633172978,0.796851375181026,0.841549633172978,0.8421813641974026,0.9594594594594594,74,0
resnet50,123,876_891,Face2Face,1,clean,clean,0,0.8975795899593347,0.9324324324324325,0.9324324324324325,0.1674018214103042,0.20680792802389167,0.1674018214103042,0.13408990088101994,0.097901591139051,0.07014591324191521,0.097901591139051,0.09710058494422538,0.1774599010091109,0.24324324324324326,13.886257893330342,-0.07808066104110829,-0.07808066104110829,0.7046496442745667,0.5684647362024801,,,,,,,74,0
resnet50,123,876_891,Face2Face,1,darkening_sev1,darkening,1,0.478067827455045,0.4594594594594595,0.4594594594594595,0.09440531857721583,0.12347877403627,0.09440531857721583,0.07625436147983869,0.05002652109894263,0.03958599057722432,0.05002652109894263,0.04989860101919218,0.10877148604371703,0.16216216216216217,13.731073482616528,-0.24711595314265405,-0.24711595314265405,0.3693468659546705,0.3436058500995608,0.7976750324815106,0.5997389436405445,0.5466675610849364,0.5997389436405445,0.621136897561142,0.527027027027027,74,0
resnet50,123,876_891,Face2Face,1,darkening_sev2,darkening,2,0.1880034007559958,0.06756756756756757,0.06756756756756757,0.0306544224156048,0.038001784212968494,0.0306544224156048,0.026039607283277578,0.013912594937834201,0.010862775710707685,0.013912594937834201,0.014548440298212754,0.03479391217430161,0.04054054054054054,13.769920413558548,-0.12023620042207374,-0.12023620042207374,0.10348892296708463,0.11463009158929656,0.4433630364606013,0.2838892579830487,0.24219656377319682,0.2838892579830487,0.29607264133302713,0.13513513513513514,74,0
resnet50,123,876_891,Face2Face,1,darkening_sev3,darkening,3,0.21827098797704717,0.05405405405405406,0.05405405405405406,0.03455893716864578,0.046179096050354515,0.03455893716864578,0.02899006195877818,0.01629190644484455,0.013733696398448248,0.01629190644484455,0.01665836216298313,0.04311112289193761,0.08108108108108109,14.148360793654984,-0.03295429438553951,-0.03295429438553951,0.07566526679422805,0.08118347132679174,0.3226070387337067,0.20493617627811844,0.16111286109953948,0.20493617627811844,0.23119357247879743,0.12162162162162163,74,0
resnet50,123,876_891,Face2Face,1,jpeg_sev1,jpeg,1,0.5720181881349433,0.5540540540540541,0.5540540540540541,0.12705328636987948,0.16737084329420365,0.12705328636987948,0.10141707806913262,0.06982274704205248,0.05502452447294398,0.06982274704205248,0.06866080585103662,0.14722444990611622,0.24324324324324326,13.771975220860663,-0.23263013851199596,-0.23263013851199596,0.4511536547089801,0.36296904946022945,0.8335183779347141,0.663619312915671,0.6204923552296742,0.663619312915671,0.6707377921873372,0.6216216216216216,74,0
resnet50,123,876_891,Face2Face,1,jpeg_sev2,jpeg,2,0.01622898711207809,0.0,0.0,0.012506473282109104,0.010649150875002164,0.012506473282109104,0.014164694932245366,0.005382033207376392,0.0028752155567663244,0.005382033207376392,0.00758711297593132,0.01446026280138997,0.013513513513513514,14.257767148920008,0.0005691823198749421,0.0005691823198749421,0.011723676460442662,-0.0032291423342177923,0.06099157828971145,0.025894132349505734,0.005504011224984944,0.025894132349505734,0.06331992048876552,0.06756756756756757,74,0
resnet50,123,876_891,Face2Face,1,jpeg_sev3,jpeg,3,0.004568524619350412,0.0,0.0,0.010661106295713423,0.01061968553800706,0.010661106295713423,0.012539500301957137,0.004610925158104115,0.0028862673702006666,0.004610925158104115,0.006770198712101017,0.012739104395764941,0.0,14.212645878662935,-0.0010075092801786363,-0.0010075092801786363,0.0009129997258266221,-0.004459615467223172,0.02854662957696388,0.008013075206271331,0.0012163049630366054,0.008013075206271331,0.03128860679683874,0.06756756756756757,74,0
resnet50,123,876_891,Face2Face,1,resize_sev1,resize,1,0.9564396362449672,0.9864864864864865,0.9864864864864865,0.17842843284017346,0.2207338576502247,0.17842843284017346,0.14240464475775302,0.1052781743853264,0.07528014542504002,0.1052781743853264,0.1038302006205328,0.18791742252768492,0.24324324324324326,13.911237265612629,-0.042672501021140286,-0.042672501021140286,0.6569570009974209,0.5375445712156393,0.9769479333174867,0.8778415500417457,0.8380053756001272,0.8778415500417457,0.882799253283748,0.9459459459459459,74,0
resnet50,123,876_891,Face2Face,1,resize_sev2,resize,2,0.947355742893509,0.9864864864864865,0.9864864864864865,0.1770594400354523,0.2190093257785239,0.1770594400354523,0.14255478277023306,0.1044517863515805,0.07452510756557748,0.1044517863515805,0.10428088386956073,0.18748091797782288,0.24324324324324326,13.878384255074167,-0.04816142560259712,-0.04816142560259712,0.6438364706732131,0.49383863424127167,0.9712704980845044,0.8519427859700791,0.8069720718415911,0.8519427859700791,0.8580906155504274,0.9459459459459459,74,0
resnet50,123,876_891,Face2Face,1,resize_sev3,resize,3,0.486801199967394,0.4594594594594595,0.4594594594594595,0.11714259614946854,0.1563820171644717,0.11714259614946854,0.09086969209943038,0.06503799732418712,0.051705306420293515,0.06503799732418712,0.061565109772345916,0.14222274255044606,0.20270270270270271,13.83780424014942,-0.30869911102628383,-0.30869911102628383,0.29781656113226673,0.13289506836618117,0.7007835485428063,0.5057589530080637,0.5075619594409622,0.5057589530080637,0.4721133575184352,0.527027027027027,74,0
resnet50,123,876_891,FaceSwap,1,brightening_sev1,brightening,1,0.973376826257319,0.972972972972973,0.972972972972973,0.060973662196993475,0.0602823209102944,0.060973662196993475,0.05153965549350585,0.0402266488883172,0.026337019433434635,0.0402266488883172,0.03971432905608029,0.05377835160653686,0.0,14.00874783541705,-0.025585485068527383,-0.025585485068527383,0.6956274691163689,0.7021144419103056,0.9730396046244081,0.8657872534787766,0.8279682388338291,0.8657872534787766,0.8650820706770849,0.9594594594594594,74,0
resnet50,123,876_891,FaceSwap,1,brightening_sev2,brightening,2,0.9717778406433157,0.972972972972973,0.972972972972973,0.05783616806751385,0.05507435651735871,0.05783616806751385,0.051185220267345496,0.03801799626915192,0.023939475229610537,0.03801799626915192,0.03948948412674569,0.05127076208185602,0.0,14.005379431956523,-0.021569493251877805,-0.021569493251877805,0.6409177672923416,0.7273629924433457,0.9694716485969241,0.837821991669522,0.7997724218715577,0.837821991669522,0.8328205130915205,0.9594594594594594,74,0
resnet50,123,876_891,FaceSwap,1,brightening_sev3,brightening,3,0.9509208111746891,0.972972972972973,0.972972972972973,0.052204316372483066,0.04916481654753009,0.052204316372483066,0.046738073790646845,0.033772984697572575,0.021123739517220994,0.033772984697572575,0.035546281888102195,0.046810991024894305,0.013513513513513514,13.941060723485174,-0.020565557016714153,-0.020565557016714153,0.6305372484431073,0.7350908417909129,0.9701138156532483,0.841549633172978,0.796851375181026,0.841549633172978,0.8421813641974026,0.9594594594594594,74,0
resnet50,123,876_891,FaceSwap,1,clean,clean,0,0.8975795899593347,0.9324324324324325,0.9324324324324325,0.0525541404976733,0.054506415622068406,0.0525541404976733,0.04487025832949199,0.03437993742910519,0.02389954499911042,0.03437993742910519,0.03426592812829346,0.04816398126143574,0.013513513513513514,13.886257893330342,-0.07808066104110829,-0.07808066104110829,0.7046496442745667,0.5684647362024801,,,,,,,74,0
resnet50,123,876_891,FaceSwap,1,darkening_sev1,darkening,1,0.478067827455045,0.4594594594594595,0.4594594594594595,0.021981320162567163,0.02267196111862928,0.021981320162567163,0.018822212132592383,0.013526213455195273,0.009452503051505965,0.013526213455195273,0.013494996963694106,0.022095697985956543,0.02702702702702703,13.731073482616528,-0.24711595314265405,-0.24711595314265405,0.3693468659546705,0.3436058500995608,0.7976750324815106,0.5997389436405445,0.5466675610849364,0.5997389436405445,0.621136897561142,0.527027027027027,74,0
resnet50,123,876_891,FaceSwap,1,darkening_sev2,darkening,2,0.1880034007559958,0.06756756756756757,0.06756756756756757,0.00612443446552955,0.007256106885351338,0.00612443446552955,0.005687142940073656,0.0035346109039999115,0.0029238353806490054,0.0035346109039999115,0.00384094914488335,0.006795079084328137,0.0,13.769920413558548,-0.12023620042207374,-0.12023620042207374,0.10348892296708463,0.11463009158929656,0.4433630364606013,0.2838892579830487,0.24219656377319682,0.2838892579830487,0.29607264133302713,0.13513513513513514,74,0
resnet50,123,876_891,FaceSwap,1,darkening_sev3,darkening,3,0.21827098797704717,0.05405405405405406,0.05405405405405406,0.007082397224822288,0.007607799821775908,0.007082397224822288,0.0076913115367958085,0.00416423426003334,0.003094831716255758,0.00416423426003334,0.005259158622775037,0.009987553568570343,0.0,14.148360793654984,-0.03295429438553951,-0.03295429438553951,0.07566526679422805,0.08118347132679174,0.3226070387337067,0.20493617627811844,0.16111286109953948,0.20493617627811844,0.23119357247879743,0.12162162162162163,74,0
resnet50,123,876_891,FaceSwap,1,jpeg_sev1,jpeg,1,0.5720181881349433,0.5540540540540541,0.5540540540540541,0.030309478668333275,0.03193453397731507,0.030309478668333275,0.02600854877746925,0.018933139898361238,0.013570970458495963,0.018933139898361238,0.018956969738149643,0.028594745710959935,0.013513513513513514,13.771975220860663,-0.23263013851199596,-0.23263013851199596,0.4511536547089801,0.36296904946022945,0.8335183779347141,0.663619312915671,0.6204923552296742,0.663619312915671,0.6707377921873372,0.6216216216216216,74,0
resnet50,123,876_891,FaceSwap,1,jpeg_sev2,jpeg,2,0.01622898711207809,0.0,0.0,0.005203236721666454,0.0025162344325328216,0.005203236721666454,0.00811484338045438,0.002983376141077638,0.0009676005824165487,0.002983376141077638,0.0055221488856134005,0.007653311683318926,0.0,14.257767148920008,0.0005691823198749421,0.0005691823198749421,0.011723676460442662,-0.0032291423342177923,0.06099157828971145,0.025894132349505734,0.005504011224984944,0.025894132349505734,0.06331992048876552,0.06756756756756757,74,0
resnet50,123,876_891,FaceSwap,1,jpeg_sev3,jpeg,3,0.004568524619350412,0.0,0.0,0.008522786475834732,0.007101678464185492,0.008522786475834732,0.010857641778299733,0.0050201724089415775,0.0029312762414145975,0.0050201724089415775,0.007548992614497833,0.010123591723225848,0.013513513513513514,14.212645878662935,-0.0010075092801786363,-0.0010075092801786363,0.0009129997258266221,-0.004459615467223172,0.02854662957696388,0.008013075206271331,0.0012163049630366054,0.008013075206271331,0.03128860679683874,0.06756756756756757,74,0
resnet50,123,876_891,FaceSwap,1,resize_sev1,resize,1,0.9564396362449672,0.9864864864864865,0.9864864864864865,0.057051443556877794,0.06055958234837502,0.057051443556877794,0.047954107055128016,0.037231740065844995,0.026659293387015143,0.037231740065844995,0.03655725914160683,0.052220345551270995,0.013513513513513514,13.911237265612629,-0.042672501021140286,-0.042672501021140286,0.6569570009974209,0.5375445712156393,0.9769479333174867,0.8778415500417457,0.8380053756001272,0.8778415500417457,0.882799253283748,0.9459459459459459,74,0
resnet50,123,876_891,FaceSwap,1,resize_sev2,resize,2,0.947355742893509,0.9864864864864865,0.9864864864864865,0.055722689461047505,0.05883501455716609,0.055722689461047505,0.04733494698306857,0.036402017198045186,0.025763521494853364,0.036402017198045186,0.036127286830927884,0.05156112948168869,0.0,13.878384255074167,-0.04816142560259712,-0.04816142560259712,0.6438364706732131,0.49383863424127167,0.9712704980845044,0.8519427859700791,0.8069720718415911,0.8519427859700791,0.8580906155504274,0.9459459459459459,74,0
resnet50,123,876_891,FaceSwap,1,resize_sev3,resize,3,0.486801199967394,0.4594594594594595,0.4594594594594595,0.033706662016734314,0.03564696509678337,0.033706662016734314,0.029820657299829644,0.021366688660320377,0.015153449393521971,0.021366688660320377,0.0219004007979711,0.03471245796854883,0.04054054054054054,13.83780424014942,-0.30869911102628383,-0.30869911102628383,0.29781656113226673,0.13289506836618117,0.7007835485428063,0.5057589530080637,0.5075619594409622,0.5057589530080637,0.4721133575184352,0.527027027027027,74,0
resnet50,123,876_891,NeuralTextures,1,brightening_sev1,brightening,1,0.973376826257319,0.972972972972973,0.972972972972973,0.18136320986684568,0.22245160920454543,0.18136320986684568,0.1466537958112723,0.10732191668245475,0.0756118768922512,0.10732191668245475,0.10771597743516251,0.18752992924485296,0.25675675675675674,14.00874783541705,-0.025585485068527383,-0.025585485068527383,0.6956274691163689,0.7021144419103056,0.9730396046244081,0.8657872534787766,0.8279682388338291,0.8657872534787766,0.8650820706770849,0.9594594594594594,74,0
resnet50,123,876_891,NeuralTextures,1,brightening_sev2,brightening,2,0.9717778406433157,0.972972972972973,0.972972972972973,0.1767535801109537,0.21733915753101418,0.1767535801109537,0.14379526789344235,0.10401061028575803,0.07369875094542175,0.10401061028575803,0.10544106202014433,0.18310230197739155,0.24324324324324326,14.005379431956523,-0.021569493251877805,-0.021569493251877805,0.6409177672923416,0.7273629924433457,0.9694716485969241,0.837821991669522,0.7997724218715577,0.837821991669522,0.8328205130915205,0.9594594594594594,74,0
resnet50,123,876_891,NeuralTextures,1,brightening_sev3,brightening,3,0.9509208111746891,0.972972972972973,0.972972972972973,0.16843648792075927,0.21136746716463026,0.16843648792075927,0.13761795685797523,0.09727055061977924,0.07122840136354013,0.09727055061977924,0.09919026954876,0.1790590845565184,0.24324324324324326,13.941060723485174,-0.020565557016714153,-0.020565557016714153,0.6305372484431073,0.7350908417909129,0.9701138156532483,0.841549633172978,0.796851375181026,0.841549633172978,0.8421813641974026,0.9594594594594594,74,0
resnet50,123,876_891,NeuralTextures,1,clean,clean,0,0.8975795899593347,0.9324324324324325,0.9324324324324325,0.1674018214103042,0.20680792802389167,0.1674018214103042,0.13408990088101994,0.097901591139051,0.07014591324191521,0.097901591139051,0.09710058494422538,0.1774599010091109,0.24324324324324326,13.886257893330342,-0.07808066104110829,-0.07808066104110829,0.7046496442745667,0.5684647362024801,,,,,,,74,0
resnet50,123,876_891,NeuralTextures,1,darkening_sev1,darkening,1,0.478067827455045,0.4594594594594595,0.4594594594594595,0.09440531857721583,0.12347877403627,0.09440531857721583,0.07625436147983869,0.05002652109894263,0.03958599057722432,0.05002652109894263,0.04989860101919218,0.10877148604371703,0.16216216216216217,13.731073482616528,-0.24711595314265405,-0.24711595314265405,0.3693468659546705,0.3436058500995608,0.7976750324815106,0.5997389436405445,0.5466675610849364,0.5997389436405445,0.621136897561142,0.527027027027027,74,0
resnet50,123,876_891,NeuralTextures,1,darkening_sev2,darkening,2,0.1880034007559958,0.06756756756756757,0.06756756756756757,0.0306544224156048,0.038001784212968494,0.0306544224156048,0.026039607283277578,0.013912594937834201,0.010862775710707685,0.013912594937834201,0.014548440298212754,0.03479391217430161,0.04054054054054054,13.769920413558548,-0.12023620042207374,-0.12023620042207374,0.10348892296708463,0.11463009158929656,0.4433630364606013,0.2838892579830487,0.24219656377319682,0.2838892579830487,0.29607264133302713,0.13513513513513514,74,0
resnet50,123,876_891,NeuralTextures,1,darkening_sev3,darkening,3,0.21827098797704717,0.05405405405405406,0.05405405405405406,0.03455893716864578,0.046179096050354515,0.03455893716864578,0.02899006195877818,0.01629190644484455,0.013733696398448248,0.01629190644484455,0.01665836216298313,0.04311112289193761,0.08108108108108109,14.148360793654984,-0.03295429438553951,-0.03295429438553951,0.07566526679422805,0.08118347132679174,0.3226070387337067,0.20493617627811844,0.16111286109953948,0.20493617627811844,0.23119357247879743,0.12162162162162163,74,0
resnet50,123,876_891,NeuralTextures,1,jpeg_sev1,jpeg,1,0.5720181881349433,0.5540540540540541,0.5540540540540541,0.12705328636987948,0.16737084329420365,0.12705328636987948,0.10141707806913262,0.06982274704205248,0.05502452447294398,0.06982274704205248,0.06866080585103662,0.14722444990611622,0.24324324324324326,13.771975220860663,-0.23263013851199596,-0.23263013851199596,0.4511536547089801,0.36296904946022945,0.8335183779347141,0.663619312915671,0.6204923552296742,0.663619312915671,0.6707377921873372,0.6216216216216216,74,0
resnet50,123,876_891,NeuralTextures,1,jpeg_sev2,jpeg,2,0.01622898711207809,0.0,0.0,0.012506473282109104,0.010649150875002164,0.012506473282109104,0.014164694932245366,0.005382033207376392,0.0028752155567663244,0.005382033207376392,0.00758711297593132,0.01446026280138997,0.013513513513513514,14.257767148920008,0.0005691823198749421,0.0005691823198749421,0.011723676460442662,-0.0032291423342177923,0.06099157828971145,0.025894132349505734,0.005504011224984944,0.025894132349505734,0.06331992048876552,0.06756756756756757,74,0
resnet50,123,876_891,NeuralTextures,1,jpeg_sev3,jpeg,3,0.004568524619350412,0.0,0.0,0.010661106295713423,0.01061968553800706,0.010661106295713423,0.012539500301957137,0.004610925158104115,0.0028862673702006666,0.004610925158104115,0.006770198712101017,0.012739104395764941,0.0,14.212645878662935,-0.0010075092801786363,-0.0010075092801786363,0.0009129997258266221,-0.004459615467223172,0.02854662957696388,0.008013075206271331,0.0012163049630366054,0.008013075206271331,0.03128860679683874,0.06756756756756757,74,0
resnet50,123,876_891,NeuralTextures,1,resize_sev1,resize,1,0.9564396362449672,0.9864864864864865,0.9864864864864865,0.17842843284017346,0.2207338576502247,0.17842843284017346,0.14240464475775302,0.1052781743853264,0.07528014542504002,0.1052781743853264,0.1038302006205328,0.18791742252768492,0.24324324324324326,13.911237265612629,-0.042672501021140286,-0.042672501021140286,0.6569570009974209,0.5375445712156393,0.9769479333174867,0.8778415500417457,0.8380053756001272,0.8778415500417457,0.882799253283748,0.9459459459459459,74,0
resnet50,123,876_891,NeuralTextures,1,resize_sev2,resize,2,0.947355742893509,0.9864864864864865,0.9864864864864865,0.1770594400354523,0.2190093257785239,0.1770594400354523,0.14255478277023306,0.1044517863515805,0.07452510756557748,0.1044517863515805,0.10428088386956073,0.18748091797782288,0.24324324324324326,13.878384255074167,-0.04816142560259712,-0.04816142560259712,0.6438364706732131,0.49383863424127167,0.9712704980845044,0.8519427859700791,0.8069720718415911,0.8519427859700791,0.8580906155504274,0.9459459459459459,74,0
resnet50,123,876_891,NeuralTextures,1,resize_sev3,resize,3,0.486801199967394,0.4594594594594595,0.4594594594594595,0.11714259614946854,0.1563820171644717,0.11714259614946854,0.09086969209943038,0.06503799732418712,0.051705306420293515,0.06503799732418712,0.061565109772345916,0.14222274255044606,0.20270270270270271,13.83780424014942,-0.30869911102628383,-0.30869911102628383,0.29781656113226673,0.13289506836618117,0.7007835485428063,0.5057589530080637,0.5075619594409622,0.5057589530080637,0.4721133575184352,0.527027027027027,74,0
resnet50,123,891,Original,0,brightening_sev1,brightening,1,0.005063865241985697,0.0,1.0,,,,,,,,,,,,,,,,,,,,,1.0,74,0
resnet50,123,891,Original,0,brightening_sev2,brightening,2,0.005924606055769591,0.0,1.0,,,,,,,,,,,,,,,,,,,,,1.0,74,0
resnet50,123,891,Original,0,brightening_sev3,brightening,3,0.006208939934343044,0.0,1.0,,,,,,,,,,,,,,,,,,,,,1.0,74,0
resnet50,123,891,Original,0,clean,clean,0,0.003581648916076844,0.0,1.0,,,,,,,,,,,,,,,,,,,,,,74,0
resnet50,123,891,Original,0,darkening_sev1,darkening,1,0.004702919617114699,0.0,1.0,,,,,,,,,,,,,,,,,,,,,1.0,74,0
resnet50,123,891,Original,0,darkening_sev2,darkening,2,0.028411468043388448,0.0,1.0,,,,,,,,,,,,,,,,,,,,,1.0,74,0
resnet50,123,891,Original,0,darkening_sev3,darkening,3,0.1312314653769135,0.013513513513513514,0.9864864864864865,,,,,,,,,,,,,,,,,,,,,0.9864864864864865,74,0
resnet50,123,891,Original,0,jpeg_sev1,jpeg,1,0.0031430441527304483,0.0,1.0,,,,,,,,,,,,,,,,,,,,,1.0,74,0
resnet50,123,891,Original,0,jpeg_sev2,jpeg,2,0.0019218951667819022,0.0,1.0,,,,,,,,,,,,,,,,,,,,,1.0,74,0
resnet50,123,891,Original,0,jpeg_sev3,jpeg,3,0.00356058815255838,0.0,1.0,,,,,,,,,,,,,,,,,,,,,1.0,74,0
resnet50,123,891,Original,0,resize_sev1,resize,1,0.023552133242274755,0.0,1.0,,,,,,,,,,,,,,,,,,,,,1.0,74,0
resnet50,123,891,Original,0,resize_sev2,resize,2,0.07529846997321987,0.02702702702702703,0.972972972972973,,,,,,,,,,,,,,,,,,,,,0.972972972972973,74,0
resnet50,123,891,Original,0,resize_sev3,resize,3,0.14327642237421476,0.06756756756756757,0.9324324324324325,,,,,,,,,,,,,,,,,,,,,0.9324324324324325,74,0
resnet50,123,891_876,Deepfakes,1,brightening_sev1,brightening,1,0.9555581234697554,0.972972972972973,0.972972972972973,0.23344481104385534,0.27276927838031445,0.23344481104385534,0.1988053500529467,0.17063214641455948,0.11555705556938446,0.17063214641455948,0.17950624355301562,0.23977428595037215,0.3108108108108108,14.68662606058894,-0.019860796680724272,-0.019860796680724272,0.7958694857771735,0.7652334428417522,0.9938874231353073,0.9292421911017443,0.9009664583437903,0.9292421911017443,0.9085208417668185,1.0,74,0
resnet50,123,891_876,Deepfakes,1,brightening_sev2,brightening,2,0.9602644670049887,0.972972972972973,0.972972972972973,0.23105797680389326,0.2703827903384503,0.23105797680389326,0.19649481920276166,0.1680012460284963,0.11411042962949713,0.1680012460284963,0.1763483432876737,0.23756093341623394,0.3108108108108108,14.677671110307848,-0.010311362409108361,-0.010311362409108361,0.8084154031868722,0.8036126787396701,0.9874094508057988,0.9033644790131021,0.8700354630863911,0.9033644790131021,0.8861940193253635,1.0,74,0
resnet50,123,891_876,Deepfakes,1,brightening_sev3,brightening,3,0.9640123774675099,0.972972972972973,0.972972972972973,0.23041470599990896,0.2706537211257477,0.23041470599990896,0.19481470365877634,0.16732326464356434,0.11429179133278596,0.16732326464356434,0.17387514426664297,0.2385642089313076,0.3108108108108108,14.67624503213006,-0.014535720988705307,-0.014535720988705307,0.8083778289524285,0.7910211399398945,0.9874601786839924,0.8872625281900679,0.8564173383917058,0.8872625281900679,0.8705564283031013,1.0,74,0
resnet50,123,891_876,Deepfakes,1,clean,clean,0,0.9416965610171492,0.972972972972973,0.972972972972973,0.23478290381591324,0.27347830528724726,0.23478290381591324,0.19916830200776742,0.1721052669966675,0.11598835816038483,0.1721052669966675,0.17989704094732234,0.2402615092544165,0.3108108108108108,14.681961562182453,-0.01948669819614369,-0.01948669819614369,0.7864703869799504,0.5977306812498215,,,,,,,74,0
resnet50,123,891_876,Deepfakes,1,darkening_sev1,darkening,1,0.9034304722539477,0.972972972972973,0.972972972972973,0.23263291382154858,0.2719728956504884,0.23263291382154858,0.19774393212273123,0.17006056654337706,0.1151040305063057,0.17006056654337706,0.1786680830017815,0.23902823757934966,0.3108108108108108,14.648791171408988,-0.020004342788377295,-0.020004342788377295,0.7585376643047139,0.5630525863553221,0.9856237706566293,0.9096238874711412,0.8746738583652729,0.9096238874711412,0.8811448352563485,0.972972972972973,74,0
resnet50,123,891_876,Deepfakes,1,darkening_sev2,darkening,2,0.8842545373214258,0.9324324324324325,0.9324324324324325,0.21291756405596346,0.24997889556599934,0.21291756405596346,0.182600830892854,0.1526087331171836,0.10400864455475708,0.1526087331171836,0.16234211850580393,0.2227510694455491,0.2972972972972973,14.688930459924647,0.037200904275114466,0.037200904275114466,0.6451083844074527,0.5936055285101002,0.9625158563263035,0.8597999437728411,0.81568787228728,0.8597999437728411,0.8391664062735361,0.9324324324324325,74,0
resnet50,123,891_876,Deepfakes,1,darkening_sev3,darkening,3,0.7033528321095415,0.7432432432432432,0.7432432432432432,0.157428292637875,0.19312457232563707,0.157428292637875,0.13071912858990328,0.10781481113324555,0.07951739055312758,0.10781481113324555,0.1091965626049856,0.17117356308271042,0.25675675675675674,14.639154820828825,0.20137093236317502,0.20137093236317502,0.3372264643375938,0.4461967535316944,0.8200938643286262,0.6659693112373923,0.6143489257935318,0.6659693112373923,0.6473293701373553,0.7432432432432432,74,0
resnet50,123,891_876,Deepfakes,1,jpeg_sev1,jpeg,1,0.8408458446328705,0.9459459459459459,0.9459459459459459,0.2274004158951854,0.26419016762950615,0.2274004158951854,0.18795938681495478,0.16487426647642744,0.11098857748800037,0.16487426647642744,0.16564290245286906,0.23599474219657995,0.3108108108108108,14.548251500000825,-0.10530101293949659,-0.10530101293949659,0.7307541859430589,0.5704617375457609,0.9743868671978504,0.8784426301121687,0.8412331066674449,0.8784426301121687,0.8223180640153192,0.9459459459459459,74,0
resnet50,123,891_876,Deepfakes,1,jpeg_sev2,jpeg,2,0.3335794659860029,0.28378378378378377,0.28378378378378377,0.07566847749579414,0.08895580471234224,0.07566847749579414,0.06162287221485998,0.050979101443816996,0.035633557233461156,0.050979101443816996,0.049830249176576816,0.0829668989785984,0.08108108108108109,14.684602067277238,-0.18894168404811942,-0.18894168404811942,0.29324070953392745,0.20543182567013676,0.48335614258278825,0.3584072896574419,0.33689868911303283,0.3584072896574419,0.310632694916792,0.28378378378378377,74,0
resnet50,123,891_876,Deepfakes,1,jpeg_sev3,jpeg,3,0.013454400590932364,0.0,0.0,0.00029331638719682566,8.177191275782702e-05,0.00029331638719682566,0.0006326643306566162,0.00013766545613017836,2.5654930568025678e-05,0.00013766545613017836,0.00036082375912877706,0.0014182930856137023,0.0,15.14244877325522,0.0004451246180955465,0.0004451246180955465,0.004567947333861088,-0.003578803421397716,0.021910492901431603,0.004158415354477311,0.0014678010158637783,0.004158415354477311,0.01830190078872027,0.02702702702702703,74,0
resnet50,123,891_876,Deepfakes,1,resize_sev1,resize,1,0.9522741108730033,0.9864864864864865,0.9864864864864865,0.23710291542303247,0.2770677558039869,0.23710291542303247,0.20323436688001126,0.17460208360100765,0.11799891181995026,0.17460208360100765,0.18565610827073753,0.2405076447606054,0.3108108108108108,14.729293745917243,-0.009836087959843677,-0.009836087959843677,0.7476648202014936,0.4989088238091082,0.9928783332484178,0.9243401962201866,0.8895295528825771,0.9243401962201866,0.9037466512840872,0.9864864864864865,74,0
resnet50,123,891_876,Deepfakes,1,resize_sev2,resize,2,0.9542532448430319,0.9864864864864865,0.9864864864864865,0.24108925429631764,0.2811346079986711,0.24108925429631764,0.2065557467141871,0.17918761276502274,0.12038566126382685,0.17918761276502274,0.19046860060886736,0.24207002574947784,0.3108108108108108,14.755258379755793,-0.00867832673562537,-0.00867832673562537,0.7010080384694644,0.4664950308364791,0.9875540441319046,0.8980932688737927,0.8565096399811255,0.8980932688737927,0.8800394420704079,0.9864864864864865,74,0
resnet50,123,891_876,Deepfakes,1,resize_sev3,resize,3,0.9156282449493537,0.972972972972973,0.972972972972973,0.2437143443512683,0.2806434335104382,0.2437143443512683,0.2055032721552594,0.1828099879927449,0.12028199651416278,0.1828099879927449,0.18882587222504327,0.24645688618966616,0.3108108108108108,14.689896647994583,-0.00926685252705134,-0.00926685252705134,0.7013159374630934,0.46588944925649745,0.9740776796136966,0.8401807449872182,0.8056825784239833,0.8401807449872182,0.8068742381043452,0.972972972972973,74,0
resnet50,123,891_876,Face2Face,1,brightening_sev1,brightening,1,0.9066670893019513,0.9113924050632911,0.9113924050632911,0.25240293995910723,0.3029883325374453,0.25240293995910723,0.21964087653279504,0.14845756203452923,0.1015367064527003,0.14845756203452923,0.16697345836820923,0.26071456319941694,0.34177215189873417,14.714071032367174,-0.031376479311457144,-0.031376479311457144,0.7547703620305732,0.723978199347665,0.9774835760260858,0.9054033643480518,0.8720131773947051,0.9054033643480518,0.8897764572999316,1.0,79,0
resnet50,123,891_876,Face2Face,1,brightening_sev2,brightening,2,0.9117270380824427,0.9113924050632911,0.9113924050632911,0.2598703648512484,0.3103580190327109,0.2598703648512484,0.2230279689213014,0.1537440022686407,0.104433449518093,0.1537440022686407,0.16903770306477928,0.2680350824573313,0.34177215189873417,14.69352036488207,-0.03145923163694668,-0.03145923163694668,0.7675858350895062,0.7614776878087204,0.9607900909051083,0.8715772633912311,0.8332231259454747,0.8715772633912311,0.8615872622995684,1.0,79,0
resnet50,123,891_876,Face2Face,1,brightening_sev3,brightening,3,0.9180818862882973,0.9240506329113924,0.9240506329113924,0.2560239262430338,0.30867873359976133,0.2560239262430338,0.21834488010859682,0.15040111127112119,0.1036921691099533,0.15040111127112119,0.1640799385467283,0.2692288791262325,0.34177215189873417,14.674967705448971,-0.025257171355659407,-0.025257171355659407,0.7697129502326627,0.7519493926835211,0.9684076281127358,0.8606621027758049,0.8273925355067958,0.8606621027758049,0.8497843176267024,0.9873417721518988,79,0
resnet50,123,891_876,Face2Face,1,clean,clean,0,0.8941703568436677,0.9113924050632911,0.9113924050632911,0.24506991945692788,0.29115753235952724,0.24506991945692788,0.2126800820595203,0.14382869010077765,0.09755272718003082,0.14382869010077765,0.16034272502794683,0.2523164140592858,0.3037974683544304,14.70986011360265,-0.02324596488306037,-0.02324596488306037,0.7473326085512585,0.5651375521210176,,,,,,,79,0
resnet50,123,891_876,Face2Face,1,darkening_sev1,darkening,1,0.8537454490514496,0.9113924050632911,0.9113924050632911,0.2288157402734126,0.26775689470003405,0.2288157402734126,0.1994390466099905,0.13460113828543557,0.08977352629307238,0.13460113828543557,0.15097349715936378,0.23352651676772987,0.2911392405063291,14.6872917730597,-0.018382670805801294,-0.018382670805801294,0.716612444347643,0.5304301857853992,0.9639408984407112,0.8810471979898156,0.8434652377514622,0.8810471979898156,0.8606254763068414,0.9746835443037974,79,0
resnet50,123,891_876,Face2Face,1,darkening_sev2,darkening,2,0.8404476738806013,0.8734177215189873,0.8734177215189873,0.2103056122754587,0.2513348002796372,0.2103056122754587,0.1829227943339877,0.12269080026585491,0.08430352663397221,0.12269080026585491,0.13636843054190667,0.21968318252031757,0.2911392405063291,14.728334028509598,0.04018264546801772,0.04018264546801772,0.6131193378020691,0.563203508529482,0.943046248735461,0.8279430418534379,0.7848530934072034,0.8279430418534379,0.8137949548839841,0.9367088607594937,79,0
resnet50,123,891_876,Face2Face,1,darkening_sev3,darkening,3,0.6809718218408053,0.6962025316455697,0.6962025316455697,0.1497905284343972,0.17790642141159563,0.1497905284343972,0.12849809580981203,0.08365125767193002,0.0583791907210207,0.08365125767193002,0.09075167518218942,0.16068199742034645,0.22784810126582278,14.680844246586666,0.19150746208202987,0.19150746208202987,0.32610284956761554,0.42828852409803414,0.7955752509791578,0.6356979645913698,0.584143246777333,0.6356979645913698,0.623239016731122,0.759493670886076,79,0
resnet50,123,891_876,Face2Face,1,jpeg_sev1,jpeg,1,0.7951259824294078,0.8860759493670886,0.8860759493670886,0.23200068537955718,0.2717064531625977,0.23200068537955718,0.19623096160462705,0.1369211329270543,0.09137463322238719,0.1369211329270543,0.14670935625467396,0.24133820269079706,0.3037974683544304,14.582820143880724,-0.10449708123467388,-0.10449708123467388,0.6911124781752594,0.5378622743949483,0.9599858761370202,0.8548373968841908,0.815965286161311,0.8548373968841908,0.8056043148112908,0.9493670886075949,79,0
resnet50,123,891_876,Face2Face,1,jpeg_sev2,jpeg,2,0.3142501769139419,0.26582278481012656,0.26582278481012656,0.08884306567077195,0.10180337383981053,0.08884306567077195,0.07699523488866619,0.04888244038497975,0.032681166446032854,0.04888244038497975,0.05250451519045845,0.10036446696644755,0.11392405063291139,14.71605730660354,-0.17707694959649933,-0.17707694959649933,0.2758328077910892,0.19264258130724668,0.485442069046953,0.3518640690041138,0.3316118143264789,0.3518640690041138,0.3121660636575769,0.3291139240506329,79,0
resnet50,123,891_876,Face2Face,1,jpeg_sev3,jpeg,3,0.013722553185726563,0.0,0.0,0.0017795712080434887,0.0004307494188373215,0.0017795712080434887,0.0033993628047324165,0.0007266853872511127,0.0001094167332942595,0.0007266853872511127,0.0017344096789532713,0.006344841108695041,0.0,15.147813205477558,0.0005176363021424145,0.0005176363021424145,0.004372885952485556,-0.0037085412352351496,0.03712824175445177,0.010042446179153907,0.002316266385461527,0.010042446179153907,0.030848661140046998,0.08860759493670886,79,0
resnet50,123,891_876,Face2Face,1,resize_sev1,resize,1,0.9121284747048269,0.9367088607594937,0.9367088607594937,0.25457996133763944,0.2939778672543633,0.25457996133763944,0.2212327666676178,0.15111207265963914,0.09895987949937475,0.15111207265963914,0.16912751600822232,0.25579624626563136,0.31645569620253167,14.757550939728942,-0.01694106263450426,-0.01694106263450426,0.7173666567836381,0.47452558709096304,0.9878316399110582,0.9050002535043095,0.8696032294348477,0.9050002535043095,0.8865017034409173,0.9746835443037974,79,0
resnet50,123,891_876,Face2Face,1,resize_sev2,resize,2,0.9216535155531727,0.9493670886075949,0.9493670886075949,0.26526085982054287,0.30772949486569756,0.26526085982054287,0.23316495193840828,0.15948276462590433,0.10408756625325707,0.15948276462590433,0.1816549083478953,0.26517242911034017,0.35443037974683544,14.782489305810083,-0.02236662993702705,-0.02236662993702705,0.6788998578875503,0.4444345171693005,0.9709419125765133,0.87138649125076,0.8279813818791814,0.87138649125076,0.8561811236745114,0.9620253164556962,79,0
resnet50,123,891_876,Face2Face,1,resize_sev3,resize,3,0.884661756927454,0.9367088607594937,0.9367088607594937,0.26366002301838676,0.300185762541212,0.26366002301838676,0.22972284984133462,0.1611880521209183,0.10209559463518951,0.1611880521209183,0.18152013993154884,0.2637898055355655,0.31645569620253167,14.712990688372262,-0.013595638584487027,-0.013595638584487027,0.6789930039615948,0.44766560027116464,0.956198779455714,0.8121661459888275,0.7760290554318127,0.8121661459888275,0.782646464761226,0.9493670886075949,79,0
resnet50,123,891_876,FaceSwap,1,brightening_sev1,brightening,1,0.9555581234697554,0.972972972972973,0.972972972972973,0.0008030195624859486,0.001388157429308858,0.0008030195624859486,0.0005451447227839811,0.0007970861330764514,0.001368240349993161,0.0007970861330764514,0.0005424967828138014,0.000913548074596204,0.0,14.68662606058894,-0.019860796680724272,-0.019860796680724272,0.7958694857771735,0.7652334428417522,0.9938874231353073,0.9292421911017443,0.9009664583437903,0.9292421911017443,0.9085208417668185,1.0,74,0
resnet50,123,891_876,FaceSwap,1,brightening_sev2,brightening,2,0.9602644670049887,0.972972972972973,0.972972972972973,0.0008042994178312054,0.0013680912364600068,0.0008042994178312054,0.0005439626312366662,0.0007983604237608203,0.0013490374394411365,0.0007983604237608203,0.0005412971005840135,0.0009032978519912689,0.0,14.677671110307848,-0.010311362409108361,-0.010311362409108361,0.8084154031868722,0.8036126787396701,0.9874094508057988,0.9033644790131021,0.8700354630863911,0.9033644790131021,0.8861940193253635,1.0,74,0
resnet50,123,891_876,FaceSwap,1,brightening_sev3,brightening,3,0.9640123774675099,0.972972972972973,0.972972972972973,0.0008042994178312054,0.0013082349891625662,0.0008042994178312054,0.000542064140556873,0.0007983604237608203,0.0012898199963962446,0.0007983604237608203,0.0005394040167721473,0.0008632930547281094,0.0,14.67624503213006,-0.014535720988705307,-0.014535720988705307,0.8083778289524285,0.7910211399398945,0.9874601786839924,0.8872625281900679,0.8564173383917058,0.8872625281900679,0.8705564283031013,1.0,74,0
resnet50,123,891_876,FaceSwap,1,clean,clean,0,0.9416965610171492,0.972972972972973,0.972972972972973,0.0008042994178312054,0.001467232208131919,0.0008042994178312054,0.0005650927166775527,0.0007983604237608203,0.0014454289024480663,0.0007983604237608203,0.0005624232471074933,0.0009581297745726284,0.0,14.681961562182453,-0.01948669819614369,-0.01948669819614369,0.7864703869799504,0.5977306812498215,,,,,,,74,0
resnet50,123,891_876,FaceSwap,1,darkening_sev1,darkening,1,0.9034304722539477,0.972972972972973,0.972972972972973,0.000798438436498573,0.001498466448385696,0.000798438436498573,0.0006082274145883352,0.0007925448584748163,0.001476736574377612,0.0007925448584748163,0.0006055192288685757,0.0010150487422280446,0.0,14.648791171408988,-0.020004342788377295,-0.020004342788377295,0.7585376643047139,0.5630525863553221,0.9856237706566293,0.9096238874711412,0.8746738583652729,0.9096238874711412,0.8811448352563485,0.972972972972973,74,0
resnet50,123,891_876,FaceSwap,1,darkening_sev2,darkening,2,0.8842545373214258,0.9324324324324325,0.9324324324324325,0.0008162770515803905,0.0013949062498220986,0.0008162770515803905,0.0005470403010360743,0.0008103603720194757,0.0013757715915567689,0.0008103603720194757,0.0005444031801015257,0.0009140913738691189,0.0,14.688930459924647,0.037200904275114466,0.037200904275114466,0.6451083844074527,0.5936055285101002,0.9625158563263035,0.8597999437728411,0.81568787228728,0.8597999437728411,0.8391664062735361,0.9324324324324325,74,0
resnet50,123,891_876,FaceSwap,1,darkening_sev3,darkening,3,0.7033528321095415,0.7432432432432432,0.7432432432432432,0.0007277623640333364,0.0009498057105854635,0.0007277623640333364,0.0006341616659917824,0.0007225516727880864,0.0009372237764117054,0.0007225516727880864,0.0006314996573107176,0.0007895929360818973,0.0,14.639154820828825,0.20137093236317502,0.20137093236317502,0.3372264643375938,0.4461967535316944,0.8200938643286262,0.6659693112373923,0.6143489257935318,0.6659693112373923,0.6473293701373553,0.7432432432432432,74,0
resnet50,123,891_876,FaceSwap,1,jpeg_sev1,jpeg,1,0.8408458446328705,0.9459459459459459,0.9459459459459459,0.0007733549834577594,0.001331315067762481,0.0007733549834577594,0.0006565202846414987,0.000767594631989,0.0013118774463819014,0.000767594631989,0.0006538213196787284,0.0009536511846278648,0.0,14.548251500000825,-0.10530101293949659,-0.10530101293949659,0.7307541859430589,0.5704617375457609,0.9743868671978504,0.8784426301121687,0.8412331066674449,0.8784426301121687,0.8223180640153192,0.9459459459459459,74,0
resnet50,123,891_876,FaceSwap,1,jpeg_sev2,jpeg,2,0.3335794659860029,0.28378378378378377,0.28378378378378377,0.0008601477143353988,0.0008533664469746068,0.0008601477143353988,0.0007306461611828527,0.0008554221418011824,0.0008428235846630122,0.0008554221418011824,0.0007284430828279744,0.0007508107859823203,0.0,14.684602067277238,-0.18894168404811942,-0.18894168404811942,0.29324070953392745,0.20543182567013676,0.48335614258278825,0.3584072896574419,0.33689868911303283,0.3584072896574419,0.310632694916792,0.28378378378378377,74,0
resnet50,123,891_876,FaceSwap,1,jpeg_sev3,jpeg,3,0.013454400590932364,0.0,0.0,0.00016315651994710135,7.122990235306757e-05,0.00016315651994710135,0.0002553898079328364,0.0001614736327421892,7.005070785861621e-05,0.0001614736327421892,0.0002537529770205173,0.00023347074991106955,0.0,15.14244877325522,0.0004451246180955465,0.0004451246180955465,0.004567947333861088,-0.003578803421397716,0.021910492901431603,0.004158415354477311,0.0014678010158637783,0.004158415354477311,0.01830190078872027,0.02702702702702703,74,0
resnet50,123,891_876,FaceSwap,1,resize_sev1,resize,1,0.9522741108730033,0.9864864864864865,0.9864864864864865,0.000805031460816769,0.0015407812051969837,0.000805031460816769,0.000536646669481969,0.0007990871511337352,0.001517894031300227,0.0007990871511337352,0.0005339963000077621,0.0009930693957500162,0.0,14.729293745917243,-0.009836087959843677,-0.009836087959843677,0.7476648202014936,0.4989088238091082,0.9928783332484178,0.9243401962201866,0.8895295528825771,0.9243401962201866,0.9037466512840872,0.9864864864864865,74,0
resnet50,123,891_876,FaceSwap,1,resize_sev2,resize,2,0.9542532448430319,0.9864864864864865,0.9864864864864865,0.000805031460816769,0.0015442196064324757,0.000805031460816769,0.0005366586484018148,0.0007990871511337352,0.0015217090034539919,0.0007990871511337352,0.0005340081734050945,0.0010295504284157338,0.0,14.755258379755793,-0.00867832673562537,-0.00867832673562537,0.7010080384694644,0.4664950308364791,0.9875540441319046,0.8980932688737927,0.8565096399811255,0.8980932688737927,0.8800394420704079,0.9864864864864865,74,0
resnet50,123,891_876,FaceSwap,1,resize_sev3,resize,3,0.9156282449493537,0.972972972972973,0.972972972972973,0.000805031460816769,0.0015459860603679648,0.000805031460816769,0.0006333241818707837,0.0007990871511337352,0.0015230252363718662,0.0007990871511337352,0.0006306886174669107,0.001011223133015027,0.0,14.689896647994583,-0.00926685252705134,-0.00926685252705134,0.7013159374630934,0.46588944925649745,0.9740776796136966,0.8401807449872182,0.8056825784239833,0.8401807449872182,0.8068742381043452,0.972972972972973,74,0
resnet50,123,891_876,NeuralTextures,1,brightening_sev1,brightening,1,0.9555581234697554,0.972972972972973,0.972972972972973,0.22730412156237384,0.2692612793564544,0.22730412156237384,0.20023263889944062,0.13477861583471834,0.0910041995916496,0.13477861583471834,0.15377583762588334,0.2373641482374364,0.3108108108108108,14.68662606058894,-0.019860796680724272,-0.019860796680724272,0.7958694857771735,0.7652334428417522,0.9938874231353073,0.9292421911017443,0.9009664583437903,0.9292421911017443,0.9085208417668185,1.0,74,0
resnet50,123,891_876,NeuralTextures,1,brightening_sev2,brightening,2,0.9602644670049887,0.972972972972973,0.972972972972973,0.22490542003852448,0.2678366205499126,0.22490542003852448,0.1970779011159183,0.13275025470365406,0.09041160512539033,0.13275025470365406,0.1501513907768203,0.23485114961152168,0.2972972972972973,14.677671110307848,-0.010311362409108361,-0.010311362409108361,0.8084154031868722,0.8036126787396701,0.9874094508057988,0.9033644790131021,0.8700354630863911,0.9033644790131021,0.8861940193253635,1.0,74,0
resnet50,123,891_876,NeuralTextures,1,brightening_sev3,brightening,3,0.9640123774675099,0.972972972972973,0.972972972972973,0.22228196682034232,0.2669943196362419,0.22228196682034232,0.19328037747523624,0.13060953666271286,0.09002113336548537,0.13060953666271286,0.1459551915336031,0.23442011201182014,0.3108108108108108,14.67624503213006,-0.014535720988705307,-0.014535720988705307,0.8083778289524285,0.7910211399398945,0.9874601786839924,0.8872625281900679,0.8564173383917058,0.8872625281900679,0.8705564283031013,1.0,74,0
resnet50,123,891_876,NeuralTextures,1,clean,clean,0,0.9416965610171492,0.972972972972973,0.972972972972973,0.22931431441149963,0.2714701630659809,0.22931431441149963,0.20027735432201577,0.1366154758482412,0.09204491219242313,0.1366154758482412,0.15386622568605562,0.23802130878795455,0.3108108108108108,14.681961562182453,-0.01948669819614369,-0.01948669819614369,0.7864703869799504,0.5977306812498215,,,,,,,74,0
resnet50,123,891_876,NeuralTextures,1,darkening_sev1,darkening,1,0.9034304722539477,0.972972972972973,0.972972972972973,0.22762004124171642,0.26819376139727547,0.22762004124171642,0.19769894731503046,0.13614490829067036,0.0909944803326728,0.13614490829067036,0.15245797277633646,0.2348601849512772,0.3108108108108108,14.648791171408988,-0.020004342788377295,-0.020004342788377295,0.7585376643047139,0.5630525863553221,0.9856237706566293,0.9096238874711412,0.8746738583652729,0.9096238874711412,0.8811448352563485,0.972972972972973,74,0
resnet50,123,891_876,NeuralTextures,1,darkening_sev2,darkening,2,0.8842545373214258,0.9324324324324325,0.9324324324324325,0.20992938031571756,0.254104048640798,0.20992938031571756,0.1822274081727225,0.12439745701627782,0.08617648560864134,0.12439745701627782,0.13811430349713216,0.22150868750913402,0.3108108108108108,14.688930459924647,0.037200904275114466,0.037200904275114466,0.6451083844074527,0.5936055285101002,0.9625158563263035,0.8597999437728411,0.81568787228728,0.8597999437728411,0.8391664062735361,0.9324324324324325,74,0
resnet50,123,891_876,NeuralTextures,1,darkening_sev3,darkening,3,0.7033528321095415,0.7432432432432432,0.7432432432432432,0.14972205667545052,0.17663834238131781,0.14972205667545052,0.12834417459810124,0.08482217763088214,0.058743730803100316,0.08482217763088214,0.09201987824801361,0.16007753567735758,0.21621621621621623,14.639154820828825,0.20137093236317502,0.20137093236317502,0.3372264643375938,0.4461967535316944,0.8200938643286262,0.6659693112373923,0.6143489257935318,0.6659693112373923,0.6473293701373553,0.7432432432432432,74,0
resnet50,123,891_876,NeuralTextures,1,jpeg_sev1,jpeg,1,0.8408458446328705,0.9459459459459459,0.9459459459459459,0.22654566926487887,0.2681121571037656,0.22654566926487887,0.19207231449604664,0.13483213899586705,0.09087130826494942,0.13483213899586705,0.14542569128132715,0.2372356495850696,0.3108108108108108,14.548251500000825,-0.10530101293949659,-0.10530101293949659,0.7307541859430589,0.5704617375457609,0.9743868671978504,0.8784426301121687,0.8412331066674449,0.8784426301121687,0.8223180640153192,0.9459459459459459,74,0
resnet50,123,891_876,NeuralTextures,1,jpeg_sev2,jpeg,2,0.3335794659860029,0.28378378378378377,0.28378378378378377,0.09022718070920749,0.10371536294947216,0.09022718070920749,0.07765040808289429,0.05025876547316658,0.03362030452329698,0.05025876547316658,0.053660362274352405,0.10185486666694149,0.12162162162162163,14.684602067277238,-0.18894168404811942,-0.18894168404811942,0.29324070953392745,0.20543182567013676,0.48335614258278825,0.3584072896574419,0.33689868911303283,0.3584072896574419,0.310632694916792,0.28378378378378377,74,0
resnet50,123,891_876,NeuralTextures,1,jpeg_sev3,jpeg,3,0.013454400590932364,0.0,0.0,0.0017751395736453407,0.0004061298969212446,0.0017751395736453407,0.0032743640363866993,0.000723411536080665,0.00010253854032476217,0.000723411536080665,0.0016681800072754112,0.0057940328935574235,0.0,15.14244877325522,0.0004451246180955465,0.0004451246180955465,0.004567947333861088,-0.003578803421397716,0.021910492901431603,0.004158415354477311,0.0014678010158637783,0.004158415354477311,0.01830190078872027,0.02702702702702703,74,0
resnet50,123,891_876,NeuralTextures,1,resize_sev1,resize,1,0.9522741108730033,0.9864864864864865,0.9864864864864865,0.23243518293425036,0.27335610191667914,0.23243518293425036,0.20368474779534668,0.13938700461293044,0.09288118828163151,0.13938700461293044,0.1579540505295922,0.23812367529125095,0.3108108108108108,14.729293745917243,-0.009836087959843677,-0.009836087959843677,0.7476648202014936,0.4989088238091082,0.9928783332484178,0.9243401962201866,0.8895295528825771,0.9243401962201866,0.9037466512840872,0.9864864864864865,74,0
resnet50,123,891_876,NeuralTextures,1,resize_sev2,resize,2,0.9542532448430319,0.9864864864864865,0.9864864864864865,0.23730386359633562,0.2762560160923051,0.23730386359633562,0.20873496821333418,0.14394947965081828,0.09432172434156245,0.14394947965081828,0.1641136710281915,0.24022387294637088,0.3108108108108108,14.755258379755793,-0.00867832673562537,-0.00867832673562537,0.7010080384694644,0.4664950308364791,0.9875540441319046,0.8980932688737927,0.8565096399811255,0.8980932688737927,0.8800394420704079,0.9864864864864865,74,0
resnet50,123,891_876,NeuralTextures,1,resize_sev3,resize,3,0.9156282449493537,0.972972972972973,0.972972972972973,0.2453893983030057,0.28106720937044505,0.2453893983030057,0.21331073681280982,0.15102902736821713,0.09640340693044852,0.15102902736821713,0.16958905336537158,0.24711521956462643,0.3108108108108108,14.689896647994583,-0.00926685252705134,-0.00926685252705134,0.7013159374630934,0.46588944925649745,0.9740776796136966,0.8401807449872182,0.8056825784239833,0.8401807449872182,0.8068742381043452,0.972972972972973,74,0
