model,seed,category,video_id,ground_truth,transformation,transformation_family,severity,prob_fake,pred_fake,correct,SO,SO@10,SO@20,SO@30,IoU,IoU@10,IoU@20,IoU@30,saliency_mass,hit_rate,saliency_entropy,faithfulness,faithfulness_blur,faithfulness_zero,faithfulness_mean,ES_cos,explanation_IoU,explanation_IoU@10,explanation_IoU@20,explanation_IoU@30,prediction_preserved,n_valid_frames,n_failed_frames
xception,2024,Deepfakes,033_097,1,brightening_sev1,brightening,1,0.5265288332986457,0.5270935960591133,0.5270935960591133,0.3192844015695077,0.372784948798609,0.3192844015695077,0.2655769564267741,0.25821294145136187,0.1752176268909654,0.25821294145136187,0.24471548310345234,0.34035343373934135,0.3842364532019704,12.258762369014947,-0.04366182426467829,-0.04366182426467829,0.4933079986543718,0.4793847411305511,0.8631723337330535,0.6226009960157225,0.5709059001101857,0.6226009960157225,0.6293082896177179,0.6699507389162561,203,0
xception,2024,Deepfakes,033_097,1,brightening_sev2,brightening,2,0.3404323027837388,0.33497536945812806,0.33497536945812806,0.20008145795525006,0.22505318597467322,0.20008145795525006,0.1862456062350183,0.15165283866605803,0.10156824334926555,0.15165283866605803,0.16233166024498732,0.2243718047964439,0.24630541871921183,12.577379400506983,-0.11319974084038359,-0.11319974084038359,0.31296977033770385,0.2978173530228456,0.7005602269068647,0.46206916945327825,0.398411790704524,0.46206916945327825,0.4927652227617529,0.47783251231527096,203,0
xception,2024,Deepfakes,033_097,1,brightening_sev3,brightening,3,0.2347905818040923,0.17733990147783252,0.17733990147783252,0.09949712412127186,0.11420467032466783,0.09949712412127186,0.09982859881043349,0.07725844862068199,0.0522673925969499,0.07725844862068199,0.08515346698686849,0.13973171414244112,0.11330049261083744,12.778147321616487,-0.16856708415420354,-0.16856708415420354,0.19930457930661805,0.18373461187504037,0.5789683330327579,0.3922012185359991,0.33369978928994914,0.3922012185359991,0.41207118102612966,0.32019704433497537,203,0
xception,2024,Deepfakes,033_097,1,clean,clean,0,0.8375171578759923,0.8571428571428571,0.8571428571428571,0.4009004470599434,0.4595700653465735,0.4009004470599434,0.3153241931905892,0.3356927272846043,0.21614322850084064,0.3356927272846043,0.2971781217452368,0.4159431264535326,0.47783251231527096,12.091917634597554,0.08151079751459397,0.08151079751459397,0.7590891606618279,0.7306182045751054,,,,,,,203,0
xception,2024,Deepfakes,033_097,1,darkening_sev1,darkening,1,0.8673860407136197,0.8866995073891626,0.8866995073891626,0.4014873617687823,0.46987425580774117,0.4014873617687823,0.31950500919941444,0.32892242107826164,0.21949253170326874,0.32892242107826164,0.2976900237697196,0.4142022010471907,0.49261083743842365,12.072949813504524,0.08203346818557075,0.08203346818557075,0.7875637373135177,0.7733820254611669,0.9839015843783311,0.8567158293086242,0.843059456321769,0.8567158293086242,0.861367378869165,0.9605911330049262,203,0
xception,2024,Deepfakes,033_097,1,darkening_sev2,darkening,2,0.926238909804175,0.9310344827586207,0.9310344827586207,0.4465882461321932,0.5163131020176689,0.4465882461321932,0.3581079706424721,0.3633642948455005,0.24051911462345746,0.3633642948455005,0.33511316082635023,0.4604627606105403,0.5517241379310345,11.877547860732808,0.04279801733057784,0.04279801733057784,0.8249443351670187,0.8218723705527029,0.9107655810197356,0.7138034900876287,0.6980980783497547,0.7138034900876287,0.7206409443934121,0.9261083743842364,203,0
xception,2024,Deepfakes,033_097,1,darkening_sev3,darkening,3,0.9835643533415395,0.9901477832512315,0.9901477832512315,0.4952498382689567,0.5884742713251714,0.4952498382689567,0.40413310796644203,0.3952026474152,0.2720614879436265,0.3952026474152,0.38095430756965937,0.5128647206960124,0.6403940886699507,11.632592102576947,0.03573863508335771,0.03573863508335771,0.8590094336134203,0.854179772695187,0.7706059534127497,0.5579934413786897,0.5529213866924678,0.5579934413786897,0.5594281089783919,0.8669950738916257,203,0
xception,2024,Deepfakes,033_097,1,jpeg_sev1,jpeg,1,0.5341452543837077,0.4975369458128079,0.4975369458128079,0.30611041636741065,0.34859541823258294,0.30611041636741065,0.24717494506980656,0.257266620364267,0.16570134896691804,0.257266620364267,0.23237834563334003,0.3291272126682674,0.3497536945812808,12.306229135673034,0.06716944985756917,0.06716944985756917,0.49566940881652105,0.474068076209652,0.8165986208674572,0.6292496950359749,0.6017582461236304,0.6292496950359749,0.6147485120976817,0.6403940886699507,203,0
xception,2024,Deepfakes,033_097,1,jpeg_sev2,jpeg,2,0.1515935929411829,0.11822660098522167,0.11822660098522167,0.05352016950186757,0.05988897546202545,0.05352016950186757,0.05482984034869484,0.037639449560258956,0.02542695730033354,0.037639449560258956,0.04375483601780367,0.08727414985830279,0.06403940886699508,12.820507509955045,0.04154907374150603,0.04154907374150603,0.14024842573972665,0.13808783458850746,0.4999203601691063,0.3338160932027584,0.28235219166311454,0.3338160932027584,0.35506845502389983,0.26108374384236455,203,0
xception,2024,Deepfakes,033_097,1,jpeg_sev3,jpeg,3,0.008474759224832595,0.0,0.0,0.0060554658953170136,0.0038493782080084625,0.0060554658953170136,0.009952982793098482,0.0029561713187354057,0.0012206206511162743,0.0029561713187354057,0.005911801640396391,0.03621356853801116,0.0,13.010152267117805,0.0043747359767231445,0.0043747359767231445,0.006499149248806348,0.006854485252154073,0.38537709096961753,0.17370258483307538,0.11690041014985732,0.17370258483307538,0.23459641380355606,0.14285714285714285,203,0
xception,2024,Deepfakes,033_097,1,resize_sev1,resize,1,0.9970955613798695,1.0,1.0,0.5358576809502485,0.6105762888537574,0.5358576809502485,0.4243145478902892,0.4447714101996041,0.28497508251739173,0.4447714101996041,0.40757881627983783,0.5441024637753222,0.6403940886699507,11.62020570069111,0.019015968653368843,0.019015968653368843,0.8215108074871778,0.8082205993788583,0.7504049882231489,0.563219116317553,0.5666602850303856,0.563219116317553,0.5421816247572011,0.8571428571428571,203,0
xception,2024,Deepfakes,033_097,1,resize_sev2,resize,2,0.9324999938402416,0.9458128078817734,0.9458128078817734,0.4808099947379391,0.5484766487231985,0.4808099947379391,0.38435676977392563,0.3959895495696259,0.2556948225513348,0.3959895495696259,0.36540517563599967,0.4869765735153372,0.5911330049261084,11.874482765573585,0.051210740012268136,0.051210740012268136,0.7741628376912701,0.7544915795720784,0.8058943359660317,0.582835869971264,0.5583445904493329,0.582835869971264,0.578760180096978,0.8916256157635468,203,0
xception,2024,Deepfakes,033_097,1,resize_sev3,resize,3,0.859169284276334,0.8817733990147784,0.8817733990147784,0.4291104029727433,0.481523488386083,0.4291104029727433,0.34614297656461746,0.35527955468970146,0.2251249424475872,0.35527955468970146,0.3259014031938507,0.42635574607863586,0.5024630541871922,12.065624406185057,-0.05929466291087599,-0.05929466291087599,0.6009921235459045,0.6032927559844672,0.808428939255857,0.5774688474541378,0.5388296426537265,0.5774688474541378,0.5662208822944939,0.8571428571428571,203,0
xception,2024,Deepfakes,097_033,1,brightening_sev1,brightening,1,0.9447283629948894,0.9666666666666667,0.9666666666666667,0.22386787136949504,0.24750696856616192,0.22386787136949504,0.1832898329730039,0.18695168881319,0.1161740862416806,0.18695168881319,0.17588034066483646,0.22977237400503178,0.25,11.813365681966145,0.03320343396626416,0.03320343396626416,0.8093862671859824,0.7605025992699666,0.9297966375808379,0.8379300713505874,0.8035692844416851,0.8379300713505874,0.8468086803826335,0.9666666666666667,120,0
xception,2024,Deepfakes,097_033,1,brightening_sev2,brightening,2,0.8163089320684472,0.85,0.85,0.15379894788783458,0.1711156224275168,0.15379894788783458,0.1379296445981265,0.12205530947330273,0.07777365765137371,0.12205530947330273,0.1267499533008834,0.16621519985190164,0.18333333333333332,12.06681470076243,0.06564647144793226,0.06564647144793226,0.7270179984500525,0.6883469776061247,0.7729187544848151,0.632257823331749,0.5993440023920708,0.632257823331749,0.6470881171425618,0.85,120,0
xception,2024,Deepfakes,097_033,1,brightening_sev3,brightening,3,0.48960254942066966,0.4666666666666667,0.4666666666666667,0.05813425580701142,0.06409513383185964,0.05813425580701142,0.061421896628709366,0.04345749726341192,0.028766711995462768,0.04345749726341192,0.05166220398152735,0.0737642914162873,0.06666666666666667,12.59441888332367,0.014345283585134896,0.014345283585134896,0.4511143528793885,0.42604566467877397,0.42777676175880525,0.27886674156924696,0.2632696555352422,0.27886674156924696,0.3113501407928187,0.4666666666666667,120,0
xception,2024,Deepfakes,097_033,1,clean,clean,0,0.9942705805102984,1.0,1.0,0.2602980000785021,0.2956328838494054,0.2602980000785021,0.20802439252471336,0.21845208490872914,0.13877121495691322,0.21845208490872914,0.20395671908054555,0.26431424184226654,0.3,11.689196904500326,-0.004531852900981885,-0.004531852900981885,0.8241027806128841,0.7844643382666011,,,,,,,120,0
xception,2024,Deepfakes,097_033,1,darkening_sev1,darkening,1,0.9962030738592148,1.0,1.0,0.26375769821592016,0.30057169060776995,0.26375769821592016,0.21008119166046757,0.22088862971165815,0.14087307413715688,0.22088862971165815,0.20593448627346234,0.264476846838762,0.30833333333333335,11.701736450195312,0.007074333727359783,0.007074333727359783,0.8226468432146551,0.7890865117893554,0.9947332924598036,0.9574894015722657,0.9376971358701175,0.9574894015722657,0.965100655134638,1.0,120,0
xception,2024,Deepfakes,097_033,1,darkening_sev2,darkening,2,0.998907192548116,1.0,1.0,0.26977844766408,0.3042985989961851,0.26977844766408,0.21330162828051438,0.22831585209634148,0.1431705121765454,0.22831585209634148,0.21037721382615174,0.26942179298033603,0.30833333333333335,11.684616112709046,-0.0004725679755210825,-0.0004725679755210825,0.8098061390221118,0.7885766527305047,0.9859509990374027,0.9224658301396347,0.9095111563780752,0.9224658301396347,0.9341939375332212,1.0,120,0
xception,2024,Deepfakes,097_033,1,darkening_sev3,darkening,3,0.999918827911218,1.0,1.0,0.27496046977957295,0.3057861157159208,0.27496046977957295,0.21459278581193517,0.23578531885216575,0.14421877969282856,0.23578531885216575,0.2122648998862577,0.2677992069864936,0.30833333333333335,11.759436472256978,-7.828076680501106e-05,-7.828076680501106e-05,0.8079615574950973,0.7637147250274817,0.9812275665380052,0.8893003720629846,0.8747451110044616,0.8893003720629846,0.8936842039256363,1.0,120,0
xception,2024,Deepfakes,097_033,1,jpeg_sev1,jpeg,1,0.6165686048722515,0.5916666666666667,0.5916666666666667,0.12530957757308223,0.13771384282466687,0.12530957757308223,0.10713995018065667,0.10373306519387743,0.06457093392727348,0.10373306519387743,0.10111056659860987,0.1384343785051544,0.14166666666666666,12.424625738461812,0.07278707820611698,0.07278707820611698,0.5479555089266797,0.5164800115065494,0.5414397294184028,0.4026308638173665,0.38267508888144636,0.4026308638173665,0.41948976160852464,0.5916666666666667,120,0
xception,2024,Deepfakes,097_033,1,jpeg_sev2,jpeg,2,0.01966735391955197,0.0,0.0,0.0008294748955383692,7.333738338640249e-05,0.0008294748955383692,0.0031829709247150253,0.00039281509649203753,2.2727956005881664e-05,0.00039281509649203753,0.0018511746397633251,0.013868494110416768,0.0,13.103895123799642,0.009952066655023326,0.009952066655023326,0.017300539229290684,0.016619770701254262,0.057253565266703124,0.014014421555439811,0.007084115056800228,0.014014421555439811,0.027982602809684023,0.0,120,0
xception,2024,Deepfakes,097_033,1,jpeg_sev3,jpeg,3,0.0033233777915786756,0.0,0.0,0.0003601044857091533,4.797149122807e-05,0.0003601044857091533,0.0012451058452808016,0.00017542541273002417,1.5942425070601667e-05,0.00017542541273002417,0.00073022510343553,0.011575944493049214,0.0,13.158629671732585,0.0025966440265619444,0.0025966440265619444,0.00266020036833647,0.0026351522064941924,0.04923968669831279,0.007546683407676604,0.004586503939899208,0.007546683407676604,0.016948575061161597,0.0,120,0
xception,2024,Deepfakes,097_033,1,resize_sev1,resize,1,0.9999910021821657,1.0,1.0,0.27511823740695635,0.30542197679714544,0.27511823740695635,0.21400534811366353,0.23602433261668357,0.14391978781505305,0.23602433261668357,0.21136247305714306,0.26765312762815463,0.30833333333333335,11.74397226969401,-8.899470170337162e-06,-8.899470170337162e-06,0.7816210553050041,0.8052392498900492,0.9791839796893402,0.8774193532526693,0.8543708405317628,0.8774193532526693,0.8823726595747831,1.0,120,0
xception,2024,Deepfakes,097_033,1,resize_sev2,resize,2,0.9927459781368574,1.0,1.0,0.24184066722665729,0.2715764597023293,0.24184066722665729,0.1921469773393821,0.1984370984238845,0.12434645745287433,0.1984370984238845,0.18239207509406805,0.22525116089015035,0.2833333333333333,12.121282227834065,0.017759488647182787,0.017759488647182787,0.7578998900018632,0.80368085221077,0.9255866496060878,0.7576431424730917,0.7630231682610733,0.7576431424730917,0.7008367713560925,1.0,120,0
xception,2024,Deepfakes,097_033,1,resize_sev3,resize,3,0.6793293634584795,0.6666666666666666,0.6666666666666666,0.09632371952897054,0.10904075563990517,0.09632371952897054,0.08783574075621244,0.06804438221174185,0.04637285336583734,0.06804438221174185,0.07379836966279264,0.09922417274685856,0.10833333333333334,12.568393015861512,-0.24314682078547775,-0.24314682078547775,0.23047682537386815,0.24413869109315176,0.47289273613734056,0.2607420917321834,0.26154488950159355,0.2607420917321834,0.2649096177874039,0.6666666666666666,120,0
xception,2024,Deepfakes,360_437,1,brightening_sev1,brightening,1,0.9975928295518934,1.0,1.0,0.4610458470510223,0.4736198577361462,0.4610458470510223,0.42229073360668196,0.2912204848182543,0.15276299209610586,0.2912204848182543,0.3675374010259108,0.45602351681726433,0.4742268041237113,15.577404385989475,-0.002407105313133932,-0.002407105313133932,0.7472363652027759,0.23682170315194373,0.9960494262125089,0.9438271666489497,0.9260192081822713,0.9438271666489497,0.9550369626502646,0.9896907216494846,97,0
xception,2024,Deepfakes,360_437,1,brightening_sev2,brightening,2,0.9605326376010462,0.9896907216494846,0.9896907216494846,0.4311501614691266,0.4485598698767763,0.4311501614691266,0.39199166571817967,0.26592138271699134,0.14296390283377722,0.26592138271699134,0.3290200391762452,0.4269461852983199,0.4536082474226804,15.633139983894898,-0.03577378300047408,-0.03577378300047408,0.7013263841418876,0.20904655314828313,0.9588607030817451,0.8327478202030304,0.8192511792368872,0.8327478202030304,0.8441184788137822,0.979381443298969,97,0
xception,2024,Deepfakes,360_437,1,brightening_sev3,brightening,3,0.2028458435280421,0.09278350515463918,0.09278350515463918,0.0698773605709324,0.05852141470420408,0.0698773605709324,0.07809383543172593,0.029994787843202707,0.014725367632709657,0.029994787843202707,0.04316309480554565,0.09617943865034981,0.030927835051546393,17.15697380931107,-0.030875387476737997,-0.030875387476737997,0.15655156610936843,0.12425660805719103,0.1499101201697169,0.04387592465400301,0.018819969269612758,0.04387592465400301,0.09058544836498397,0.08247422680412371,97,0
xception,2024,Deepfakes,360_437,1,clean,clean,0,0.9916675130731052,0.9896907216494846,0.9896907216494846,0.4601259065493023,0.47278856529037727,0.4601259065493023,0.4222245309142094,0.2900816000817861,0.1523170069759044,0.2900816000817861,0.36735962313706794,0.4564956444513671,0.4742268041237113,15.554768110058971,-0.008116801682206758,-0.008116801682206758,0.77070829832984,0.4002603873149636,,,,,,,97,0
xception,2024,Deepfakes,360_437,1,darkening_sev1,darkening,1,0.9885084993138755,0.9896907216494846,0.9896907216494846,0.4593878984050984,0.47214525123453843,0.4593878984050984,0.4217319098188413,0.28908214610885413,0.15193942751778405,0.28908214610885413,0.36654369726032004,0.45701587471579475,0.4742268041237113,15.536834107231847,-0.005209180036770915,-0.005209180036770915,0.7796019962844775,0.558380727377749,0.996588263402463,0.9496713150635742,0.9381813193320082,0.9496713150635742,0.9606723380319616,1.0,97,0
xception,2024,Deepfakes,360_437,1,darkening_sev2,darkening,2,0.9890338056480762,0.9896907216494846,0.9896907216494846,0.4566341784492759,0.4717987873346689,0.4566341784492759,0.41803385363592027,0.28615358157213994,0.15175322540380334,0.28615358157213994,0.36082353330442807,0.45508261367741376,0.4742268041237113,15.541599086879454,-0.0009094259519245057,-0.0009094259519245057,0.7668477318336054,0.5949466880986986,0.9883932445543,0.9095913305812652,0.8869829962947986,0.9095913305812652,0.9310158687886676,1.0,97,0
xception,2024,Deepfakes,360_437,1,darkening_sev3,darkening,3,0.9937565950388761,0.9896907216494846,0.9896907216494846,0.4586168059060163,0.4722190255822073,0.4586168059060163,0.41861604651738016,0.28817249543065077,0.1519602231930903,0.28817249543065077,0.3615352177678003,0.453805087071103,0.4742268041237113,15.59246273630673,-0.003387576833213717,-0.003387576833213717,0.7236371140197381,0.5313060432672501,0.985365341276733,0.8924461234856341,0.8632822788573751,0.8924461234856341,0.9189424447019157,1.0,97,0
xception,2024,Deepfakes,360_437,1,jpeg_sev1,jpeg,1,0.9713020810146922,0.9896907216494846,0.9896907216494846,0.44671236310063545,0.45935530522009105,0.44671236310063545,0.411638980744801,0.27914621815154544,0.14700536995831648,0.27914621815154544,0.35550407186004745,0.4425269552346248,0.4742268041237113,15.546010449989554,-0.028258578678996248,-0.028258578678996248,0.7987994164439667,0.43575298115995126,0.9853537188961834,0.9066385939408375,0.8893420449275005,0.9066385939408375,0.9134438269363802,1.0,97,0
xception,2024,Deepfakes,360_437,1,jpeg_sev2,jpeg,2,0.4746587676255359,0.44329896907216493,0.44329896907216493,0.2150010164117609,0.21896083153431403,0.2150010164117609,0.20282370177933823,0.12083719051332464,0.0663004497743861,0.12083719051332464,0.1490440177955063,0.23025141690615897,0.20618556701030927,16.373417667506896,-0.21709707890128352,-0.21709707890128352,0.40223565039623377,0.2652065450596844,0.5694590226321473,0.3850029361428169,0.36940680132337067,0.3850029361428169,0.40610058905220614,0.4329896907216495,97,0
xception,2024,Deepfakes,360_437,1,jpeg_sev3,jpeg,3,0.006318801781162572,0.0,0.0,0.029999649346590967,0.02252665570137707,0.029999649346590967,0.03468469489694817,0.011884331058671429,0.005435306755176669,0.011884331058671429,0.01752750432686489,0.05154867670031064,0.020618556701030927,17.094562097923042,0.0034821086389746664,0.0034821086389746664,0.006081311699716947,0.005303462095736814,0.028911057015859536,0.00030752311709039676,0.0,0.00030752311709039676,0.012282411164342779,0.010309278350515464,97,0
xception,2024,Deepfakes,360_437,1,resize_sev1,resize,1,0.9841769121049606,0.9896907216494846,0.9896907216494846,0.45846572350365106,0.47184402202418313,0.45846572350365106,0.4213560251490025,0.28823430651371246,0.15180426554584567,0.28823430651371246,0.36604497271642067,0.45575928425864093,0.4742268041237113,15.550157232382864,-0.006288484814240745,-0.006288484814240745,0.7749898330951782,0.4980143378248688,0.9966457174742841,0.9615573155749624,0.9540356079918909,0.9615573155749624,0.965451817992278,1.0,97,0
xception,2024,Deepfakes,360_437,1,resize_sev2,resize,2,0.9851254593465746,0.9896907216494846,0.9896907216494846,0.4555165731247324,0.4712405048285958,0.4555165731247324,0.41628554206920765,0.2851768697886532,0.15146790823894704,0.2851768697886532,0.35844079379596144,0.45309628813073033,0.4742268041237113,15.55403773317632,-0.00482453338648239,-0.00482453338648239,0.7695104572537941,0.5324741627963394,0.9921113128239362,0.9289543782505508,0.9143824346906857,0.9289543782505508,0.9372119874323384,1.0,97,0
xception,2024,Deepfakes,360_437,1,resize_sev3,resize,3,0.9487234572159875,0.9381443298969072,0.9381443298969072,0.44334560723220723,0.46656062460611003,0.44334560723220723,0.4020261179016718,0.27364468941913755,0.14919105672789365,0.27364468941913755,0.3392982521863942,0.44229729561215253,0.4639175257731959,15.553127259323277,-0.04139794824049641,-0.04139794824049641,0.7306130508479384,0.5915399496587589,0.9739082942745134,0.8516861160171775,0.8332019754484544,0.8516861160171775,0.864905849610024,0.9484536082474226,97,0
xception,2024,Deepfakes,435_456,1,brightening_sev1,brightening,1,0.9470346185590038,0.957983193277311,0.957983193277311,0.2597252203854653,0.283550574011429,0.2597252203854653,0.21928478331428927,0.20164544432547063,0.12022332155062114,0.20164544432547063,0.21074290652761848,0.26206346088890903,0.2857142857142857,12.790140873243828,-0.028136988587192217,-0.028136988587192217,0.8188983308686484,0.6011183904674678,0.9895169049768252,0.9162932579966929,0.884807035000121,0.9162932579966929,0.9298865094411829,0.9831932773109243,119,0
xception,2024,Deepfakes,435_456,1,brightening_sev2,brightening,2,0.9711750307503868,0.9747899159663865,0.9747899159663865,0.27331193463257186,0.2971753136573754,0.27331193463257186,0.22800016775971524,0.2160272401631639,0.12632629453194383,0.2160272401631639,0.22209934212418136,0.27448704335647484,0.29411764705882354,12.769649369376046,-0.01981464241232187,-0.01981464241232187,0.8496206393543663,0.5504287436307103,0.9728824211664074,0.8728130767324409,0.8112109040637658,0.8728130767324409,0.898055744490048,0.9663865546218487,119,0
xception,2024,Deepfakes,435_456,1,brightening_sev3,brightening,3,0.9146768801352557,0.9327731092436975,0.9327731092436975,0.2562609534458317,0.27997720934052805,0.2562609534458317,0.21360693485568297,0.20125916604072783,0.1189434075852058,0.20125916604072783,0.20498452385390573,0.256442021167931,0.2773109243697479,12.878759440253763,-0.06082572508407675,-0.06082572508407675,0.8026806620563999,0.48593753379448745,0.964092055693994,0.8430449721261886,0.7652350586555474,0.8430449721261886,0.8791060731071466,0.957983193277311,119,0
xception,2024,Deepfakes,435_456,1,clean,clean,0,0.9397021791263789,0.957983193277311,0.957983193277311,0.24873369288832659,0.2730316208385938,0.24873369288832659,0.21284028390576634,0.19140462251862045,0.11525622431839182,0.19140462251862045,0.20251854351653945,0.25397037679498996,0.2773109243697479,12.807887197542591,-0.025181107356079955,-0.025181107356079955,0.7760962622803675,0.6122147116590949,,,,,,,119,0
xception,2024,Deepfakes,435_456,1,darkening_sev1,darkening,1,0.9462546518369883,0.9663865546218487,0.9663865546218487,0.2518196601019934,0.2786008430163103,0.2518196601019934,0.2153554129916032,0.19381523301783227,0.11789286389969982,0.19381523301783227,0.20499693120112403,0.25798996255698703,0.2857142857142857,12.798885265318285,-0.022094864022581477,-0.022094864022581477,0.7609326848055885,0.614371509173838,0.983320300182417,0.9142424701642228,0.9012509479809724,0.9142424701642228,0.9201057706693024,0.957983193277311,119,0
xception,2024,Deepfakes,435_456,1,darkening_sev2,darkening,2,0.9526515848496381,0.9747899159663865,0.9747899159663865,0.2494184821149546,0.27594895003342323,0.2494184821149546,0.21302579923517612,0.19060843863225987,0.11616094713530256,0.19060843863225987,0.20132157394015404,0.2540594356928533,0.2857142857142857,12.83831651671594,-0.025503388347745903,-0.025503388347745903,0.7525777337493516,0.6137234607414037,0.9648893770248888,0.8700132889325449,0.8419884749906925,0.8700132889325449,0.8784879508998941,0.9495798319327731,119,0
xception,2024,Deepfakes,435_456,1,darkening_sev3,darkening,3,0.9862100557118905,0.9915966386554622,0.9915966386554622,0.26481301899265264,0.29139829586667226,0.26481301899265264,0.22340576267353213,0.20687273385824087,0.12402955701852,0.20687273385824087,0.21544466288958503,0.2682065479147086,0.29411764705882354,12.797336770706817,-0.006478806378460697,-0.006478806378460697,0.7584212953303041,0.5491609168278069,0.9577079961343604,0.8583151111316948,0.8170998561306346,0.8583151111316948,0.8749046110179252,0.9495798319327731,119,0
xception,2024,Deepfakes,435_456,1,jpeg_sev1,jpeg,1,0.4354154488713551,0.3865546218487395,0.3865546218487395,0.11814910017133112,0.12703006299606145,0.11814910017133112,0.10313652008581425,0.08677333255298318,0.05299616984869295,0.08677333255298318,0.09122920291504504,0.1235650741878689,0.11764705882352941,13.604492580189424,0.01018613550524391,0.01018613550524391,0.40103037232186295,0.34017078669195383,0.5042480842224863,0.36595375274791375,0.3340641573589612,0.36595375274791375,0.4092810308056092,0.42857142857142855,119,0
xception,2024,Deepfakes,435_456,1,jpeg_sev2,jpeg,2,0.008589404990980662,0.0,0.0,0.004494028872442805,0.0026052019194255363,0.004494028872442805,0.008599373141087116,0.002047076749756532,0.0007513662287556773,0.002047076749756532,0.004872317697974862,0.019831582101702813,0.0,14.33021071778626,0.007578756932887942,0.007578756932887942,0.008186454464429614,0.008054312536918566,0.07427656863288046,0.015657110278564663,0.007252421609077428,0.015657110278564663,0.043546580909223545,0.04201680672268908,119,0
xception,2024,Deepfakes,435_456,1,jpeg_sev3,jpeg,3,0.0007085782920152725,0.0,0.0,0.0006136357792573076,0.0003620836965905941,0.0006136357792573076,0.0011816531741533833,0.0002711079526100958,0.00010081261167112291,0.0002711079526100958,0.0006486064473670292,0.01289609381711643,0.0,14.3310638155256,0.0005192211382555881,0.0005192211382555881,0.0006318429945044984,0.0006193316058677674,0.061921050463110874,0.010678312839287007,0.003967088730794651,0.010678312839287007,0.023589068626411223,0.04201680672268908,119,0
xception,2024,Deepfakes,435_456,1,resize_sev1,resize,1,0.9881596324824485,0.9915966386554622,0.9915966386554622,0.26573429012122324,0.2965080625729334,0.26573429012122324,0.22326928123020015,0.20608957354064825,0.12542032542700904,0.20608957354064825,0.2143310245383947,0.2688036310462858,0.3025210084033613,12.790951744848941,-0.004811066539347635,-0.004811066539347635,0.7327930037589634,0.7162210550315741,0.9520051312342397,0.852822807167448,0.8275752892530112,0.852822807167448,0.8567091907584676,0.9495798319327731,119,0
xception,2024,Deepfakes,435_456,1,resize_sev2,resize,2,0.9541220582019883,0.9747899159663865,0.9747899159663865,0.2554628707145119,0.2869471520472222,0.2554628707145119,0.21338347001258723,0.19468456867895786,0.1207414865527426,0.19468456867895786,0.20082014086341665,0.25818881509021535,0.29411764705882354,12.9711281752386,-0.030828072525122558,-0.030828072525122558,0.7172784741748782,0.7162417504826889,0.8892347546346445,0.7306477950640411,0.716186676682755,0.7306477950640411,0.7284832223490653,0.9327731092436975,119,0
xception,2024,Deepfakes,435_456,1,resize_sev3,resize,3,0.5791983437497451,0.5630252100840336,0.5630252100840336,0.07399850517285493,0.08223970906310087,0.07399850517285493,0.07432935185474276,0.04982905161957075,0.033214547657368185,0.04982905161957075,0.059764362507675105,0.08732366416994726,0.09243697478991597,13.591234808208561,-0.2940350274218857,-0.2940350274218857,0.3012267414151746,0.3303606674904708,0.476758208088371,0.287143913032544,0.312013947367088,0.287143913032544,0.2766670315682658,0.5546218487394958,119,0
xception,2024,Deepfakes,437_360,1,brightening_sev1,brightening,1,0.9797214457652713,0.9932885906040269,0.9932885906040269,0.6907965834263047,0.723451280927112,0.6907965834263047,0.6060177561651494,0.4319149173912781,0.2429111582519302,0.4319149173912781,0.4929402263918496,0.6865986315590785,0.6778523489932886,15.706305420638731,-0.01321497271399967,-0.01321497271399967,0.732858225696989,0.6626326759727109,0.9745560412155783,0.839556660122394,0.826351066228832,0.839556660122394,0.8469018636877189,0.9932885906040269,149,0
xception,2024,Deepfakes,437_360,1,brightening_sev2,brightening,2,0.8212963720196046,0.8523489932885906,0.8523489932885906,0.5665334780547969,0.6123360583545211,0.5665334780547969,0.5050112220607097,0.34041288982722195,0.20246362459305514,0.34041288982722195,0.38928174613910427,0.5743709635803572,0.6308724832214765,15.966774518057804,-0.07426474723439885,-0.07426474723439885,0.6109070643601352,0.5137402030933124,0.8129648491666063,0.5909610848609137,0.5817309413623608,0.5909610848609137,0.5954796723646701,0.8523489932885906,149,0
xception,2024,Deepfakes,437_360,1,brightening_sev3,brightening,3,0.5869263176096841,0.5704697986577181,0.5704697986577181,0.38110412570419505,0.41366039451452485,0.38110412570419505,0.3510484392922009,0.20599492159352656,0.1317018427255515,0.20599492159352656,0.24000604571088593,0.39043991122552213,0.48322147651006714,16.36787996996169,-0.08778037057155055,-0.08778037057155055,0.42402178385715317,0.38081968778388064,0.5839746256796056,0.37035875907721594,0.36499438061083017,0.37035875907721594,0.37751742330208626,0.5704697986577181,149,0
xception,2024,Deepfakes,437_360,1,clean,clean,0,0.998595418946055,1.0,1.0,0.7361174366540513,0.743937780303246,0.7361174366540513,0.6532750363347255,0.47339858549598707,0.2515583251031337,0.47339858549598707,0.5512186733981033,0.7199951644407939,0.6778523489932886,15.70548214368372,-0.0014045810539450303,-0.0014045810539450303,0.7453240607708893,0.6462700868012922,,,,,,,149,0
xception,2024,Deepfakes,437_360,1,darkening_sev1,darkening,1,0.9989999200673711,1.0,1.0,0.7361904629854313,0.7438282239105942,0.7361904629854313,0.6522408629914727,0.47334600862750686,0.2515447842727291,0.47334600862750686,0.5490054306384786,0.7197973501245639,0.6778523489932886,15.70550942260947,-0.0010000799326288503,-0.0010000799326288503,0.6929137196716846,0.5940879830378014,0.9992460123643087,0.9719329030225728,0.9654596108941637,0.9719329030225728,0.9736342830092084,1.0,149,0
xception,2024,Deepfakes,437_360,1,darkening_sev2,darkening,2,0.9997991019447378,1.0,1.0,0.7379634130613866,0.7426719110368801,0.7379634130613866,0.6549228658369913,0.47537393466843625,0.25116730695900813,0.47537393466843625,0.5515311705105391,0.7185884345172731,0.6778523489932886,15.739423239791153,-0.0002008980552622089,-0.0002008980552622089,0.6137007453897655,0.5095695947240663,0.9977278143210017,0.9511800657771877,0.939021379869598,0.9511800657771877,0.9495965831395806,1.0,149,0
xception,2024,Deepfakes,437_360,1,darkening_sev3,darkening,3,0.9999969709639581,1.0,1.0,0.7417142480710434,0.7410040388267547,0.7417142480710434,0.6608468749252067,0.4794048801553326,0.2506239251743835,0.4794048801553326,0.5577416150863727,0.7161069598190267,0.6778523489932886,15.816828164478276,-3.0290360418735526e-06,-3.0290360418735526e-06,0.48358724981346385,0.36010412171783057,0.9922886833813487,0.9130025729630245,0.8821969212882866,0.9130025729630245,0.9133395375557788,1.0,149,0
xception,2024,Deepfakes,437_360,1,jpeg_sev1,jpeg,1,0.9934394487598598,1.0,1.0,0.7262894393554467,0.7412147544026784,0.7262894393554467,0.6432342574801,0.4636440388500264,0.25026847989371664,0.4636440388500264,0.5380531885338331,0.7141501866166602,0.6778523489932886,15.675641002271,-0.006560548839953099,-0.006560548839953099,0.7733016017099354,0.6771149300788873,0.9970487354818771,0.9442662275922942,0.9383165403705037,0.9442662275922942,0.9429866418771317,1.0,149,0
xception,2024,Deepfakes,437_360,1,jpeg_sev2,jpeg,2,0.42615453970474787,0.4161073825503356,0.4161073825503356,0.4657569278307866,0.48804093189277203,0.4657569278307866,0.4284347715903737,0.279597600156433,0.15754730651176488,0.279597600156433,0.3380276011338152,0.4615367581857921,0.5234899328859061,16.492844991235923,-0.06599888598879224,-0.06599888598879224,0.39259114423885877,0.3690833801805235,0.48437879537503475,0.3616768285318765,0.3821936334538969,0.3616768285318765,0.3719026751353567,0.4161073825503356,149,0
xception,2024,Deepfakes,437_360,1,jpeg_sev3,jpeg,3,0.0011122601547031194,0.0,0.0,0.20048022941392232,0.23437126172571998,0.20048022941392232,0.1780546110518279,0.09753932653749244,0.07022867593399115,0.09753932653749244,0.10780502830224395,0.1709890286268628,0.10738255033557047,17.2058240391264,0.000961417538478289,0.000961417538478289,0.0009919798195085182,0.0009851655119727607,0.027629518596171673,0.0016604191051390672,0.0,0.0016604191051390672,0.018650329768751923,0.0,149,0
xception,2024,Deepfakes,437_360,1,resize_sev1,resize,1,0.9987135449511892,1.0,1.0,0.7330345333683018,0.7429451336502023,0.7330345333683018,0.6492912305718009,0.4703863463767244,0.2511125641686625,0.4703863463767244,0.5461314381096951,0.7180195231504672,0.6778523489932886,15.699487090910841,-0.001286455048810701,-0.001286455048810701,0.7887239694070296,0.6912775432703478,0.9995343458372405,0.9762559226962635,0.970510196239541,0.9762559226962635,0.9781195905862172,1.0,149,0
xception,2024,Deepfakes,437_360,1,resize_sev2,resize,2,0.9974933562662778,1.0,1.0,0.7311651198159864,0.7433050817253688,0.7311651198159864,0.6470054796911346,0.4683553944977179,0.2512201689158497,0.4683553944977179,0.5429729244101075,0.7166705665438432,0.6778523489932886,15.70178540120989,-0.002506642133597545,-0.002506642133597545,0.804727054732358,0.7230418893014825,0.9985845833688959,0.9582515476018265,0.9508652908381816,0.9582515476018265,0.9614509581328343,1.0,149,0
xception,2024,Deepfakes,437_360,1,resize_sev3,resize,3,0.9913776608921537,1.0,1.0,0.7142917317097758,0.7386543167703601,0.7142917317097758,0.633221083578646,0.45292422673520183,0.24913289822004925,0.45292422673520183,0.5263117473848,0.7061925045639152,0.6778523489932886,15.716600098065882,-0.008622307905414732,-0.008622307905414732,0.8023072224635406,0.7393841872229272,0.9864900239010115,0.8883409258518061,0.8735145086730727,0.8883409258518061,0.8975297232542014,1.0,149,0
xception,2024,Deepfakes,456_435,1,brightening_sev1,brightening,1,0.9532707904122377,0.9539473684210527,0.9539473684210527,0.2842755329887566,0.33636350646266955,0.2842755329887566,0.23774349356478572,0.2134633596780012,0.1478102072379813,0.2134633596780012,0.21474902670276796,0.2981901689838262,0.3618421052631579,12.808467388153076,-0.0019309807210351653,-0.0019309807210351653,0.8889416952825788,0.7923082920422434,0.982934569641519,0.8758040161031184,0.8634848341557713,0.8758040161031184,0.8674758314610235,0.9736842105263158,152,0
xception,2024,Deepfakes,456_435,1,brightening_sev2,brightening,2,0.917794476606344,0.9276315789473685,0.9276315789473685,0.2561100376859007,0.30891982502176524,0.2561100376859007,0.2160437549675146,0.1867952976740507,0.13325606714536595,0.1867952976740507,0.19024072901917288,0.26921519343855926,0.35526315789473684,12.85829792524639,-0.013790056058113726,-0.013790056058113726,0.865511258494639,0.7380796471169513,0.9432854637478975,0.7740909309042154,0.744275313629116,0.7740909309042154,0.771455721829267,0.9473684210526315,152,0
xception,2024,Deepfakes,456_435,1,brightening_sev3,brightening,3,0.7996777946276492,0.8026315789473685,0.8026315789473685,0.17585466342969677,0.211515080528801,0.17585466342969677,0.1533711595753371,0.11926899047979429,0.08800759102021061,0.11926899047979429,0.12497215057318908,0.18313520576783504,0.24342105263157895,13.095758751819009,-0.0425993944098943,-0.0425993944098943,0.7595581571727771,0.6334661158880887,0.8314392264810048,0.6024773127766355,0.5544941972377196,0.6024773127766355,0.6289134596896759,0.8223684210526315,152,0
xception,2024,Deepfakes,456_435,1,clean,clean,0,0.9730737193634635,0.9802631578947368,0.9802631578947368,0.29951544745275926,0.35034119623159754,0.29951544745275926,0.2516668629208473,0.22941128308511405,0.15588180989374623,0.22941128308511405,0.23108609957768886,0.3128060000182532,0.375,12.790885749616121,0.00535392707311795,0.00535392707311795,0.884505428343178,0.753785972826575,,,,,,,152,0
xception,2024,Deepfakes,456_435,1,darkening_sev1,darkening,1,0.9675080530639542,0.9736842105263158,0.9736842105263158,0.29074658110930446,0.3446520914903723,0.29074658110930446,0.24407003387431742,0.22017732615301033,0.15268309340898073,0.22017732615301033,0.22216471567325813,0.30341564238367547,0.3684210526315789,12.791771982845507,-0.004335486562922577,-0.004335486562922577,0.8731904242916866,0.8163567838399965,0.9935588604755906,0.926370685485312,0.9292676485902219,0.926370685485312,0.9138860949189987,0.993421052631579,152,0
xception,2024,Deepfakes,456_435,1,darkening_sev2,darkening,2,0.9539124332858544,0.9605263157894737,0.9605263157894737,0.2787390979797265,0.32435843257098934,0.2787390979797265,0.23865426248432203,0.20957765452608515,0.14329639065215125,0.20957765452608515,0.21608257797038283,0.29522075434452594,0.34868421052631576,12.763066304357428,0.010312281218112316,0.010312281218112316,0.8516566432402837,0.8199118063601322,0.978607348359818,0.8804544623688555,0.8690611107347146,0.8804544623688555,0.8730886485212714,0.9671052631578947,152,0
xception,2024,Deepfakes,456_435,1,darkening_sev3,darkening,3,0.9773874985740373,0.9868421052631579,0.9868421052631579,0.31267918123035754,0.3672522267796786,0.31267918123035754,0.26581283447562043,0.23842982399335436,0.16283655472023045,0.23842982399335436,0.24771292438043907,0.3270859598549845,0.39473684210526316,12.69609650812651,-0.0016310243671269688,-0.0016310243671269688,0.8129950347111413,0.7606824732777712,0.9685583688982162,0.8498848068053138,0.8265859120197904,0.8498848068053138,0.8504247593842674,0.993421052631579,152,0
xception,2024,Deepfakes,456_435,1,jpeg_sev1,jpeg,1,0.8656171283341552,0.881578947368421,0.881578947368421,0.230454816804238,0.26066961329033206,0.230454816804238,0.2018742505299753,0.16788903102820263,0.11302760518077025,0.16788903102820263,0.17809948269724063,0.2441179627098471,0.28289473684210525,13.015807471777263,0.04653697876232116,0.04653697876232116,0.8180694592213656,0.7356830918646378,0.8692223472016458,0.7149277166770464,0.6944133155734635,0.7149277166770464,0.7137780642627857,0.9013157894736842,152,0
xception,2024,Deepfakes,456_435,1,jpeg_sev2,jpeg,2,0.20873907388254576,0.15789473684210525,0.15789473684210525,0.029377579543820986,0.02026033399328996,0.029377579543820986,0.03261061579122239,0.016571352887992823,0.007793531266165509,0.016571352887992823,0.022204988236375588,0.0430602632269492,0.019736842105263157,13.974242097453066,0.06846660927526736,0.06846660927526736,0.20448690315470225,0.19722025915603134,0.2674032539417165,0.14499867323036575,0.13636440606571823,0.14499867323036575,0.1748709749623828,0.17763157894736842,152,0
xception,2024,Deepfakes,456_435,1,jpeg_sev3,jpeg,3,0.003465552654042242,0.0,0.0,0.004058504971309132,0.001697947721842079,0.004058504971309132,0.0064415829509452145,0.001938737414717164,0.0005225023341750052,0.001938737414717164,0.003751830001364185,0.01967918927257002,0.0,14.209268206044248,0.002706458764446515,0.002706458764446515,0.003109137304381586,0.002813091987730428,0.08554627389336786,0.026409971163794427,0.019707990296651986,0.026409971163794427,0.05340871444494331,0.019736842105263157,152,0
xception,2024,Deepfakes,456_435,1,resize_sev1,resize,1,0.9897271729025402,0.993421052631579,0.993421052631579,0.32148789194039284,0.37800551321470605,0.32148789194039284,0.2686965319487594,0.2488345433938087,0.1688605179226304,0.2488345433938087,0.2511427223472745,0.3306807460758076,0.4144736842105263,12.751928856498317,-0.004167439710152766,-0.004167439710152766,0.7865849870845283,0.7733811185646214,0.9760084491801093,0.8667735048320704,0.8428696600133229,0.8667735048320704,0.8610197411143116,0.9868421052631579,152,0
xception,2024,Deepfakes,456_435,1,resize_sev2,resize,2,0.993773227459506,1.0,1.0,0.31085193884867,0.36761025963822763,0.31085193884867,0.2629127293175001,0.23793905311288985,0.1634647564758245,0.23793905311288985,0.2436082671422135,0.3192878171127211,0.39473684210526316,12.809602499008179,0.004293805772536687,0.004293805772536687,0.743560888534902,0.7576371513331603,0.9594929251536289,0.8270730382378787,0.7957360486263904,0.8270730382378787,0.823702710122271,0.9802631578947368,152,0
xception,2024,Deepfakes,456_435,1,resize_sev3,resize,3,0.9892503932902688,0.993421052631579,0.993421052631579,0.31163758702602323,0.3693602069894552,0.31163758702602323,0.25992763164980737,0.23820040892341113,0.16400194956457573,0.23820040892341113,0.2402699021028811,0.3169002761774042,0.40131578947368424,12.810126781463623,-0.003348886182433669,-0.003348886182433669,0.7319872831239512,0.770815123926456,0.9451745667546346,0.8001813911697317,0.7595732531824492,0.8001813911697317,0.7870068447591416,0.9736842105263158,152,0
xception,2024,Deepfakes,607_683,1,brightening_sev1,brightening,1,0.7270419221665514,0.6929824561403509,0.6929824561403509,0.4580684287688819,0.46020857656377506,0.4580684287688819,0.4206740820562169,0.2584385216038669,0.1427305010236543,0.2584385216038669,0.30859996984084725,0.42259184735995886,0.4298245614035088,16.355910100434954,0.01445273624675903,0.01445273624675903,0.3038962457917238,0.06666482584305887,0.9924201481953522,0.9177895440018742,0.9005288252666618,0.9177895440018742,0.9212617109706153,0.9912280701754386,114,0
xception,2024,Deepfakes,607_683,1,brightening_sev2,brightening,2,0.7271485368868238,0.7017543859649122,0.7017543859649122,0.4544452286277252,0.47664220618011083,0.4544452286277252,0.4154098429049773,0.25531920867199925,0.14942706824244092,0.25531920867199925,0.3018315777029548,0.42518395005291626,0.43859649122807015,16.367127803334018,0.0075179533073025055,0.0075179533073025055,0.3417842077528404,0.07094406319389997,0.9757985020288795,0.8243351287238434,0.7796488880586278,0.8243351287238434,0.8476414112025175,0.9824561403508771,114,0
xception,2024,Deepfakes,607_683,1,brightening_sev3,brightening,3,0.7277099745299079,0.6929824561403509,0.6929824561403509,0.4459669366355715,0.48091458080099053,0.4459669366355715,0.40288330895153335,0.24845463704937343,0.15217994762813813,0.24845463704937343,0.2889931356861094,0.4218842077645071,0.45614035087719296,16.357632118358946,-0.0022831493866090633,-0.0022831493866090633,0.4012425578089039,0.08876115437229404,0.9453313020828418,0.7062159607761893,0.6478972052978391,0.7062159607761893,0.745468952759405,0.9912280701754386,114,0
xception,2024,Deepfakes,607_683,1,clean,clean,0,0.7385120581623101,0.7017543859649122,0.7017543859649122,0.47314067031473006,0.45727952770189106,0.47314067031473006,0.43934560048001026,0.26715732130630054,0.1415545456580796,0.26715732130630054,0.32392216208695945,0.43373434226757457,0.4298245614035088,16.350351492563885,0.004000582360548139,0.004000582360548139,0.2456561766560761,0.0625469583217381,,,,,,,114,0
xception,2024,Deepfakes,607_683,1,darkening_sev1,darkening,1,0.7999450962892488,0.7894736842105263,0.7894736842105263,0.506132205876811,0.4929273853476325,0.506132205876811,0.4702241926086752,0.28919560801078503,0.1534932704887669,0.28919560801078503,0.3522063356124699,0.4695570206987294,0.4473684210526316,16.276391715334174,-0.028059370227550205,-0.028059370227550205,0.2734989281907155,0.08577542939108973,0.962216317258722,0.8592664706893113,0.8375538525113507,0.8592664706893113,0.8783563407307744,0.9122807017543859,114,0
xception,2024,Deepfakes,607_683,1,darkening_sev2,darkening,2,0.8638200515783147,0.8596491228070176,0.8596491228070176,0.5324255503043777,0.5108015692427578,0.5324255503043777,0.5006402254677534,0.3082453344725795,0.15962191354792116,0.3082453344725795,0.3818029253911352,0.5002162103766336,0.45614035087719296,16.237469472383196,-0.020622324852044113,-0.020622324852044113,0.2560803828957049,0.0922395282408647,0.9096790723936603,0.7749424317139388,0.7484792392371512,0.7749424317139388,0.7892690940172205,0.8421052631578947,114,0
xception,2024,Deepfakes,607_683,1,darkening_sev3,darkening,3,0.9157930924965624,0.9122807017543859,0.9122807017543859,0.5573326497771758,0.541112357273752,0.5573326497771758,0.5241134579106624,0.3271976843168522,0.169836737833127,0.3271976843168522,0.4068203443107918,0.5321070628890735,0.5,16.127880154994497,-0.010978815292841504,-0.010978815292841504,0.24042885420484497,0.10664157438696471,0.8347524750138348,0.6837837364684064,0.6473404400612081,0.6837837364684064,0.7078651283614135,0.7894736842105263,114,0
xception,2024,Deepfakes,607_683,1,jpeg_sev1,jpeg,1,0.7461323621029263,0.7192982456140351,0.7192982456140351,0.4748539638864033,0.462888789609768,0.4748539638864033,0.4383276154912439,0.26895074186092593,0.14339029019236832,0.26895074186092593,0.3235442382239062,0.4361272561018937,0.41228070175438597,16.331479348634417,0.013236735947430132,0.013236735947430132,0.2783916670146904,0.07266987580397538,0.9948484049117369,0.9159721748200085,0.9102240235423034,0.9159721748200085,0.9249378314263549,0.9649122807017544,114,0
xception,2024,Deepfakes,607_683,1,jpeg_sev2,jpeg,2,0.7062388111453242,0.7017543859649122,0.7017543859649122,0.43521565424365394,0.43522340352579647,0.43521565424365394,0.4018842288282842,0.2441128280030556,0.13353543104371027,0.2441128280030556,0.29342473174824646,0.39835520667438423,0.42105263157894735,16.44046703974406,0.018587192304007585,0.018587192304007585,0.2976098392667298,0.09029614618824171,0.9459644717191875,0.7931261370764863,0.7965320384893704,0.7931261370764863,0.8079776129202136,0.9649122807017544,114,0
xception,2024,Deepfakes,607_683,1,jpeg_sev3,jpeg,3,0.022101313003906605,0.0,0.0,0.19421421240642556,0.17575485620253736,0.19421421240642556,0.22686304169016436,0.09084524399419235,0.047184904889005355,0.09084524399419235,0.14115704552848066,0.20556542129530386,0.21929824561403508,17.214773362143,0.019223250582606866,0.019223250582606866,0.02158159201526514,0.021089415298966265,0.3128509277628072,0.12169324218713636,0.04891339279781382,0.12169324218713636,0.18563946093401365,0.2982456140350877,114,0
xception,2024,Deepfakes,607_683,1,resize_sev1,resize,1,0.7412615278163892,0.7017543859649122,0.7017543859649122,0.47325263976821097,0.4567272335860182,0.47325263976821097,0.44005591478399037,0.2672882694854095,0.1413902831639012,0.2672882694854095,0.3242225704015095,0.43451495047062494,0.42105263157894735,16.34372397472984,0.007516895122662705,0.007516895122662705,0.24877830706495918,0.06625240752800249,0.9975546222510673,0.9499097538760648,0.9550081507368204,0.9499097538760648,0.9535407067764248,1.0,114,0
xception,2024,Deepfakes,607_683,1,resize_sev2,resize,2,0.7443520970675245,0.7192982456140351,0.7192982456140351,0.4736769667681787,0.45686162374322437,0.4736769667681787,0.4382893130540388,0.2674094777230873,0.14148563943695236,0.2674094777230873,0.32243267216779303,0.43392359104989486,0.39473684210526316,16.343087815401848,0.009344693234500778,0.009344693234500778,0.2571371467559386,0.07153016652323693,0.9969345414755443,0.9419168725258567,0.939917253815677,0.9419168725258567,0.9455036139972769,0.9824561403508771,114,0
xception,2024,Deepfakes,607_683,1,resize_sev3,resize,3,0.7471651098396825,0.7192982456140351,0.7192982456140351,0.47288829334325777,0.4577610975553987,0.47288829334325777,0.43775181912744227,0.26699155748689707,0.14189195778237848,0.26699155748689707,0.32214935363851677,0.4355656977309679,0.38596491228070173,16.326566160770884,0.00996945383386653,0.00996945383386653,0.268118057645073,0.07530420978978403,0.9934749222127041,0.9165281869524627,0.9081734441361049,0.9165281869524627,0.9249338747665476,0.9824561403508771,114,0
xception,2024,Deepfakes,671_677,1,brightening_sev1,brightening,1,0.9968154492766358,1.0,1.0,0.5172060084289175,0.545998734945174,0.5172060084289175,0.45246658619355584,0.3212009984081717,0.1758189746441661,0.3212009984081717,0.37369109249654775,0.5090351326765931,0.5465116279069767,15.800758162210155,-0.00318438577097515,-0.00318438577097515,0.7938297533018644,0.3255509744116733,0.9981542056338121,0.9577190729101196,0.942913825434103,0.9577190729101196,0.9600251110930935,1.0,86,0
xception,2024,Deepfakes,671_677,1,brightening_sev2,brightening,2,0.985572965512442,0.9883720930232558,0.9883720930232558,0.4961622430999079,0.5390663552522141,0.4961622430999079,0.430877054581569,0.3021235054056116,0.17314316155063267,0.3021235054056116,0.3464869296045369,0.49262621218610037,0.5465116279069767,15.806885630585427,-0.0029341225447349724,-0.0029341225447349724,0.7999083765370901,0.2671071434783381,0.9834700877161207,0.8881309703194771,0.8729258448717642,0.8881309703194771,0.8932790368192954,0.9883720930232558,86,0
xception,2024,Deepfakes,671_677,1,brightening_sev3,brightening,3,0.928384562997624,0.9302325581395349,0.9302325581395349,0.3949459767113687,0.4740841691008401,0.3949459767113687,0.3391783641015784,0.22137837822255074,0.14829757829587895,0.22137837822255074,0.24689444085884096,0.41325977137308817,0.5465116279069767,15.853395927784055,0.007451626483004483,0.007451626483004483,0.7750193778815311,0.18419848743089753,0.8603216269150505,0.6296673539662858,0.5791347861129812,0.6296673539662858,0.6490072596829765,0.9302325581395349,86,0
xception,2024,Deepfakes,671_677,1,clean,clean,0,0.9991113384102666,1.0,1.0,0.5240192636280113,0.5462769229410357,0.5240192636280113,0.4591006691695711,0.327955730159154,0.1759587477152697,0.327955730159154,0.38282675309589553,0.5138027244812207,0.5465116279069767,15.8065114243086,-0.000888661589733387,-0.000888661589733387,0.7526818059904631,0.3357552093302094,,,,,,,86,0
xception,2024,Deepfakes,671_677,1,darkening_sev1,darkening,1,0.9992036625396373,1.0,1.0,0.5261853983432089,0.5464166185713899,0.5261853983432089,0.46312345403557,0.3300506089251213,0.17603178398716607,0.3300506089251213,0.38841978448239695,0.5157525269131454,0.5465116279069767,15.807899164599041,-0.0007963374603626314,-0.0007963374603626314,0.6961976821685947,0.32143228916927824,0.9995089390586226,0.9755987020604742,0.966520925085277,0.9755987020604742,0.9756223989860124,1.0,86,0
xception,2024,Deepfakes,671_677,1,darkening_sev2,darkening,2,0.9999538126379944,1.0,1.0,0.5276940172157656,0.5465051544723342,0.5276940172157656,0.46664268620047095,0.33153567824204067,0.176078209267927,0.33153567824204067,0.39333277996354715,0.5166234211499793,0.5465116279069767,15.82339334487915,-4.618736200554356e-05,-4.618736200554356e-05,0.6021833863369254,0.26549760234910386,0.9979899875064082,0.9523903044136428,0.9363309131110988,0.9523903044136428,0.9529651023944689,1.0,86,0
xception,2024,Deepfakes,671_677,1,darkening_sev3,darkening,3,0.9999998710876288,1.0,1.0,0.5312912807622813,0.5465116279069767,0.5312912807622813,0.4733113040297999,0.33526672185811124,0.17608162661806126,0.33526672185811124,0.4030061216562967,0.5173177366453969,0.5465116279069767,15.863303960755815,-1.2891237125840297e-07,-1.2891237125840297e-07,0.46676350592873816,0.2060972583848376,0.9955093256596487,0.9248804703739748,0.8991075181362334,0.9248804703739748,0.9281203835042994,1.0,86,0
xception,2024,Deepfakes,671_677,1,jpeg_sev1,jpeg,1,0.9976012838441272,1.0,1.0,0.5212850216572651,0.5462663488876254,0.5212850216572651,0.45482961353477475,0.3252349780259424,0.17595490417001944,0.3252349780259424,0.37697338314372586,0.5138731736868359,0.5465116279069767,15.754937837290209,-0.0023987161558727817,-0.0023987161558727817,0.8335957416268283,0.43376083784671715,0.9983500363714697,0.9585224881590201,0.9472743135462123,0.9585224881590201,0.9559776197257094,1.0,86,0
xception,2024,Deepfakes,671_677,1,jpeg_sev2,jpeg,2,0.7330272627214707,0.7674418604651163,0.7674418604651163,0.36649770040032476,0.4090717356758509,0.36649770040032476,0.3239727019789287,0.20588690595197984,0.12711792239532174,0.20588690595197984,0.23899848434256799,0.3637570377755886,0.43023255813953487,16.13003105341002,-0.10414002455742541,-0.10414002455742541,0.6417587693417878,0.3134728674932523,0.800558804048295,0.6188813778298388,0.6137868784542809,0.6188813778298388,0.6340842652232501,0.7674418604651163,86,0
xception,2024,Deepfakes,671_677,1,jpeg_sev3,jpeg,3,0.00455306414876881,0.0,0.0,0.07601017313135708,0.0577084476400603,0.07601017313135708,0.07204601776004332,0.03170074654784074,0.014740688043465002,0.03170074654784074,0.03805233737922771,0.07007427824378833,0.046511627906976744,17.20076640816622,0.002540461522500591,0.002540461522500591,0.0040798381460051035,0.003997685120783283,0.03678147121394342,0.0018025770841265639,0.0,0.0018025770841265639,0.02564269161963172,0.0,86,0
xception,2024,Deepfakes,671_677,1,resize_sev1,resize,1,0.9980554449003797,1.0,1.0,0.523253063977263,0.5463762252323694,0.523253063977263,0.45897995711918566,0.32716913943248227,0.1760104485023005,0.32716913943248227,0.38263393375116295,0.5124868792161038,0.5465116279069767,15.81005953633508,-0.001944415098012877,-0.001944415098012877,0.763609615176223,0.3669492148815892,0.9987223091658542,0.9731473725995089,0.9650644663897894,0.9731473725995089,0.9763849706998666,1.0,86,0
xception,2024,Deepfakes,671_677,1,resize_sev2,resize,2,0.9962180062781932,1.0,1.0,0.5237504891476459,0.5463870142901069,0.5237504891476459,0.45959043055586923,0.3275888263629357,0.17601609693854753,0.3275888263629357,0.38345189472844254,0.5115445242102123,0.5465116279069767,15.820322125457054,-0.003781928572543829,-0.003781928572543829,0.7487589345248633,0.38320788022044094,0.9978127707747849,0.9542437566343618,0.9455936549493824,0.9542437566343618,0.9588136728385778,1.0,86,0
xception,2024,Deepfakes,671_677,1,resize_sev3,resize,3,0.9906172977630482,0.9883720930232558,0.9883720930232558,0.5184024591504667,0.5410969905944081,0.5184024591504667,0.453792503010437,0.3226238581432822,0.17392634748552804,0.3226238581432822,0.3755045178133202,0.5096627461083487,0.5348837209302325,15.777228211247644,-0.008145265454469721,-0.008145265454469721,0.7791315990305224,0.4401659241249395,0.9934127278270523,0.9321968971956881,0.9103587823925603,0.9321968971956881,0.9314851812669501,0.9883720930232558,86,0
xception,2024,Deepfakes,677_671,1,brightening_sev1,brightening,1,0.9999997117851354,1.0,1.0,0.2890284815479986,0.3134152440102892,0.2890284815479986,0.2362891746128663,0.20847725294058286,0.12042445282405631,0.20847725294058286,0.21068970201897372,0.2643877916801252,0.31645569620253167,15.860721696781207,-2.882148646101167e-07,-2.882148646101167e-07,0.4093511847755577,0.007280690760552083,0.9914766576421864,0.8788986853854577,0.8595870769838645,0.8788986853854577,0.8969581804229046,1.0,79,0
xception,2024,Deepfakes,677_671,1,brightening_sev2,brightening,2,0.9999504753305942,1.0,1.0,0.2828935932795013,0.31116279296857074,0.2828935932795013,0.23180041308727223,0.20121726875499665,0.11919733382213614,0.20121726875499665,0.20425614317299723,0.2650235450423095,0.31645569620253167,15.810039109821561,-4.952466940578024e-05,-4.952466940578024e-05,0.49472632513770576,0.014259060726890033,0.9821508634810339,0.8314690855676657,0.8011032356618603,0.8314690855676657,0.8491300398249834,1.0,79,0
xception,2024,Deepfakes,677_671,1,brightening_sev3,brightening,3,0.9998054383676264,1.0,1.0,0.27487819686578435,0.3060309604989631,0.27487819686578435,0.22838845857285048,0.1920875991968925,0.11646348207688668,0.1920875991968925,0.19944460336052647,0.26423819419895633,0.31645569620253167,15.759273722201963,-0.00019456163237366002,-0.00019456163237366002,0.5602503899909272,0.033881826491295494,0.9648073385962784,0.7657701229371556,0.7227934664727473,0.7657701229371556,0.7927843875125742,1.0,79,0
xception,2024,Deepfakes,677_671,1,clean,clean,0,1.0,1.0,1.0,0.29712682217545305,0.3159699036702367,0.29712682217545305,0.23896796736320497,0.21817964781143784,0.12189202536451793,0.21817964781143784,0.2145828772616833,0.2579333080170669,0.31645569620253167,16.009009952786602,0.0,0.0,0.2932735975784591,0.005767473691626382,,,,,,,79,0
xception,2024,Deepfakes,677_671,1,darkening_sev1,darkening,1,1.0,1.0,1.0,0.2980329638846785,0.31574515827346433,0.2980329638846785,0.2407086416106631,0.2193222449604661,0.1217436438735119,0.2193222449604661,0.21726263168855522,0.258515608452054,0.31645569620253167,16.011181903790824,0.0,0.0,0.24520001154911664,0.006614952902250605,0.9992869074092555,0.9651575697840215,0.950868663721491,0.9651575697840215,0.9689403015173546,1.0,79,0
xception,2024,Deepfakes,677_671,1,darkening_sev2,darkening,2,1.0,1.0,1.0,0.2999143621425618,0.31593094610567807,0.2999143621425618,0.24339493089397943,0.22168649479863714,0.12185647268924767,0.22168649479863714,0.2213591433161573,0.2600494003667196,0.31645569620253167,16.003864855705938,0.0,0.0,0.25633197343802144,0.0073763199999362155,0.9978440660472893,0.9388032298072003,0.9200955275211433,0.9388032298072003,0.9419181531096799,1.0,79,0
xception,2024,Deepfakes,677_671,1,darkening_sev3,darkening,3,1.0,1.0,1.0,0.3016848710281554,0.31612579699691046,0.3016848710281554,0.24870769876729149,0.2239940869557097,0.12198300146430996,0.2239940869557097,0.22962393094046474,0.26565728848641046,0.31645569620253167,15.958383632611625,0.0,0.0,0.2970922804331477,0.017506318756296612,0.9945806524652285,0.9048847912833836,0.8872306760300279,0.9048847912833836,0.9000242522961602,1.0,79,0
xception,2024,Deepfakes,677_671,1,jpeg_sev1,jpeg,1,0.999999965293498,1.0,1.0,0.2963955725197848,0.3160053448798109,0.2963955725197848,0.23813568523483983,0.2172914966212059,0.12190669984224488,0.2172914966212059,0.21339299447513937,0.2618360904072578,0.31645569620253167,15.948510797717903,-3.470650202111353e-08,-3.470650202111353e-08,0.3613897116878364,0.008429220205620829,0.9986947679062578,0.9582087282614282,0.9487802678112743,0.9582087282614282,0.9610544417313439,1.0,79,0
xception,2024,Deepfakes,677_671,1,jpeg_sev2,jpeg,2,0.9960781652716142,1.0,1.0,0.28569770682326595,0.3149208036621013,0.28569770682326595,0.23289997310853422,0.20452610453897857,0.1212861921310492,0.20452610453897857,0.20617684276332604,0.27083494783729534,0.31645569620253167,15.713268750830542,-0.003921834728385807,-0.003921834728385807,0.5824552194887325,0.06813296222988559,0.9780041070448997,0.8528243694058375,0.8408007539753724,0.8528243694058375,0.843963793261592,1.0,79,0
xception,2024,Deepfakes,677_671,1,jpeg_sev3,jpeg,3,0.059930297781866516,0.012658227848101266,0.012658227848101266,0.04710862384144264,0.03196184969762509,0.04710862384144264,0.04803523077761341,0.022729502560113104,0.009808276481149913,0.022729502560113104,0.029136358217402084,0.04291583270335022,0.05063291139240506,16.866437960274613,0.03224895752765988,0.03224895752765988,0.058001249654589124,0.05169801008309192,0.21396616168309265,0.05790643852679158,0.011035986658483524,0.05790643852679158,0.15781968444291541,0.012658227848101266,79,0
xception,2024,Deepfakes,677_671,1,resize_sev1,resize,1,1.0,1.0,1.0,0.29567863927947335,0.31600375992125007,0.29567863927947335,0.23737946098763527,0.21637429411115533,0.12191405119845872,0.21637429411115533,0.21221073311952598,0.2570860606843644,0.31645569620253167,16.0030679340604,0.0,0.0,0.35103678665583643,0.009011638315418041,0.9995364598483362,0.9703391376309145,0.9701867704110487,0.9703391376309145,0.9733106473754569,1.0,79,0
xception,2024,Deepfakes,677_671,1,resize_sev2,resize,2,1.0,1.0,1.0,0.29334797207149244,0.31615296800741416,0.29334797207149244,0.23526087361031128,0.21356213700930787,0.12201064012195688,0.21356213700930787,0.20912608076175893,0.25444975011906,0.31645569620253167,16.016004658952543,0.0,0.0,0.37842068113858185,0.012310368350789469,0.9986820867779135,0.948003760543117,0.9506345490802909,0.948003760543117,0.954809292596269,1.0,79,0
xception,2024,Deepfakes,677_671,1,resize_sev3,resize,3,0.9999991836427133,1.0,1.0,0.294867166453427,0.31585176173521756,0.294867166453427,0.23969595160027052,0.21562755729103367,0.12183292485210573,0.21562755729103367,0.21576133569188555,0.2638497934551798,0.31645569620253167,15.883282854587216,-8.1635728667054e-07,-8.1635728667054e-07,0.5994031829170033,0.04465174297743201,0.9956187525498973,0.9280442363896695,0.9212390179372782,0.9280442363896695,0.925752319530059,1.0,79,0
xception,2024,Deepfakes,683_607,1,brightening_sev1,brightening,1,0.9998844399263984,1.0,1.0,0.41046845985178654,0.45599986686603894,0.41046845985178654,0.351737730737593,0.28705381312370754,0.17245196954079703,0.28705381312370754,0.3150183594030844,0.41480839478494574,0.4605263157894737,15.516385316848755,-0.00011554281962544468,-0.00011554281962544468,0.6463195324728364,0.062087106077294556,0.9954663116024765,0.9261474392272446,0.8981613707443487,0.9261474392272446,0.9307792618270319,1.0,76,0
xception,2024,Deepfakes,683_607,1,brightening_sev2,brightening,2,0.9985432491490716,1.0,1.0,0.40460804454759147,0.4532193803240657,0.40460804454759147,0.34385197503566234,0.2804606523981322,0.17091894192091442,0.2804606523981322,0.30324697795867145,0.41433484181831576,0.4605263157894737,15.44838221449601,-0.0014561453932209795,-0.0014561453932209795,0.7194498547990071,0.11117785463207641,0.9888649020309779,0.8905008091832388,0.8500452287455833,0.8905008091832388,0.8900026440059603,1.0,76,0
xception,2024,Deepfakes,683_607,1,brightening_sev3,brightening,3,0.8747221427528482,0.9605263157894737,0.9605263157894737,0.3608328001499495,0.4247052554767592,0.3608328001499495,0.3208501913586767,0.23489139775985243,0.15612594180578024,0.23489139775985243,0.2695182934494633,0.39638825868073835,0.4605263157894737,15.205579682400352,-0.12445175647735592,-0.12445175647735592,0.7045546286788426,0.41967863305226755,0.9174565237535958,0.7094389248530464,0.6322666174930888,0.7094389248530464,0.7612352967901514,0.9605263157894737,76,0
xception,2024,Deepfakes,683_607,1,clean,clean,0,0.9999929744946329,1.0,1.0,0.4202866346419018,0.4592360301166469,0.4202866346419018,0.3625373246492338,0.29829778289228487,0.1742124941552011,0.29829778289228487,0.3314522050626396,0.41624992072794337,0.4605263157894737,15.606587786423532,-7.02550536707793e-06,-7.02550536707793e-06,0.576006877775255,0.03123680776671355,,,,,,,76,0
xception,2024,Deepfakes,683_607,1,darkening_sev1,darkening,1,0.9999935595612777,1.0,1.0,0.4183524369186469,0.4589451756760901,0.4183524369186469,0.36043221084797317,0.2960443907526404,0.17404630933243098,0.2960443907526404,0.3281792647381731,0.41569456745956906,0.4605263157894737,15.597209277905916,-6.440438722308778e-06,-6.440438722308778e-06,0.5421258685620207,0.03451011447530039,0.9996450671975049,0.9778201685979905,0.9688480572352866,0.9778201685979905,0.9825581673785347,1.0,76,0
xception,2024,Deepfakes,683_607,1,darkening_sev2,darkening,2,0.9999970621184299,1.0,1.0,0.4203352543345114,0.4591114118385349,0.4203352543345114,0.3624425342863,0.298318385943465,0.1741345996873353,0.298318385943465,0.33130089597427154,0.41553219465040975,0.4605263157894737,15.618911504745483,-2.9378815701133327e-06,-2.9378815701133327e-06,0.49275879542294304,0.04395332069773419,0.9994635697846949,0.9736829424185891,0.9630692591333565,0.9736829424185891,0.9799955786463123,1.0,76,0
xception,2024,Deepfakes,683_607,1,darkening_sev3,darkening,3,0.999996575870012,1.0,1.0,0.42175475608640217,0.4592126622954506,0.42175475608640217,0.36287528119778645,0.2999770570719714,0.17419404537926142,0.2999770570719714,0.33199477763590973,0.4165471398887514,0.4605263157894737,15.615168910277518,-3.422561444734272e-06,-3.422561444734272e-06,0.46832773677612605,0.06272504204197929,0.9991279659373205,0.9662260697945855,0.9540895377435787,0.9662260697945855,0.974643567774429,1.0,76,0
xception,2024,Deepfakes,683_607,1,jpeg_sev1,jpeg,1,0.9999951594754269,1.0,1.0,0.4219629897277488,0.4594237035320578,0.4219629897277488,0.36307003619268535,0.30026500122843697,0.17432395515526647,0.30026500122843697,0.3322823692158649,0.41733078626262454,0.4605263157894737,15.605226604562057,-4.840524573075144e-06,-4.840524573075144e-06,0.5468586328390398,0.025711244658419907,0.9995178385613446,0.975015091116575,0.9634224240958728,0.975015091116575,0.9821268050271127,1.0,76,0
xception,2024,Deepfakes,683_607,1,jpeg_sev2,jpeg,2,0.999922043398807,1.0,1.0,0.41845907848604363,0.4594682577566771,0.41845907848604363,0.3569175060624823,0.2962816636690345,0.17437657734576015,0.2962816636690345,0.3228674615576997,0.41846866966028295,0.4605263157894737,15.543792486190796,-7.795660119307168e-05,-7.795660119307168e-05,0.5187462587889872,0.019240218557809486,0.9979331793415579,0.9538620592027947,0.9387374766380756,0.9538620592027947,0.9539071804200923,1.0,76,0
xception,2024,Deepfakes,683_607,1,jpeg_sev3,jpeg,3,0.18020391999131163,0.09210526315789473,0.09210526315789473,0.188924643976998,0.22377898144525912,0.188924643976998,0.15755655623746487,0.10987723940400436,0.08175633498701851,0.10987723940400436,0.11273597531889185,0.15140530703989066,0.21052631578947367,16.742135625136527,-0.012198577032234599,-0.012198577032234599,0.16410093886464122,0.11691390630451338,0.24339800160512146,0.1156778702577015,0.0875328013406237,0.1156778702577015,0.18424093335843292,0.09210526315789473,76,0
xception,2024,Deepfakes,683_607,1,resize_sev1,resize,1,0.9999930152767583,1.0,1.0,0.4199938910855231,0.4591176035688729,0.4199938910855231,0.3622512373136034,0.29794091313975324,0.1741461374559485,0.29794091313975324,0.33100256899564867,0.41618309839170636,0.4605263157894737,15.604805419319554,-6.984723241705325e-06,-6.984723241705325e-06,0.5897049292137748,0.034360182128454465,0.9998843134476418,0.9880413956005526,0.9826129501917228,0.9880413956005526,0.9908192747974762,1.0,76,0
xception,2024,Deepfakes,683_607,1,resize_sev2,resize,2,0.9999939501285553,1.0,1.0,0.4201598465651339,0.45912101427351837,0.4201598465651339,0.3624223140779599,0.29812704670775253,0.17414342359078075,0.29812704670775253,0.33128638079490075,0.41616776848177384,0.4605263157894737,15.60650930906597,-6.0498714447012235e-06,-6.0498714447012235e-06,0.5918318841018175,0.03347469552567126,0.9998099271711917,0.9840984551297609,0.9771655667855179,0.9840984551297609,0.9883588052550268,1.0,76,0
xception,2024,Deepfakes,683_607,1,resize_sev3,resize,3,0.9999888602056002,1.0,1.0,0.4197961314859923,0.45909018111169564,0.4197961314859923,0.36244944799882434,0.29771277857126605,0.17412783922351224,0.29771277857126605,0.33133517564153026,0.41568458814044024,0.4605263157894737,15.61361423291658,-1.1139794399862355e-05,-1.1139794399862355e-05,0.6172310641329539,0.03645704765068852,0.999511412457588,0.9739854519209924,0.9646681605445072,0.9739854519209924,0.9797189628412036,1.0,76,0
xception,2024,Deepfakes,876_891,1,brightening_sev1,brightening,1,0.6857004792759596,0.6962025316455697,0.6962025316455697,0.14419633151828032,0.17204775560344926,0.14419633151828032,0.1206080063018729,0.09291237112225184,0.06266414323962158,0.09291237112225184,0.0957203407550028,0.1495986854558622,0.21518987341772153,14.253822447378424,-0.04612528506218442,-0.04612528506218442,0.6358084181622791,0.6421214427575734,0.9906084798623286,0.8514021567844727,0.8571917596036864,0.8514021567844727,0.8658736114014173,0.9367088607594937,79,0
xception,2024,Deepfakes,876_891,1,brightening_sev2,brightening,2,0.6872750026044212,0.7088607594936709,0.7088607594936709,0.13674809377858874,0.16116641713285143,0.13674809377858874,0.11538045291246908,0.08804924750588222,0.058355496164955944,0.08804924750588222,0.09112280111961403,0.14404431317950753,0.21518987341772153,14.259383141239987,-0.03546786175074078,-0.03546786175074078,0.63044991959299,0.6147414240499817,0.9776866408400117,0.7789996249764218,0.7892764962294869,0.7789996249764218,0.788146677585822,0.8987341772151899,79,0
xception,2024,Deepfakes,876_891,1,brightening_sev3,brightening,3,0.455416902858481,0.45569620253164556,0.45569620253164556,0.08551733158795083,0.09591169530674708,0.08551733158795083,0.07515830144458735,0.05495001018188458,0.03421906417569233,0.05495001018188458,0.058515545020294324,0.0937570654084444,0.12658227848101267,14.614637640458119,-0.0832145485416927,-0.0832145485416927,0.41653830147329185,0.39622050107204754,0.8891473403777653,0.6083161049357907,0.5809860458390733,0.6083161049357907,0.6422947267341541,0.7721518987341772,79,0
xception,2024,Deepfakes,876_891,1,clean,clean,0,0.6536201486257907,0.6582278481012658,0.6582278481012658,0.13761859684253025,0.1659533033150309,0.13761859684253025,0.11625990393390238,0.08903626572574994,0.060903240492305555,0.08903626572574994,0.09264209752127467,0.14680002610251966,0.21518987341772153,14.278670636913445,-0.034556962119391806,-0.034556962119391806,0.6025604661664619,0.6231489029736553,,,,,,,79,0
xception,2024,Deepfakes,876_891,1,darkening_sev1,darkening,1,0.6596566323025883,0.6582278481012658,0.6582278481012658,0.14052865051149446,0.1672438344863392,0.14052865051149446,0.12346466036065264,0.0904040362599626,0.06196839291449509,0.0904040362599626,0.09755268977232849,0.15112878567656968,0.189873417721519,14.300963438009914,-0.031293729697413064,-0.031293729697413064,0.6187147967733997,0.636751928266515,0.9887889667805099,0.8396487508002038,0.852467148063997,0.8396487508002038,0.8437693863398266,0.9746835443037974,79,0
xception,2024,Deepfakes,876_891,1,darkening_sev2,darkening,2,0.7206403527267372,0.7215189873417721,0.7215189873417721,0.14795771927595044,0.1794998872220163,0.14795771927595044,0.12724626760933364,0.09453373458277653,0.0662343897565683,0.09453373458277653,0.10004136161870587,0.15716707857797163,0.22784810126582278,14.338930347297765,0.03287029387783025,0.03287029387783025,0.6740015197369931,0.6903967802380389,0.9658356179059794,0.7383321506014217,0.7636350042031045,0.7383321506014217,0.7461734202312369,0.9113924050632911,79,0
xception,2024,Deepfakes,876_891,1,darkening_sev3,darkening,3,0.8601715087513381,0.8734177215189873,0.8734177215189873,0.15710011678447205,0.19946736705303725,0.15710011678447205,0.13671362873383527,0.0996202084682409,0.07373624289005778,0.0996202084682409,0.10659857802545078,0.16579251163238254,0.24050632911392406,14.380352092694633,0.043717463323964374,0.043717463323964374,0.7809462594163097,0.7771968770789902,0.9233859943113226,0.6460922819937726,0.6668826440806727,0.6460922819937726,0.6605349771767864,0.7848101265822784,79,0
xception,2024,Deepfakes,876_891,1,jpeg_sev1,jpeg,1,0.1873807057935768,0.12658227848101267,0.12658227848101267,0.08452177735504103,0.08159737668609904,0.08452177735504103,0.07645523619166868,0.05636558446497247,0.02909708548432156,0.05636558446497247,0.0626649739916935,0.09059907574962059,0.10126582278481013,14.722558685495883,-0.04169621996734813,-0.04169621996734813,0.18269950529940635,0.18268058600388257,0.6841422231671459,0.37311237453907686,0.3168926537218809,0.37311237453907686,0.46987121408353466,0.46835443037974683,79,0
xception,2024,Deepfakes,876_891,1,jpeg_sev2,jpeg,2,0.06078305581606304,0.06329113924050633,0.06329113924050633,0.06433173969149175,0.06462188951959462,0.06433173969149175,0.05655667745991154,0.04618384677017586,0.02388540348701056,0.04618384677017586,0.0500492789428505,0.07516317472753396,0.06329113924050633,15.123621083513092,-0.002608400074401515,-0.002608400074401515,0.05991559022638131,0.059664322015779786,0.4013394256376538,0.14715097954218687,0.09647839075218861,0.14715097954218687,0.22895561921080046,0.4050632911392405,79,0
xception,2024,Deepfakes,876_891,1,jpeg_sev3,jpeg,3,0.0003925279156588807,0.0,0.0,0.0005491769908855861,0.00016026685232988102,0.0005491769908855861,0.001265919073573571,0.00023490518309066724,4.2683891887912656e-05,0.00023490518309066724,0.0006778424376063911,0.011866584271220155,0.0,15.156824208513092,0.0003038202154083513,0.0003038202154083513,0.00036403462708435656,0.0003556070436319296,0.3221037950958772,0.07786532357784284,0.03771021078086217,0.07786532357784284,0.16224385948402031,0.34177215189873417,79,0
xception,2024,Deepfakes,876_891,1,resize_sev1,resize,1,0.779477183530225,0.810126582278481,0.810126582278481,0.17139560682291,0.20598680968413816,0.17139560682291,0.1396024751947997,0.11352586977995166,0.07637636685605433,0.11352586977995166,0.11290777963062272,0.18026091137462302,0.24050632911392406,14.14368758624113,-0.03221980920886689,-0.03221980920886689,0.6433598035460196,0.7193686036950072,0.9433435444100211,0.6809766285666642,0.7195786171546097,0.6809766285666642,0.6860854540032485,0.8227848101265823,79,0
xception,2024,Deepfakes,876_891,1,resize_sev2,resize,2,0.8317341810163064,0.8860759493670886,0.8860759493670886,0.16633842972162202,0.20672927029806074,0.16633842972162202,0.13552806339182982,0.10817390353088917,0.07717002129323397,0.10817390353088917,0.10767416271596673,0.1740240381198041,0.25316455696202533,14.299880003627342,-0.03857257042693184,-0.03857257042693184,0.6662820354958737,0.7515922014224284,0.9130640741594672,0.6195619040406446,0.6373155079182062,0.6195619040406446,0.6334695207996511,0.7721518987341772,79,0
xception,2024,Deepfakes,876_891,1,resize_sev3,resize,3,0.22075067904978232,0.20253164556962025,0.20253164556962025,0.06892539850318276,0.07228280672131561,0.06892539850318276,0.06666323068073275,0.0473544688577638,0.026334732116549717,0.0473544688577638,0.0554736530273745,0.08478915120712935,0.08860759493670886,14.668689293197438,-0.11473188140205563,-0.11473188140205563,0.1367147728724146,0.16612555076592142,0.5614465399078119,0.2832443922303406,0.1788357200119391,0.2832443922303406,0.37463751799211403,0.5443037974683544,79,0
xception,2024,Deepfakes,891_876,1,brightening_sev1,brightening,1,0.9969905630962269,1.0,1.0,0.2666916643154159,0.30605020911070613,0.2666916643154159,0.2132131485639216,0.2114587770682005,0.13560344456372428,0.2114587770682005,0.20103279122734616,0.26258631601627874,0.3108108108108108,14.597680697569976,-0.003009436903773116,-0.003009436903773116,0.7306926480016193,0.4132936369325664,0.9976040207051046,0.9614192002084997,0.9560131177445564,0.9614192002084997,0.945766158002819,1.0,74,0
xception,2024,Deepfakes,891_876,1,brightening_sev2,brightening,2,0.9924571586621774,1.0,1.0,0.25992349522743446,0.2941184748365315,0.25992349522743446,0.20978780741101455,0.2060399208593601,0.13013839275464656,0.2060399208593601,0.19789324680476483,0.2567764175792218,0.2972972972972973,14.625737241796545,0.005339535809046529,0.005339535809046529,0.7094288616869096,0.2880299351857723,0.9884218971800717,0.9237594731997408,0.9111290423099334,0.9237594731997408,0.9053367854178918,1.0,74,0
xception,2024,Deepfakes,891_876,1,brightening_sev3,brightening,3,0.9883762122811498,0.9864864864864865,0.9864864864864865,0.2597903021892787,0.29437753818166856,0.2597903021892787,0.20892451081449798,0.20698936164561738,0.1303442760999965,0.20698936164561738,0.19853928361909104,0.2560775866216006,0.2972972972972973,14.628357036693677,0.0002296108853172785,0.0002296108853172785,0.6796770648074311,0.19325690233224144,0.9810785388443651,0.8994014692869188,0.8747893132701426,0.8994014692869188,0.8865334321831747,0.9864864864864865,74,0
xception,2024,Deepfakes,891_876,1,clean,clean,0,0.9990693322710089,1.0,1.0,0.26829579894900424,0.30604558793941766,0.26829579894900424,0.21614481002668512,0.21316305685797016,0.13559621415783885,0.21316305685797016,0.2052568741876617,0.26802366960762225,0.3108108108108108,14.579206969286945,-0.0009306677289911126,-0.0009306677289911126,0.6977673562595973,0.506753524815714,,,,,,,74,0
xception,2024,Deepfakes,891_876,1,darkening_sev1,darkening,1,0.9992772324665172,1.0,1.0,0.26928382808631784,0.3067630317370303,0.26928382808631784,0.2165501536117849,0.21449091313634563,0.1360701462206619,0.21449091313634563,0.20587538965954724,0.2681564753382144,0.3108108108108108,14.589795086834881,-0.0007227675334827266,-0.0007227675334827266,0.6621855932313043,0.558594893362071,0.999374883179664,0.9734679867454634,0.9660323961693491,0.9734679867454634,0.9683728945509135,1.0,74,0
xception,2024,Deepfakes,891_876,1,darkening_sev2,darkening,2,0.9992842642036645,1.0,1.0,0.26995357125367436,0.30764556017198447,0.26995357125367436,0.21729184978355934,0.21532675771133847,0.13664273656626075,0.21532675771133847,0.20699225447173894,0.2673206143249918,0.3108108108108108,14.609251524951008,-0.0007157357963355759,-0.0007157357963355759,0.6055937107350375,0.5873026996850967,0.9979433237172565,0.9500596932648014,0.9410201130522046,0.9500596932648014,0.9424261888234632,1.0,74,0
xception,2024,Deepfakes,891_876,1,darkening_sev3,darkening,3,0.9995684003507769,1.0,1.0,0.2700069627003256,0.3077333944120243,0.2700069627003256,0.21760734709057022,0.21529120875354935,0.13669503298396038,0.21529120875354935,0.20746668623803227,0.26536614671298564,0.3108108108108108,14.640778270927635,-0.00043159964922311837,-0.00043159964922311837,0.4835310594455616,0.5701195114367718,0.9955745012462316,0.922074602692616,0.9095624682066916,0.922074602692616,0.9158919540284172,1.0,74,0
xception,2024,Deepfakes,891_876,1,jpeg_sev1,jpeg,1,0.9795782364703514,1.0,1.0,0.2519998215111345,0.2922996527925488,0.2519998215111345,0.2030131326898557,0.1957800069745001,0.12885747664973526,0.1957800069745001,0.18803987106152356,0.2525738255397496,0.2972972972972973,14.53106639191911,-0.007419023511780252,-0.007419023511780252,0.7635440397504214,0.5538915325887501,0.9789742716046114,0.8994851270368527,0.8837262293072938,0.8994851270368527,0.8804707780129537,1.0,74,0
xception,2024,Deepfakes,891_876,1,jpeg_sev2,jpeg,2,0.3346574866036708,0.2972972972972973,0.2972972972972973,0.06855173642620972,0.08371738448292636,0.06855173642620972,0.060286264298804744,0.04526585444205862,0.034374816695792475,0.04526585444205862,0.048571789959658086,0.08070133299286847,0.08108108108108109,15.68770679267677,0.024314962650572147,0.024314962650572147,0.30757072933271484,0.2632499389614708,0.30067674778754927,0.1599701689309174,0.14361645963801353,0.1599701689309174,0.186667144115182,0.2972972972972973,74,0
xception,2024,Deepfakes,891_876,1,jpeg_sev3,jpeg,3,0.0019401014234627918,0.0,0.0,7.8228347476475e-05,1.2174336498660812e-05,7.8228347476475e-05,0.0005701687405470664,3.818477600002069e-05,4.138901535532432e-06,3.818477600002069e-05,0.00032019001175400644,0.00845750713229499,0.0,15.970526708138955,0.0010545392952563107,0.0010545392952563107,0.001637860603013116,0.0014941700658193324,0.031076506987397057,0.00010878315158535946,0.0,0.00010878315158535946,0.014272576075439624,0.0,74,0
xception,2024,Deepfakes,891_876,1,resize_sev1,resize,1,0.999047731225555,1.0,1.0,0.2692931705142515,0.3066093863227337,0.2692931705142515,0.21661676544600894,0.21441312125374268,0.1359648001840578,0.21441312125374268,0.20592939786815923,0.26912001836031474,0.3108108108108108,14.557824070389206,-0.0009522687744449875,-0.0009522687744449875,0.7127945574151503,0.6277849766853694,0.9989390194145694,0.9680387495878222,0.9549709492821895,0.9680387495878222,0.9646888960522556,1.0,74,0
xception,2024,Deepfakes,891_876,1,resize_sev2,resize,2,0.9994668324251432,1.0,1.0,0.2681072666610616,0.3058027843522033,0.2681072666610616,0.21614046502831719,0.21284948711483706,0.13544446106459804,0.21284948711483706,0.20519569799034643,0.2683376657013,0.3108108108108108,14.548135035746807,-0.0005331675748567255,-0.0005331675748567255,0.7007773242689468,0.6627054085602632,0.9978152770798029,0.9561396346028916,0.9386493695794089,0.9561396346028916,0.952904669726696,1.0,74,0
xception,2024,Deepfakes,891_876,1,resize_sev3,resize,3,0.9712344359707188,1.0,1.0,0.2299446201395075,0.2679097072043179,0.2299446201395075,0.18925717122958716,0.17781253259582083,0.11774613176694895,0.17781253259582083,0.17536940121189368,0.24113495007772726,0.28378378378378377,14.590829050218737,-0.003813503964527201,-0.003813503964527201,0.735572650021798,0.7192274910976758,0.9401718108147703,0.8287781168054912,0.7954386226007172,0.8287781168054912,0.8042477887113787,1.0,74,0
xception,2024,Face2Face,033_097,1,brightening_sev1,brightening,1,0.24938172633216402,0.21666666666666667,0.21666666666666667,0.05899422932968222,0.020765065109109537,0.05899422932968222,0.07495331975385118,0.02904999911830494,0.006581470037489051,0.02904999911830494,0.04644359871664474,0.06461079831955903,0.008333333333333333,12.62331091562907,-0.09511931651504708,-0.09511931651504708,0.20966467470425412,0.19990232470154293,0.8056755295218286,0.5274266063663472,0.41097394519602204,0.5274266063663472,0.563253613970515,0.4583333333333333,120,0
xception,2024,Face2Face,033_097,1,brightening_sev2,brightening,2,0.08967741803207896,0.041666666666666664,0.041666666666666664,0.05256411472946434,0.015161165030921925,0.05256411472946434,0.06664127163751905,0.025319932199001662,0.004539342047092728,0.025319932199001662,0.040456060115522455,0.054963592192457535,0.008333333333333333,12.767669081687927,-0.19399351213263188,-0.19399351213263188,0.06827543679682999,0.061384463333039666,0.7080737509739945,0.4739829263891935,0.3678350252946973,0.4739829263891935,0.5022881116399854,0.2833333333333333,120,0
xception,2024,Face2Face,033_097,1,brightening_sev3,brightening,3,0.0687395884621461,0.016666666666666666,0.016666666666666666,0.04432929182535898,0.010909706372900266,0.04432929182535898,0.05842786573436618,0.021204089121074562,0.003241125578518372,0.021204089121074562,0.035053995781118584,0.05189376498983045,0.0,12.852779324849447,-0.12211071201163574,-0.12211071201163574,0.05061383910457754,0.04385018193667441,0.690632802188573,0.4992440705630914,0.40622774316913457,0.4992440705630914,0.5089702461636584,0.25833333333333336,120,0
xception,2024,Face2Face,033_097,1,clean,clean,0,0.7268124292604625,0.7583333333333333,0.7583333333333333,0.09030744435997301,0.08445735219537781,0.09030744435997301,0.09912200250113477,0.04871695095792621,0.029070122992189116,0.04871695095792621,0.06573730891878149,0.10793625649894653,0.11666666666666667,12.48727830251058,0.13067103302261482,0.13067103302261482,0.6281755140701232,0.6018747729132883,,,,,,,120,0
xception,2024,Face2Face,033_097,1,darkening_sev1,darkening,1,0.7792290846351534,0.8083333333333333,0.8083333333333333,0.112153332804087,0.12322869679920627,0.112153332804087,0.11259601587274934,0.06250422077695497,0.04327110191241916,0.06250422077695497,0.07687533589075116,0.126832868862399,0.15,12.399240509668987,0.11131144655713192,0.11131144655713192,0.6753480465175623,0.6676911564019974,0.9801350552573834,0.8286321491381354,0.7931839452673787,0.8286321491381354,0.8411990985324534,0.9333333333333333,120,0
xception,2024,Face2Face,033_097,1,darkening_sev2,darkening,2,0.8800046047816674,0.8833333333333333,0.8833333333333333,0.17583182294782024,0.1904662753166223,0.17583182294782024,0.1635099454207145,0.1058594819818812,0.0691015811723447,0.1058594819818812,0.12160518225509213,0.18844990370250655,0.25,12.09634772936503,0.05710610323585572,0.05710610323585572,0.75456716150123,0.7583858788964183,0.8589200731832695,0.5986586585612652,0.565138930169682,0.5986586585612652,0.6308502396920209,0.875,120,0
xception,2024,Face2Face,033_097,1,darkening_sev3,darkening,3,0.9778514191508293,0.9833333333333333,0.9833333333333333,0.2570729430949298,0.30360275728543623,0.2570729430949298,0.2214362669539081,0.16382363675233094,0.11399002438397225,0.16382363675233094,0.1756389738755981,0.266199423445138,0.35833333333333334,11.704964264233906,0.042104121375208116,0.042104121375208116,0.8358407355030067,0.8399282286486899,0.6341326501457688,0.38606552576681624,0.3716988654917333,0.38606552576681624,0.40559788729073504,0.775,120,0
xception,2024,Face2Face,033_097,1,jpeg_sev1,jpeg,1,0.2492425725155044,0.18333333333333332,0.18333333333333332,0.042754040853982996,0.009762323087901698,0.042754040853982996,0.06470554295720436,0.02047438903104092,0.002920867202389391,0.02047438903104092,0.039439135521038206,0.062209469009929276,0.0,12.660238925615946,0.07093013870956687,0.07093013870956687,0.2097480410802139,0.20030509166341892,0.7622967619893406,0.5587943255318318,0.4906927287505292,0.5587943255318318,0.569833596314139,0.425,120,0
xception,2024,Face2Face,033_097,1,jpeg_sev2,jpeg,2,0.009439726214623028,0.0,0.0,0.03308912074616419,0.0092863718895925,0.03308912074616419,0.049325496614467085,0.015573276911981617,0.002714180248174513,0.015573276911981617,0.029220831812472228,0.04898885283189174,0.0,12.798788380622863,0.0037754257005265623,0.0037754257005265623,0.007622130298235128,0.007791340663910234,0.6593778729725378,0.4848085919126864,0.39094832585511174,0.4848085919126864,0.5039036125162949,0.24166666666666667,120,0
xception,2024,Face2Face,033_097,1,jpeg_sev3,jpeg,3,0.0011956210724746975,0.0,0.0,0.0357174203431399,0.023203384934647867,0.0357174203431399,0.04143017943807146,0.01703900226138597,0.007040503109760557,0.01703900226138597,0.02435558003560515,0.04526266890572202,0.0,12.938897307713827,0.0008206361804392243,0.0008206361804392243,0.0009259864305021879,0.0009774228182019367,0.6009970840986009,0.2847666298644914,0.19663581106988814,0.2847666298644914,0.3639680649409873,0.24166666666666667,120,0
xception,2024,Face2Face,033_097,1,resize_sev1,resize,1,0.9951372285683949,1.0,1.0,0.27109500469936915,0.3150936763187626,0.27109500469936915,0.2336681603466774,0.17629846012089168,0.11966656236938228,0.17629846012089168,0.1893451835680877,0.27770855410976164,0.375,11.724023755391439,0.032218666747212424,0.032218666747212424,0.8052267011255025,0.800446886010468,0.591620906043852,0.34958826739737775,0.3381857705545173,0.34958826739737775,0.3639915930747252,0.7583333333333333,120,0
xception,2024,Face2Face,033_097,1,resize_sev2,resize,2,0.8876088111506154,0.9083333333333333,0.9083333333333333,0.20991446668748606,0.23759049230564358,0.20991446668748606,0.18654237333065374,0.13265986881148598,0.08907686880968067,0.13265986881148598,0.14471985569501014,0.21803121632040043,0.26666666666666666,12.08996639251709,0.08032304335696003,0.08032304335696003,0.7180297898312953,0.7149047997702535,0.6987550549688771,0.42506043592320886,0.3787701446995161,0.42506043592320886,0.45393047980021684,0.8166666666666667,120,0
xception,2024,Face2Face,033_097,1,resize_sev3,resize,3,0.7905542431088786,0.8166666666666667,0.8166666666666667,0.18064958583922236,0.18978108187236226,0.18064958583922236,0.1686894470707981,0.11380768011903589,0.07170281940612666,0.11380768011903589,0.13042109947288738,0.18335901899170037,0.19166666666666668,12.236540007591248,-0.09420843052988248,-0.09420843052988248,0.4989828540633122,0.5071633704937994,0.7328350072477662,0.47354386121324266,0.4205612581588909,0.47354386121324266,0.4851502992525662,0.775,120,0
xception,2024,Face2Face,097_033,1,brightening_sev1,brightening,1,0.7320900193736442,0.7536945812807881,0.7536945812807881,0.2507293984060235,0.24958928712154713,0.2507293984060235,0.22700020805933568,0.1707475474942542,0.10038256964087147,0.1707475474942542,0.1859970564823003,0.25348866777789375,0.2315270935960591,12.18190124117095,0.047489919284246236,0.047489919284246236,0.6406464795426083,0.6010857347765733,0.9150088199472047,0.7880237212887159,0.7516770389801853,0.7880237212887159,0.8071897231628563,0.9261083743842364,203,0
xception,2024,Face2Face,097_033,1,brightening_sev2,brightening,2,0.586368817536119,0.5911330049261084,0.5911330049261084,0.18762535382804968,0.1759073777872637,0.18762535382804968,0.17720484880289766,0.11856366961288554,0.06740021296788241,0.11856366961288554,0.135997076821039,0.1846916692412424,0.14285714285714285,12.413900657240394,0.06014948718114601,0.06014948718114601,0.5271252252346377,0.49931704225340123,0.7638863723402712,0.6111808315453333,0.5749814791817273,0.6111808315453333,0.6330046954044202,0.7635467980295566,203,0
xception,2024,Face2Face,097_033,1,brightening_sev3,brightening,3,0.31883522715131934,0.2857142857142857,0.2857142857142857,0.12090523306144349,0.09836384186108298,0.12090523306144349,0.11807594141964674,0.06833330346365898,0.035104665915965325,0.06833330346365898,0.08131006142783923,0.10923871760133301,0.04433497536945813,12.792262547121847,0.01261804933184679,0.01261804933184679,0.2932217376247119,0.2763175367073004,0.5111449053147548,0.3685595227859984,0.34267304934970483,0.3685595227859984,0.40057077794183565,0.458128078817734,203,0
xception,2024,Face2Face,097_033,1,clean,clean,0,0.8305921805925034,0.8275862068965517,0.8275862068965517,0.3131397390407832,0.33532219301290994,0.3131397390407832,0.2717658618932725,0.22158231068972764,0.1380117020973833,0.22158231068972764,0.23253194911543262,0.31442405008477853,0.3448275862068966,12.019479169046937,-0.010294735425936377,-0.010294735425936377,0.701908227528091,0.6571428027404576,,,,,,,203,0
xception,2024,Face2Face,097_033,1,darkening_sev1,darkening,1,0.8460509604000225,0.8325123152709359,0.8325123152709359,0.3102573759172331,0.3323097569549088,0.3102573759172331,0.2707716842736252,0.21907231840133387,0.13681885007620853,0.21907231840133387,0.2304356051341678,0.31137632045847063,0.3448275862068966,12.0421681004792,0.000538793950470119,0.000538793950470119,0.6992243202957308,0.6572815524973319,0.9903908473957612,0.9225117125145592,0.9120019119345304,0.9225117125145592,0.9281156085759317,0.9753694581280788,203,0
xception,2024,Face2Face,097_033,1,darkening_sev2,darkening,2,0.9058429217837715,0.916256157635468,0.916256157635468,0.3544093633377616,0.389766029425275,0.3544093633377616,0.3066832594304686,0.2547560838891236,0.16189145089298884,0.2547560838891236,0.2664213770103228,0.35351175085741865,0.43842364532019706,11.980794305284622,0.0224817989008694,0.0224817989008694,0.7372481324047588,0.7087606456305079,0.9539873244203179,0.8380835551160469,0.821435252785571,0.8380835551160469,0.8519512350441959,0.9113300492610837,203,0
xception,2024,Face2Face,097_033,1,darkening_sev3,darkening,3,0.9795357659826138,0.9852216748768473,0.9852216748768473,0.45157749833524113,0.4970577288575596,0.45157749833524113,0.37565014652850753,0.34149379720474876,0.21051212322717422,0.34149379720474876,0.3441094860530614,0.43887452649973774,0.5369458128078818,11.856788231234246,0.0007712316924128206,0.0007712316924128206,0.8016265213278494,0.7627075344434219,0.8443499252146641,0.7079237454438929,0.6924943584564054,0.7079237454438929,0.7258063881056941,0.8423645320197044,203,0
xception,2024,Face2Face,097_033,1,jpeg_sev1,jpeg,1,0.4490431313514205,0.41379310344827586,0.41379310344827586,0.1502462476820437,0.13386317301073464,0.1502462476820437,0.14475687018001487,0.09347367800114839,0.05060207593973531,0.09347367800114839,0.10866233079748785,0.1534659423373308,0.09359605911330049,12.659302354446186,0.081289759296878,0.081289759296878,0.40202843640349445,0.37755186563550397,0.6016163174597142,0.43883031762434793,0.4060014803232009,0.43883031762434793,0.46818285788078984,0.5862068965517241,203,0
xception,2024,Face2Face,097_033,1,jpeg_sev2,jpeg,2,0.014378056813001562,0.0,0.0,0.060299182129476464,0.04756481431830214,0.060299182129476464,0.06237763537383249,0.02986755960188321,0.015041892022688016,0.02986755960188321,0.03798613325703302,0.06287573565280033,0.0,13.112980588903568,0.007836430216494222,0.007836430216494222,0.012616369439631,0.0120546695895781,0.27016583637381864,0.14337373826589758,0.11306900598781176,0.14337373826589758,0.18212580369624473,0.1724137931034483,203,0
xception,2024,Face2Face,097_033,1,jpeg_sev3,jpeg,3,0.00323290980232902,0.0,0.0,0.03469800097843174,0.027561266590708882,0.03469800097843174,0.040479033468036954,0.01688235114862799,0.008663244916376028,0.01688235114862799,0.02411803899652086,0.05281904666840688,0.0,13.175495246361042,0.002460140901290204,0.002460140901290204,0.002567424532943561,0.0025384408082603786,0.24627819892704464,0.0793881600927576,0.05677949856739024,0.0793881600927576,0.125540409886411,0.1724137931034483,203,0
xception,2024,Face2Face,097_033,1,resize_sev1,resize,1,0.9798820762358276,0.9852216748768473,0.9852216748768473,0.4338950118131294,0.4794338712572954,0.4338950118131294,0.3656548810670326,0.3227574544195874,0.2017087723370541,0.3227574544195874,0.3301546431906224,0.41614932194271864,0.5320197044334976,11.925394133393988,0.01130584229169222,0.01130584229169222,0.7774483927186083,0.7827595048148204,0.8723376153624575,0.7164701215472039,0.6904985064912792,0.7164701215472039,0.7347406948295929,0.8423645320197044,203,0
xception,2024,Face2Face,097_033,1,resize_sev2,resize,2,0.8986883274109786,0.896551724137931,0.896551724137931,0.31867141390796894,0.34264457273683874,0.31867141390796894,0.28665367163386507,0.22766163364650005,0.14110352194899436,0.22766163364650005,0.24748496926529476,0.3076415299007719,0.3793103448275862,12.281326890578999,-0.03155657349915927,-0.03155657349915927,0.6330170438950652,0.669335880743459,0.8491450141865604,0.6382819156882762,0.623248558408098,0.6382819156882762,0.6261935003173531,0.8719211822660099,203,0
xception,2024,Face2Face,097_033,1,resize_sev3,resize,3,0.5502568349297264,0.5369458128078818,0.5369458128078818,0.12043056086143095,0.08888810732789415,0.12043056086143095,0.1444115192473207,0.07327143796536266,0.03374377990163543,0.07327143796536266,0.10721356972526035,0.14126187046355232,0.07881773399014778,12.659392380362073,-0.3407453180845882,-0.3407453180845882,0.09105181672009341,0.10085034795252266,0.5485092749534928,0.336239436047669,0.3098945126536379,0.336239436047669,0.35865355543822913,0.6108374384236454,203,0
xception,2024,Face2Face,360_437,1,brightening_sev1,brightening,1,0.9947116258960442,1.0,1.0,0.5441929737529465,0.5844755649428388,0.5441929737529465,0.4626817415958007,0.36751665128000494,0.21555149167242893,0.36751665128000494,0.39553776176591715,0.542555755066329,0.6174496644295302,15.549365920508468,-0.0052874796342529465,-0.0052874796342529465,0.7735390956169806,0.3208505581789368,0.9923905387367806,0.9384215662839853,0.9180657074355345,0.9384215662839853,0.9452979582790055,0.9865771812080537,149,0
xception,2024,Face2Face,360_437,1,brightening_sev2,brightening,2,0.9426907582971074,0.9664429530201343,0.9664429530201343,0.48972598621293556,0.5369412290752852,0.48972598621293556,0.4211324926549809,0.31900515992686007,0.19354644149246444,0.31900515992686007,0.34780823267884736,0.4939128823402322,0.5436241610738255,15.6340960560229,-0.045977139032927085,-0.045977139032927085,0.7141037560849381,0.27497603295483447,0.9514615809959396,0.8227767220075374,0.8120729645138395,0.8227767220075374,0.8291445735559253,0.9664429530201343,149,0
xception,2024,Face2Face,360_437,1,brightening_sev3,brightening,3,0.2040176780506868,0.10067114093959731,0.10067114093959731,0.08364232966552598,0.06386429857596851,0.08364232966552598,0.10061518661986488,0.0417551552428452,0.01961213730492216,0.0417551552428452,0.062077964965940174,0.11896370457933389,0.03355704697986577,17.154988506496352,-0.03351420449755539,-0.03351420449755539,0.1571396380153503,0.12297361772257405,0.16521251315790356,0.05570038102968099,0.039955508597523205,0.05570038102968099,0.10133497078116262,0.10067114093959731,149,0
xception,2024,Face2Face,360_437,1,clean,clean,0,0.9837558257499798,0.9865771812080537,0.9865771812080537,0.5434947801248633,0.5852914057519216,0.5434947801248633,0.45804114608717483,0.36800752273632464,0.21645852529141937,0.36800752273632464,0.39037681668199736,0.5430803462403297,0.6241610738255033,15.536649447959542,-0.01028554221527686,-0.01028554221527686,0.7894265717958044,0.4803265359677724,,,,,,,149,0
xception,2024,Face2Face,360_437,1,darkening_sev1,darkening,1,0.9820952122443475,0.9865771812080537,0.9865771812080537,0.5386203924175436,0.5825558538131342,0.5386203924175436,0.4533662169975275,0.3628690345836041,0.21488521227602128,0.3628690345836041,0.3842976799182958,0.542160902216173,0.6241610738255033,15.519366053126802,-0.008072660373361299,-0.008072660373361299,0.793879790519108,0.6158141311783119,0.9956863003275304,0.944843359141889,0.9288079063794392,0.944843359141889,0.9578955707769927,1.0,149,0
xception,2024,Face2Face,360_437,1,darkening_sev2,darkening,2,0.981749637414945,0.9798657718120806,0.9798657718120806,0.5350770776342567,0.5834451044024066,0.5350770776342567,0.44943544986376965,0.3587815784968283,0.21524190379325617,0.3587815784968283,0.3788894812221195,0.5396327021240608,0.6040268456375839,15.528378966670708,-0.005498667153836078,-0.005498667153836078,0.7780612835648076,0.6456776384089217,0.9878199124273087,0.9041917748665756,0.8760033759978231,0.9041917748665756,0.9297268089337017,0.9932885906040269,149,0
xception,2024,Face2Face,360_437,1,darkening_sev3,darkening,3,0.9932904957524882,0.9932885906040269,0.9932885906040269,0.5410501538958619,0.5936898651259914,0.5410501538958619,0.45703173122105734,0.3636082804619375,0.22012670511065205,0.3636082804619375,0.38721955840249306,0.5424057148462064,0.6241610738255033,15.568849070760228,-0.004850340969610522,-0.004850340969610522,0.7398822795624701,0.5877716431281711,0.9811828602471605,0.887712705546646,0.8564864963987443,0.887712705546646,0.9131362491490822,0.9932885906040269,149,0
xception,2024,Face2Face,360_437,1,jpeg_sev1,jpeg,1,0.9554866986386727,0.9798657718120806,0.9798657718120806,0.5226805207278786,0.5668712151528416,0.5226805207278786,0.44359197279377693,0.34904497547378194,0.20753777065847392,0.34904497547378194,0.3742517008277064,0.5228532739238928,0.5973154362416108,15.549849522993869,-0.03401335203807621,-0.03401335203807621,0.7977371486028869,0.4723589995488424,0.980779197582977,0.8993673064464608,0.8826382162101519,0.8993673064464608,0.9039400780487648,0.9932885906040269,149,0
xception,2024,Face2Face,360_437,1,jpeg_sev2,jpeg,2,0.4605912120900298,0.436241610738255,0.436241610738255,0.24037260400363133,0.25483418689146903,0.24037260400363133,0.22293780717328796,0.14402784573154928,0.08787297597469572,0.14402784573154928,0.16488243085599597,0.25882656530997694,0.28859060402684567,16.462256290768618,-0.1909792869158039,-0.1909792869158039,0.3985806696613838,0.28081881932854874,0.553806515148445,0.3697414676941001,0.36301401592203186,0.3697414676941001,0.3905584280563626,0.436241610738255,149,0
xception,2024,Face2Face,360_437,1,jpeg_sev3,jpeg,3,0.006124828067051836,0.0,0.0,0.06885233844500466,0.0564101526781677,0.06885233844500466,0.07474043816592486,0.03134441411853835,0.016020861201876232,0.03134441411853835,0.04255427509095749,0.07776532243389145,0.12751677852348994,17.09871030973908,0.0033574111132855487,0.0033574111132855487,0.005912254052662685,0.005118999182668094,0.03703561116364234,0.002723467151282813,0.001031264853115012,0.002723467151282813,0.020363749695185226,0.013422818791946308,149,0
xception,2024,Face2Face,360_437,1,resize_sev1,resize,1,0.9668550797356855,0.9731543624161074,0.9731543624161074,0.5383308296282212,0.5810895075352878,0.5383308296282212,0.4543030019443483,0.36250284317195847,0.21410012856524602,0.36250284317195847,0.38562745506576024,0.5369874063984962,0.6308724832214765,15.551675367675372,-0.02060384568352025,-0.02060384568352025,0.7831928140590055,0.5658743469069568,0.9945693683371605,0.9505421127039857,0.9422022294910212,0.9505421127039857,0.9535424138045677,0.9865771812080537,149,0
xception,2024,Face2Face,360_437,1,resize_sev2,resize,2,0.9615314430838463,0.9731543624161074,0.9731543624161074,0.5345988985431817,0.5786631779205881,0.5345988985431817,0.45174542774320087,0.3589790377332361,0.21284198195402168,0.3589790377332361,0.3825399972751377,0.5325731451190715,0.6241610738255033,15.568517454518568,-0.02556707276243889,-0.02556707276243889,0.7710422251573545,0.592682260338642,0.9900973851102863,0.9204930263662245,0.9083550411713511,0.9204930263662245,0.9250991910077269,0.9865771812080537,149,0
xception,2024,Face2Face,360_437,1,resize_sev3,resize,3,0.8732795013527342,0.87248322147651,0.87248322147651,0.48809382825969044,0.5315453566127895,0.48809382825969044,0.4171400283040195,0.32101463472227876,0.19160328611969163,0.32101463472227876,0.34840819774001597,0.48466201752888266,0.5570469798657718,15.680541486548098,-0.048110835916743956,-0.048110835916743956,0.6941339849875677,0.5990143673019421,0.9136934173688802,0.7907530437211497,0.7797093626238794,0.7907530437211497,0.7937228959760185,0.8859060402684564,149,0
xception,2024,Face2Face,435_456,1,brightening_sev1,brightening,1,0.8905080577824265,0.8947368421052632,0.8947368421052632,0.3297240887151257,0.3762194088540058,0.3297240887151257,0.27277500019204365,0.2324450733551325,0.14922167515518736,0.2324450733551325,0.2361243292396728,0.3290382779145673,0.4342105263157895,12.88696635396857,-0.028439769071778007,-0.028439769071778007,0.77212405024042,0.5733090904648538,0.9868439668949606,0.8986418197011217,0.8639101022602558,0.8986418197011217,0.9147351041742187,0.9868421052631579,152,0
xception,2024,Face2Face,435_456,1,brightening_sev2,brightening,2,0.9184944864705598,0.9210526315789473,0.9210526315789473,0.34428036235290266,0.3863059198572479,0.34428036235290266,0.28388204817527396,0.2473134414514889,0.15422932637180473,0.2473134414514889,0.250638400929838,0.3451718777239084,0.4276315789473684,12.848997216475638,-0.02276216629022533,-0.02276216629022533,0.806523693025443,0.5433457808884621,0.9609086188278857,0.8442993246898741,0.7834187328047537,0.8442993246898741,0.8708065378316325,0.9605263157894737,152,0
xception,2024,Face2Face,435_456,1,brightening_sev3,brightening,3,0.8453509789327845,0.8618421052631579,0.8618421052631579,0.31660552445319623,0.3550660387268906,0.31660552445319623,0.2616722717989218,0.22555722906095657,0.1407021457260851,0.22555722906095657,0.22857476506896537,0.3126518715921146,0.3881578947368421,12.991988364018892,-0.05683689292843487,-0.05683689292843487,0.7468543223868963,0.47418816087615834,0.9516471190909755,0.8065203507885412,0.7286498035088803,0.8065203507885412,0.8428965849487934,0.9539473684210527,152,0
xception,2024,Face2Face,435_456,1,clean,clean,0,0.8873414425914617,0.8947368421052632,0.8947368421052632,0.31945523959662947,0.36576577228893875,0.31945523959662947,0.2673273280842797,0.22336068831023806,0.14462933416789506,0.22336068831023806,0.23046304751620691,0.32249725576550764,0.3881578947368421,12.894823526081286,-0.018960168922172928,-0.018960168922172928,0.7348176084556862,0.5823178121859919,,,,,,,152,0
xception,2024,Face2Face,435_456,1,darkening_sev1,darkening,1,0.9025445204032095,0.9276315789473685,0.9276315789473685,0.3282306748309423,0.36834864382298144,0.3282306748309423,0.27659415203854393,0.23068715518351854,0.1461196559216341,0.23068715518351854,0.24029356401060098,0.33282597499439526,0.39473684210526316,12.868988639429995,-0.025150013781201647,-0.025150013781201647,0.7298969279455425,0.5940743477120506,0.9755739606967374,0.8970812513050338,0.8785453636607145,0.8970812513050338,0.9048596268393932,0.9407894736842105,152,0
xception,2024,Face2Face,435_456,1,darkening_sev2,darkening,2,0.9150174280726596,0.9407894736842105,0.9407894736842105,0.32815449497910865,0.3674582267699154,0.32815449497910865,0.27919818608068636,0.2291086666115386,0.14566010924842088,0.2291086666115386,0.24129073579296273,0.333103938753875,0.39473684210526316,12.893969353876615,-0.04492622113933685,-0.04492622113933685,0.7253088654374311,0.6002854596146406,0.9570567884981429,0.8511338269929025,0.8212841373389419,0.8511338269929025,0.8603180817777802,0.9276315789473685,152,0
xception,2024,Face2Face,435_456,1,darkening_sev3,darkening,3,0.9564472033005011,0.9605263157894737,0.9605263157894737,0.3394159911717972,0.378652069827699,0.3394159911717972,0.28792688876124595,0.23983027805395474,0.1515475217170512,0.23983027805395474,0.25113413101674564,0.34562264139250504,0.39473684210526316,12.851168500749688,-0.0030699871897108925,-0.0030699871897108925,0.7365035049029087,0.5507612427525026,0.9365524769090728,0.8294027956587016,0.788880316803409,0.8294027956587016,0.8446503101030407,0.9210526315789473,152,0
xception,2024,Face2Face,435_456,1,jpeg_sev1,jpeg,1,0.4017112061402785,0.35526315789473684,0.35526315789473684,0.19262411191393158,0.22563759649352405,0.19262411191393158,0.16369784665807594,0.12403227242617554,0.08383203684908602,0.12403227242617554,0.12994371333018903,0.1781391886127787,0.26973684210526316,13.671064401927747,-0.007531509008721955,-0.007531509008721955,0.3705714891624857,0.31461887918292053,0.5258843739814122,0.36325306417385855,0.3296729076914698,0.36325306417385855,0.4077670158378252,0.4605263157894737,152,0
xception,2024,Face2Face,435_456,1,jpeg_sev2,jpeg,2,0.008245501643327,0.0,0.0,0.05948514798737627,0.052602996245441874,0.05948514798737627,0.05952750690020143,0.029030958517530663,0.016413685909116005,0.029030958517530663,0.035820851011604905,0.05256683908207646,0.019736842105263157,14.34420939495689,0.007311637284864829,0.007311637284864829,0.007863515471016304,0.007734110566065903,0.12260146020691967,0.032470228991822225,0.015376347464645057,0.032470228991822225,0.0667553732948876,0.10526315789473684,152,0
xception,2024,Face2Face,435_456,1,jpeg_sev3,jpeg,3,0.0007397160886619437,0.0,0.0,0.01936492412978835,0.008544362616864684,0.01936492412978835,0.027550822147782636,0.00899473814115803,0.002510741115227631,0.00899473814115803,0.01592127089302956,0.039423439757369706,0.0,14.341124252269143,0.0005309460612794571,0.0005309460612794571,0.0006525059311749673,0.0006382386308012388,0.10890748777412988,0.022312514608211615,0.007518877975958656,0.022312514608211615,0.043066692167665385,0.10526315789473684,152,0
xception,2024,Face2Face,435_456,1,resize_sev1,resize,1,0.9583303065676438,0.9539473684210527,0.9539473684210527,0.332126346690792,0.37298681652784393,0.332126346690792,0.28178393735207463,0.23265169430416907,0.14860625288049167,0.23265169430416907,0.24349706588987327,0.34053341511439045,0.40789473684210525,12.84156754769777,-0.027447122884424073,-0.027447122884424073,0.7074544331500012,0.6933452650953672,0.942025345653359,0.8318325745475782,0.7996652446920061,0.8318325745475782,0.8365911582772605,0.9276315789473685,152,0
xception,2024,Face2Face,435_456,1,resize_sev2,resize,2,0.9259986557115457,0.9407894736842105,0.9407894736842105,0.31351033680001306,0.36295513292310416,0.31351033680001306,0.26396322795894844,0.21576852131648708,0.14455126612930463,0.21576852131648708,0.22348510338411157,0.3223716753701116,0.40131578947368424,13.012507225337782,-0.044944349455794196,-0.044944349455794196,0.6887629796309691,0.6896482653315424,0.8788149033371093,0.7121084244681801,0.6943980183823676,0.7121084244681801,0.710686447083274,0.9013157894736842,152,0
xception,2024,Face2Face,435_456,1,resize_sev3,resize,3,0.563657703705279,0.5460526315789473,0.5460526315789473,0.1512398183579332,0.13827547247463773,0.1512398183579332,0.15434508817388115,0.09131925707645823,0.05087233609356211,0.09131925707645823,0.11644921727117753,0.15988756990337505,0.14473684210526316,13.614920101667705,-0.2902144964747621,-0.2902144964747621,0.29827817862142664,0.3262543101170051,0.5079001130388118,0.3030502473727534,0.31694075583765824,0.3030502473727534,0.29889381337980003,0.5855263157894737,152,0
xception,2024,Face2Face,437_360,1,brightening_sev1,brightening,1,0.9901396386402169,1.0,1.0,0.5013657497200358,0.541236754330858,0.5013657497200358,0.4454320788724697,0.27812942446903116,0.17295206415420075,0.27812942446903116,0.3142510663612419,0.5044449424990388,0.4948453608247423,15.688640161887887,-0.009860361359783024,-0.009860361359783024,0.710393490519413,0.6658740965361448,0.9791654939698456,0.8383291965842276,0.825807664150352,0.8383291965842276,0.8411352315324008,1.0,97,0
xception,2024,Face2Face,437_360,1,brightening_sev2,brightening,2,0.8183091259033409,0.8762886597938144,0.8762886597938144,0.4164184768151057,0.4625567061009108,0.4164184768151057,0.38456133992952035,0.22151830941248524,0.14483397350692284,0.22151830941248524,0.2602514665998325,0.4260417979767065,0.3917525773195876,15.951436318073076,-0.0993007787877751,-0.0993007787877751,0.5836618176286983,0.4799230343748614,0.815284291389431,0.5793934768676651,0.5847552276247315,0.5793934768676651,0.5733048405173434,0.8762886597938144,97,0
xception,2024,Face2Face,437_360,1,brightening_sev3,brightening,3,0.7431474014655831,0.8144329896907216,0.8144329896907216,0.40554186843087636,0.4416193103766702,0.40554186843087636,0.37360819520746863,0.21426987757823007,0.1377694772084247,0.21426987757823007,0.25046425486554497,0.41992331174943237,0.38144329896907214,15.936572654960083,-0.13858346472081448,-0.13858346472081448,0.5303554970425429,0.4645680234450655,0.7639740525976598,0.5308420641981554,0.527775677658575,0.5308420641981554,0.5048709419955354,0.8144329896907216,97,0
xception,2024,Face2Face,437_360,1,clean,clean,0,0.9999017850639894,1.0,1.0,0.5356123203195576,0.5517125387959929,0.5356123203195576,0.4767831071692872,0.3050443885269803,0.17693638282629598,0.3050443885269803,0.3453961589790881,0.526063765572386,0.4948453608247423,15.699051404736705,-9.821493601061021e-05,-9.821493601061021e-05,0.6899919154256889,0.5825322844932989,,,,,,,97,0
xception,2024,Face2Face,437_360,1,darkening_sev1,darkening,1,0.9999500851041263,1.0,1.0,0.5362172944608172,0.5512910630373026,0.5362172944608172,0.4777693316439352,0.3054990687586604,0.1768176017368077,0.3054990687586604,0.3461634294714357,0.5262812707108817,0.4948453608247423,15.69667988216754,-4.991489587370268e-05,-4.991489587370268e-05,0.6332650176950336,0.5478016609690853,0.9996513958793786,0.98023507304511,0.9758360850365235,0.98023507304511,0.978449034839343,1.0,97,0
xception,2024,Face2Face,437_360,1,darkening_sev2,darkening,2,0.9999937114027357,1.0,1.0,0.5372120630066533,0.5497023461067647,0.5372120630066533,0.48064149521962984,0.3066082059815661,0.17634068707953007,0.3066082059815661,0.34859582894911423,0.525776213211603,0.4948453608247423,15.725448824695706,-6.288597264239667e-06,-6.288597264239667e-06,0.535850164355691,0.44812307483756664,0.9985361103851914,0.9609719082050012,0.952871501430118,0.9609719082050012,0.9537148585247797,1.0,97,0
xception,2024,Face2Face,437_360,1,darkening_sev3,darkening,3,0.9999996546617488,1.0,1.0,0.5424558163850469,0.5487970889316672,0.5424558163850469,0.4869422047002604,0.3112919268935755,0.17613678919847928,0.3112919268935755,0.3544641930932413,0.5262836360566245,0.4948453608247423,15.798288089712871,-3.4533825117288176e-07,-3.4533825117288176e-07,0.4145261033908608,0.29590691149849246,0.9945472443833507,0.927055813039131,0.9075463094472701,0.927055813039131,0.91936731813178,1.0,97,0
xception,2024,Face2Face,437_360,1,jpeg_sev1,jpeg,1,0.9980088300311688,1.0,1.0,0.5285505667974372,0.5502311468817546,0.5285505667974372,0.47041064658109905,0.2993062601073514,0.17635684856051606,0.2993062601073514,0.3389873371139118,0.522988113248419,0.4948453608247423,15.660605715722152,-0.001991169968831149,-0.001991169968831149,0.7448411167589659,0.6506760360807488,0.9973562195589687,0.9443871095881432,0.9382029932106049,0.9443871095881432,0.9429363610551704,1.0,97,0
xception,2024,Face2Face,437_360,1,jpeg_sev2,jpeg,2,0.2323781370434948,0.20618556701030927,0.20618556701030927,0.3142336320071913,0.3284533323607071,0.3142336320071913,0.30879655968977937,0.15953794316272332,0.09878257549783674,0.15953794316272332,0.2002658874957199,0.3023877223073577,0.28865979381443296,16.74880627504329,-0.09034423517260087,-0.09034423517260087,0.21068761704643205,0.198741254407538,0.30422953063251884,0.18052719775081788,0.2134617777176374,0.18052719775081788,0.1865603515055218,0.20618556701030927,97,0
xception,2024,Face2Face,437_360,1,jpeg_sev3,jpeg,3,0.00020586947500030408,0.0,0.0,0.3584584993657982,0.44956196560623685,0.3584584993657982,0.2998870593319707,0.18047336212833764,0.13800463915385516,0.18047336212833764,0.18906531579686647,0.2564032273016337,0.4845360824742268,17.164016507335546,0.00017335589414004486,0.00017335589414004486,0.00018009952594218572,0.00017602593344074084,0.014538187609126368,0.0,0.0,0.0,0.007194331500340251,0.0,97,0
xception,2024,Face2Face,437_360,1,resize_sev1,resize,1,0.999854336079863,1.0,1.0,0.5334305791082189,0.5504151323458897,0.5334305791082189,0.4740558235692687,0.3033760377309635,0.1764916802052577,0.3033760377309635,0.34286550561906887,0.5243697048588869,0.4948453608247423,15.690641029593872,-0.0001456639201370621,-0.0001456639201370621,0.7421554185680508,0.6351273915509588,0.9996604226720771,0.9802839989259713,0.9750879541674374,0.9802839989259713,0.9796234546625223,1.0,97,0
xception,2024,Face2Face,437_360,1,resize_sev2,resize,2,0.9996880962676609,1.0,1.0,0.5319256977814633,0.5512074566221759,0.5319256977814633,0.47298888331669076,0.3020499145822789,0.1767482905450848,0.3020499145822789,0.3417715440672023,0.5239093881215885,0.4948453608247423,15.688534697306524,-0.0003119037323391222,-0.0003119037323391222,0.7666172935176141,0.6785188036173889,0.999013539132427,0.9654357265514728,0.9595221789095267,0.9654357265514728,0.9644975890959946,1.0,97,0
xception,2024,Face2Face,437_360,1,resize_sev3,resize,3,0.9902011727549366,1.0,1.0,0.5192549486429786,0.550507872499419,0.5192549486429786,0.4648403416354246,0.2921624130091083,0.17629260280732661,0.2921624130091083,0.3337002596354529,0.5163677900151517,0.4948453608247423,15.72225795824503,-0.009798790376210923,-0.009798790376210923,0.7685668188118443,0.7242199878409966,0.9843413676039052,0.8839572403986332,0.8806378632876695,0.8839572403986332,0.8805100535696208,1.0,97,0
xception,2024,Face2Face,456_435,1,brightening_sev1,brightening,1,0.9871857101175966,0.9915966386554622,0.9915966386554622,0.20269612984875413,0.23634668587914154,0.20269612984875413,0.17234432142925263,0.1263771741157614,0.08218098868885713,0.1263771741157614,0.13705717296164768,0.208361571868105,0.24369747899159663,12.769465438458099,-0.004560753155280543,-0.004560753155280543,0.9154435503061766,0.809337339485299,0.986006224742386,0.8865407799527384,0.8786870527481125,0.8865407799527384,0.8771190493930863,0.9915966386554622,119,0
xception,2024,Face2Face,456_435,1,brightening_sev2,brightening,2,0.9600789089914129,0.9747899159663865,0.9747899159663865,0.18805670117344997,0.22298207534428316,0.18805670117344997,0.16138051334721507,0.11481492060708731,0.07660607761503412,0.11481492060708731,0.12586538543802744,0.19412704069841893,0.23529411764705882,12.794812699325947,-0.008148039182444548,-0.008148039182444548,0.9016085664175271,0.7586037470262592,0.9510017513778621,0.789732953700505,0.7603285561395263,0.789732953700505,0.7830777460361645,0.9747899159663865,119,0
xception,2024,Face2Face,456_435,1,brightening_sev3,brightening,3,0.8886222553071605,0.907563025210084,0.907563025210084,0.16075711064307194,0.19239687937720648,0.16075711064307194,0.1398315571536632,0.09389590801138246,0.06436123078448573,0.09389590801138246,0.1037505497780785,0.16255072964940112,0.2184873949579832,12.947355847398773,-0.043257320930735185,-0.043257320930735185,0.8444192642343579,0.6993106640417993,0.8829434207310706,0.6574321072778337,0.6145770344690555,0.6574321072778337,0.6736826268153849,0.907563025210084,119,0
xception,2024,Face2Face,456_435,1,clean,clean,0,0.9982611867560058,1.0,1.0,0.2113988768613475,0.24610061463750268,0.2113988768613475,0.17848092905394386,0.13325119963541412,0.08602376908498868,0.13325119963541412,0.14347986386936754,0.2160275792938811,0.2605042016806723,12.752312035119834,-0.001738811240476707,-0.001738811240476707,0.8982100166270838,0.7534166790169328,,,,,,,119,0
xception,2024,Face2Face,456_435,1,darkening_sev1,darkening,1,0.9978110434628334,1.0,1.0,0.2062482664483203,0.24625876212796668,0.2062482664483203,0.17329939482900458,0.1286153982936142,0.08611442728513924,0.1286153982936142,0.1374004232712019,0.21241146798590027,0.25210084033613445,12.740133333606881,-0.0021889465195791893,-0.0021889465195791893,0.8951531857479081,0.8344499000755116,0.9955890605457962,0.936712021408973,0.9409433184270619,0.936712021408973,0.9227115646989136,1.0,119,0
xception,2024,Face2Face,456_435,1,darkening_sev2,darkening,2,0.9984585056785776,1.0,1.0,0.2102414668086807,0.24689439569990143,0.2102414668086807,0.17682771418963905,0.1319490326212312,0.08636983044224109,0.1319490326212312,0.1413616133995036,0.21852156182737748,0.25210084033613445,12.674852611637917,-0.0015384539836594872,-0.0015384539836594872,0.8912806198345262,0.8661249471327462,0.9921979261027725,0.905469722988372,0.9028554312615951,0.905469722988372,0.8962828498189516,1.0,119,0
xception,2024,Face2Face,456_435,1,darkening_sev3,darkening,3,0.9998443787839232,1.0,1.0,0.21805969491011995,0.24702991265279695,0.21805969491011995,0.18656181297520708,0.1391114650075651,0.08645690607921545,0.1391114650075651,0.1528797406157969,0.2253517118739317,0.25210084033613445,12.649203893517246,-0.00015562121607675801,-0.00015562121607675801,0.8268972049553355,0.7771218492641669,0.9881477529677478,0.8837151238587456,0.8750298035959169,0.8837151238587456,0.8729929495347565,1.0,119,0
xception,2024,Face2Face,456_435,1,jpeg_sev1,jpeg,1,0.9202172339212995,0.9495798319327731,0.9495798319327731,0.1803794803998608,0.20043975206900383,0.1803794803998608,0.15940405215948242,0.10904419182517106,0.06792096065903935,0.10904419182517106,0.12401216047961397,0.18565017278766968,0.21008403361344538,12.937125871161452,0.044494117725593606,0.044494117725593606,0.8679806863201367,0.7796677166080991,0.8943892917031933,0.7446770736127065,0.7283801114500046,0.7446770736127065,0.7424316988158608,0.9495798319327731,119,0
xception,2024,Face2Face,456_435,1,jpeg_sev2,jpeg,2,0.2508896121032782,0.20168067226890757,0.20168067226890757,0.06639900287356248,0.0636300584683241,0.06639900287356248,0.06047350397177887,0.033130215323746895,0.01889776790488768,0.033130215323746895,0.03826785043598923,0.06183472542948423,0.025210084033613446,13.89875322229722,0.07235579746629195,0.07235579746629195,0.24595538003164358,0.23687517585237988,0.27180124939858363,0.14451709351159037,0.1370403920375093,0.14451709351159037,0.1731726675374477,0.20168067226890757,119,0
xception,2024,Face2Face,456_435,1,jpeg_sev3,jpeg,3,0.003326025864592619,0.0,0.0,0.03385449719369291,0.03643753653378346,0.03385449719369291,0.029797100014315535,0.0150898001308858,0.010176558135906087,0.0150898001308858,0.01647339097632406,0.0314636313100881,0.0,14.197895955638725,0.0025749302884901315,0.0025749302884901315,0.003023381252304889,0.002732493702361696,0.049917712622160194,0.005493792773144997,0.0,0.005493792773144997,0.026674550113153863,0.0,119,0
xception,2024,Face2Face,456_435,1,resize_sev1,resize,1,0.999968930953691,1.0,1.0,0.2227693260813354,0.24699546000130496,0.2227693260813354,0.18929966947670537,0.14386141053701804,0.08645455755159287,0.14386141053701804,0.15652431496808641,0.2260297135773515,0.25210084033613445,12.701276707048176,-3.1069046309011154e-05,-3.1069046309011154e-05,0.7831554860502732,0.7748408931769243,0.9894744480540216,0.8951414490750771,0.8807519071558404,0.8951414490750771,0.8857812428458702,1.0,119,0
xception,2024,Face2Face,456_435,1,resize_sev2,resize,2,0.9998956062212712,1.0,1.0,0.2157007814078666,0.2468734325102471,0.2157007814078666,0.1830193169485411,0.13721597673229868,0.08638905572580895,0.13721597673229868,0.14896233392680944,0.21733083047861204,0.2605042016806723,12.775869978576146,-0.00010439377872883561,-0.00010439377872883561,0.7438737965431534,0.762782896328874,0.9827976399769047,0.8646015696124097,0.8425754417037088,0.8646015696124097,0.8563500800673894,1.0,119,0
xception,2024,Face2Face,456_435,1,resize_sev3,resize,3,0.9971465167879057,1.0,1.0,0.2188291186105709,0.2398380147544641,0.2188291186105709,0.18815101448431967,0.14134895031159872,0.08361862978135068,0.14134895031159872,0.15617224732146637,0.21678731107037708,0.24369747899159663,12.777119179733662,-0.0028357160191575955,-0.0028357160191575955,0.736166592217794,0.7778562888690904,0.9720681795408519,0.8371771188049779,0.8149827212308317,0.8371771188049779,0.8139816253219954,1.0,119,0
xception,2024,Face2Face,607_683,1,brightening_sev1,brightening,1,0.9997843064759907,1.0,1.0,0.37038259737402135,0.3679163626887121,0.37038259737402135,0.3490657866747114,0.21263565812933527,0.1166816156065075,0.21263565812933527,0.25818621461110025,0.362822494785701,0.3684210526315789,15.984187577900133,-0.0002156919554660105,-0.0002156919554660105,0.3829443333180327,0.04756814398263625,0.9986883087382283,0.9598432435024696,0.9390606455489577,0.9598432435024696,0.9670633949213359,1.0,76,0
xception,2024,Face2Face,607_683,1,brightening_sev2,brightening,2,0.9972583204507828,1.0,1.0,0.37675598563605694,0.37626687596136454,0.37675598563605694,0.35616593432886173,0.21451333817679832,0.119475023725761,0.21451333817679832,0.26143888220570594,0.36850791510573166,0.3684210526315789,15.977768396076403,-0.002741654452524667,-0.002741654452524667,0.43642217744337886,0.058489929688604204,0.9901308385702056,0.8855409177383868,0.8454883194672981,0.8855409177383868,0.897216780115904,1.0,76,0
xception,2024,Face2Face,607_683,1,brightening_sev3,brightening,3,0.9918040852797659,1.0,1.0,0.3747002205964241,0.3786516830817663,0.3747002205964241,0.35502493670121477,0.2105045545372959,0.12003219800264697,0.2105045545372959,0.25555603070468136,0.3701132598741955,0.3684210526315789,15.920935342186375,-0.008195762571535582,-0.008195762571535582,0.5166100830231842,0.0759202924213911,0.972804107268319,0.8038856405367202,0.7569392305391792,0.8038856405367202,0.819210269387392,1.0,76,0
xception,2024,Face2Face,607_683,1,clean,clean,0,0.9999766624287555,1.0,1.0,0.3675756422629541,0.3653648815406823,0.3675756422629541,0.347704703438771,0.21129421703770124,0.11580388909139214,0.21129421703770124,0.2575011797007328,0.3604336524950838,0.35526315789473684,15.998276810897025,-2.3337571244487653e-05,-2.3337571244487653e-05,0.29002277553081507,0.041640950660956494,,,,,,,76,0
xception,2024,Face2Face,607_683,1,darkening_sev1,darkening,1,0.9999973272022448,1.0,1.0,0.3659064249223562,0.36336496713169947,0.3659064249223562,0.34669779064180645,0.21056040992603844,0.11509006478745105,0.21056040992603844,0.2568387121225099,0.35933034733132996,0.3684210526315789,15.998820756611071,-2.672797755191201e-06,-2.672797755191201e-06,0.2834929082738725,0.06820844270681076,0.9988993646532953,0.9614336645067956,0.946381993859542,0.9614336645067956,0.968693578902182,1.0,76,0
xception,2024,Face2Face,607_683,1,darkening_sev2,darkening,2,0.9999999623549612,1.0,1.0,0.3673984617743079,0.36063758602811974,0.3673984617743079,0.3520333613356107,0.2128354891337257,0.11408754264647229,0.2128354891337257,0.2638688682099168,0.3600524223661415,0.39473684210526316,16.0538266081559,-3.7645038805509866e-08,-3.7645038805509866e-08,0.22599332897286661,0.05811492785027148,0.9957999690520872,0.9213759781661447,0.8999662784396071,0.9213759781661447,0.9325242659627431,1.0,76,0
xception,2024,Face2Face,607_683,1,darkening_sev3,darkening,3,0.9999999937258268,1.0,1.0,0.36788796539742835,0.35722627358064,0.36788796539742835,0.35689692317939437,0.21498467281787506,0.11280053090643835,0.21498467281787506,0.27079544227317437,0.3601580644890003,0.39473684210526316,16.055735073591535,-6.274173134251644e-09,-6.274173134251644e-09,0.2296982827155213,0.08848278773458376,0.9883757207348309,0.8646882874906491,0.831583482236639,0.8646882874906491,0.8846494390004734,1.0,76,0
xception,2024,Face2Face,607_683,1,jpeg_sev1,jpeg,1,0.9999237131131323,1.0,1.0,0.36787491359360913,0.364789481078235,0.36787491359360913,0.3470767327748027,0.21183038853985509,0.11557501692957388,0.21183038853985509,0.25716883309395827,0.36041702219277266,0.3684210526315789,15.978209696317974,-7.628688686771447e-05,-7.628688686771447e-05,0.32383162685130773,0.04764513357689501,0.998406712672421,0.956857969888218,0.9420520408578202,0.956857969888218,0.9638240126786723,1.0,76,0
xception,2024,Face2Face,607_683,1,jpeg_sev2,jpeg,2,0.9713453038742668,0.9868421052631579,0.9868421052631579,0.3557705947532434,0.35916100445417404,0.3557705947532434,0.3407645475201152,0.2052266955592994,0.11342366091192316,0.2052266955592994,0.2558995201019489,0.347807887148019,0.3684210526315789,16.112168437556218,0.0010255438912856272,0.0010255438912856272,0.3778004487731347,0.08908337795812829,0.9432471658570892,0.8227611999880575,0.8051907803862978,0.8227611999880575,0.8329679598073442,0.9868421052631579,76,0
xception,2024,Face2Face,607_683,1,jpeg_sev3,jpeg,3,0.02866728507950407,0.0,0.0,0.20131474756872025,0.20893618251914822,0.20131474756872025,0.24515594680828282,0.0998737562662356,0.0597186575038539,0.0998737562662356,0.16007528149646486,0.2382181031869177,0.32894736842105265,17.223015860507363,0.026087410206328966,0.026087410206328966,0.02822083526739569,0.027796887130821905,0.07380046121955543,0.0033627551207297845,2.8159032831085523e-05,0.0033627551207297845,0.031064230123045326,0.0,76,0
xception,2024,Face2Face,607_683,1,resize_sev1,resize,1,0.999980232433269,1.0,1.0,0.3668340008825244,0.36581889956478747,0.3668340008825244,0.3462179755712162,0.21055928122465514,0.11595018971921925,0.21055928122465514,0.25566627978046413,0.3602186351675443,0.35526315789473684,15.990005693937603,-1.97675667310989e-05,-1.97675667310989e-05,0.2904609296666948,0.046019316503876084,0.9997082599788127,0.9798596688909054,0.9741197660350049,0.9798596688909054,0.9819653641642313,1.0,76,0
xception,2024,Face2Face,607_683,1,resize_sev2,resize,2,0.9999859262453882,1.0,1.0,0.3672059211398568,0.3659275394252816,0.3672059211398568,0.3465052396571437,0.21081246595527303,0.11600896338227579,0.21081246595527303,0.2558672628117674,0.36020315109007356,0.35526315789473684,15.98988013518484,-1.407375461176647e-05,-1.407375461176647e-05,0.2991532495147303,0.04429144451492706,0.9994940310889573,0.9730451592961689,0.966354527494094,0.9730451592961689,0.9764519719912569,1.0,76,0
xception,2024,Face2Face,607_683,1,resize_sev3,resize,3,0.9999848972809943,1.0,1.0,0.36442312941680494,0.36472894385401305,0.36442312941680494,0.3436222488449382,0.20876179989478977,0.11558042857172335,0.20876179989478977,0.2527737053631995,0.358255677785944,0.35526315789473684,15.978032061928197,-1.5102719005784509e-05,-1.5102719005784509e-05,0.31559147215203237,0.05119721826754113,0.9985669407427789,0.9569826155543623,0.9473690380542458,0.9569826155543623,0.9609354636105166,1.0,76,0
xception,2024,Face2Face,671_677,1,brightening_sev1,brightening,1,0.9999891625174994,1.0,1.0,0.4083548940221572,0.46877568314597734,0.4083548940221572,0.3479574261015506,0.2402251498881067,0.1520313056395861,0.2402251498881067,0.2642631850715542,0.4154070935745285,0.5063291139240507,15.79820950423615,-1.0837482500678868e-05,-1.0837482500678868e-05,0.7877900844227664,0.28642410775528676,0.9990176610715041,0.963643881023118,0.9490970193534216,0.963643881023118,0.966068951659728,1.0,79,0
xception,2024,Face2Face,671_677,1,brightening_sev2,brightening,2,0.9999656714970553,1.0,1.0,0.4002061851156276,0.4686001641347449,0.4002061851156276,0.3399245522480069,0.2331825437016008,0.1519364010770362,0.2331825437016008,0.2550250465923375,0.4124609468796892,0.5063291139240507,15.776612342158451,-3.432850294475085e-05,-3.432850294475085e-05,0.8056478524415553,0.2324776719265346,0.9943973596029103,0.907617037844796,0.8901615775150595,0.907617037844796,0.9137281903521983,1.0,79,0
xception,2024,Face2Face,671_677,1,brightening_sev3,brightening,3,0.990392964097518,1.0,1.0,0.367112388985724,0.44816138280573187,0.367112388985724,0.3043695321711262,0.20630682195104388,0.14343804601870147,0.20630682195104388,0.21710390703603596,0.39100176383989715,0.5063291139240507,15.746762263623975,-0.009604998781711204,-0.009604998781711204,0.8275508412360391,0.18336624996382975,0.9238878801552274,0.6823762475500231,0.6304505266546377,0.6823762475500231,0.6959601713012905,1.0,79,0
xception,2024,Face2Face,671_677,1,clean,clean,0,0.9999988984458054,1.0,1.0,0.4109593877607299,0.46846453915797626,0.4109593877607299,0.3509274485854756,0.24248308488743067,0.15192411865102623,0.24248308488743067,0.2676950096035565,0.415971661937096,0.5063291139240507,15.813895780828934,-1.1015541945831685e-06,-1.1015541945831685e-06,0.7421950928961174,0.2939802478008632,,,,,,,79,0
xception,2024,Face2Face,671_677,1,darkening_sev1,darkening,1,0.999999930586996,1.0,1.0,0.41368650885276176,0.46789029452880043,0.41368650885276176,0.35318716246944565,0.24485807750350205,0.15169120394859573,0.24485807750350205,0.2703107261843138,0.4170332298432665,0.5063291139240507,15.817737349980995,-6.941300404222706e-08,-6.941300404222706e-08,0.6828075404974479,0.28091821640352654,0.9995939625514514,0.9770870729685015,0.9692389494206165,0.9770870729685015,0.9773184415024364,1.0,79,0
xception,2024,Face2Face,671_677,1,darkening_sev2,darkening,2,0.9999999969820433,1.0,1.0,0.41685050705502974,0.4675332946677067,0.41685050705502974,0.3556295958665213,0.24765189385087719,0.15154685079735822,0.24765189385087719,0.2731731746238431,0.4174629007750098,0.5063291139240507,15.837120321732533,-3.017956697488133e-09,-3.017956697488133e-09,0.583623769539821,0.2240186616589751,0.9986153952147032,0.9564433733408539,0.9443770287273666,0.9564433733408539,0.9572026795011485,1.0,79,0
xception,2024,Face2Face,671_677,1,darkening_sev3,darkening,3,1.0,1.0,1.0,0.4213524290435024,0.4669799891149662,0.4213524290435024,0.3593728919764042,0.2516664857104162,0.15133291448736036,0.2516664857104162,0.2776352207245658,0.41762165530819934,0.5063291139240507,15.876204647595369,0.0,0.0,0.4409182626235334,0.1677354015881502,0.9961599816479291,0.927510981422865,0.9064834015838312,0.927510981422865,0.9299380015123216,1.0,79,0
xception,2024,Face2Face,671_677,1,jpeg_sev1,jpeg,1,0.999882974956609,1.0,1.0,0.40727954858609633,0.46833032531914487,0.40727954858609633,0.3475555631295734,0.23926367320044986,0.1518547548732689,0.23926367320044986,0.2637720671100191,0.41750899470205227,0.5063291139240507,15.754870680314076,-0.00011702504339097026,-0.00011702504339097026,0.8297437096981308,0.4018927984222581,0.9984499802588165,0.9595559344669824,0.9496510454649804,0.9595559344669824,0.9570483992654424,1.0,79,0
xception,2024,Face2Face,671_677,1,jpeg_sev2,jpeg,2,0.7796177261190701,0.8227848101265823,0.8227848101265823,0.3327492345205829,0.38651852363395034,0.3327492345205829,0.28819868362143414,0.18453720036926696,0.12236767457821933,0.18453720036926696,0.20459686166364974,0.3366138927066473,0.4177215189873418,16.041144020949737,-0.13092665648665514,-0.13092665648665514,0.6806360807644108,0.3232448405757122,0.853897779755255,0.6674726559480916,0.6667464902922512,0.6674726559480916,0.6763877791809053,0.8227848101265823,79,0
xception,2024,Face2Face,671_677,1,jpeg_sev3,jpeg,3,0.0047202202006275075,0.0,0.0,0.10623642814360859,0.06383070837779495,0.10623642814360859,0.10607854632231076,0.04725452144839074,0.017027134082443725,0.04725452144839074,0.060269574224300106,0.0818248698287235,0.02531645569620253,17.20284510262405,0.0025429115786336,0.0025429115786336,0.0042181806316023305,0.004125089668308647,0.034793652283854004,0.000891714199046857,0.0,0.000891714199046857,0.02267135864677777,0.0,79,0
xception,2024,Face2Face,671_677,1,resize_sev1,resize,1,0.9999996876414818,1.0,1.0,0.41071328802256957,0.46805927921003215,0.41071328802256957,0.35099981493443017,0.2422598515789324,0.15176305225519204,0.2422598515789324,0.26777961326320643,0.4157378709369068,0.5063291139240507,15.811253608027592,-3.123585181900218e-07,-3.123585181900218e-07,0.7555667290204688,0.3281329551452322,0.9996531034007499,0.9779172449203649,0.9692778894309955,0.9779172449203649,0.9801924213259812,1.0,79,0
xception,2024,Face2Face,671_677,1,resize_sev2,resize,2,0.9999998626829703,1.0,1.0,0.41075453835894016,0.4680128495345332,0.41075453835894016,0.351140780355107,0.24230892465507448,0.15174638089765807,0.24230892465507448,0.2679351841665594,0.41549616666420014,0.5063291139240507,15.81471020662332,-1.3731702973571004e-07,-1.3731702973571004e-07,0.7411096618522571,0.34606345469438576,0.9990241247162384,0.9621029545037615,0.9486385747470788,0.9621029545037615,0.9669710433822869,1.0,79,0
xception,2024,Face2Face,671_677,1,resize_sev3,resize,3,0.9999995005281666,1.0,1.0,0.40886689961653044,0.4687513833044337,0.40886689961653044,0.3498004648552817,0.24064875931892468,0.15205006749579414,0.24064875931892468,0.2663757768593846,0.41779621325562394,0.5063291139240507,15.767284960686405,-4.99471833434286e-07,-4.99471833434286e-07,0.7836601913352556,0.42030870612663557,0.997283398789933,0.9417744406646645,0.9246093594197718,0.9417744406646645,0.9442607987805158,1.0,79,0
xception,2024,Face2Face,677_671,1,brightening_sev1,brightening,1,0.9999979374020599,1.0,1.0,0.30302258532057347,0.3249679108749857,0.30302258532057347,0.2544939716968945,0.20897882268227808,0.12243697000343212,0.20897882268227808,0.21964526352099528,0.28147740850386865,0.3372093023255814,15.84261045899502,-2.0625979401335755e-06,-2.0625979401335755e-06,0.42705958561841834,0.009574947662131685,0.9910748755771462,0.8758042559919723,0.8591835925859813,0.8758042559919723,0.8933823669239352,1.0,86,0
xception,2024,Face2Face,677_671,1,brightening_sev2,brightening,2,0.9999038355295048,1.0,1.0,0.2951836047302954,0.32332307422627554,0.2951836047302954,0.2464805698623162,0.2006331384880538,0.12161323290005836,0.2006331384880538,0.20885476478965803,0.27929455121196034,0.3488372093023256,15.797324003175248,-9.616447049517653e-05,-9.616447049517653e-05,0.5036836980387221,0.015155070742895387,0.9819321198816194,0.8293844975053399,0.8015169160983145,0.8293844975053399,0.847612693797477,1.0,86,0
xception,2024,Face2Face,677_671,1,brightening_sev3,brightening,3,0.9993031641771627,1.0,1.0,0.28398984626708323,0.32040052342397307,0.28398984626708323,0.23809794967336229,0.189349918589952,0.12015862806957191,0.189349918589952,0.19814219199316493,0.2732912205344895,0.36046511627906974,15.763733431350353,-0.0006968358228372877,-0.0006968358228372877,0.5719861587466195,0.03466091253036672,0.9643695893138847,0.7636080409388653,0.7250530058423493,0.7636080409388653,0.7905607714826803,1.0,86,0
xception,2024,Face2Face,677_671,1,clean,clean,0,0.999999979207682,1.0,1.0,0.3111529189174352,0.32552075394749047,0.3111529189174352,0.2642258492681548,0.21785359796527123,0.1227317789508502,0.21785359796527123,0.23323494484038262,0.2776101172052483,0.3023255813953488,15.994155262791834,-2.0792317944903707e-08,-2.0792317944903707e-08,0.3132336260967476,0.00837208850439199,,,,,,,86,0
xception,2024,Face2Face,677_671,1,darkening_sev1,darkening,1,0.9999999889107638,1.0,1.0,0.3151699092622188,0.3265276740717074,0.3151699092622188,0.2663987276546296,0.22237243250036542,0.12325106226131922,0.22237243250036542,0.23638574062763656,0.2792250418647047,0.3023255813953488,15.998885298884192,-1.1089236237281977e-08,-1.1089236237281977e-08,0.26244450481825093,0.009402824002642918,0.99924758023626,0.9643285903568944,0.9508421574764702,0.9643285903568944,0.9681685315392451,1.0,86,0
xception,2024,Face2Face,677_671,1,darkening_sev2,darkening,2,0.999999997227691,1.0,1.0,0.3190435335936701,0.32649415772862245,0.3190435335936701,0.26980264192028763,0.2267803231501498,0.12324306328931078,0.2267803231501498,0.24133339132901066,0.2813739561191172,0.3023255813953488,15.994469808977703,-2.772309059320494e-09,-2.772309059320494e-09,0.2739509766878083,0.009723655706228167,0.997746440771317,0.9379143966236413,0.9197845986198808,0.9379143966236413,0.941391256502296,1.0,86,0
xception,2024,Face2Face,677_671,1,darkening_sev3,darkening,3,0.9999999930692274,1.0,1.0,0.3224432524993602,0.32637170028618295,0.3224432524993602,0.27467536579706714,0.23073515842322045,0.12319105240222107,0.23073515842322045,0.24860799454735955,0.2868734034249796,0.3023255813953488,15.951541468154552,-6.930772648301235e-09,-6.930772648301235e-09,0.31261288253373876,0.021902725447055852,0.9945067232987405,0.9038575888466458,0.8859223237389089,0.9038575888466458,0.9001636219472183,1.0,86,0
xception,2024,Face2Face,677_671,1,jpeg_sev1,jpeg,1,0.9999998489091563,1.0,1.0,0.31096751052070365,0.3248081223793245,0.31096751052070365,0.26391213818433223,0.2176624389917651,0.12237251854641223,0.2176624389917651,0.23281819622876002,0.28098472995647594,0.3023255813953488,15.933680977932243,-1.5109084373296694e-07,-1.5109084373296694e-07,0.37648147656474,0.01095984494963353,0.9986921060075943,0.957558643095168,0.9495835290827044,0.957558643095168,0.9607109250656884,1.0,86,0
xception,2024,Face2Face,677_671,1,jpeg_sev2,jpeg,2,0.9962515581485837,1.0,1.0,0.29722779574768676,0.32051075339638335,0.29722779574768676,0.25320596004945284,0.20301405219089075,0.12020302010579874,0.20301405219089075,0.21826115341724164,0.2849577282773607,0.26744186046511625,15.697791831437932,-0.003748441851416277,-0.003748441851416277,0.5935370468556188,0.0794733832048815,0.9785501099299744,0.8538544717406077,0.8442026101616734,0.8538544717406077,0.8451653654323223,1.0,86,0
xception,2024,Face2Face,677_671,1,jpeg_sev3,jpeg,3,0.05636075696756323,0.011627906976744186,0.011627906976744186,0.08307392217509958,0.05629627636952338,0.08307392217509958,0.07923727552140905,0.041495554805016606,0.017704232217753076,0.041495554805016606,0.04949713970123098,0.06086111732549074,0.05813953488372093,16.88078041963799,0.030854578521156768,0.030854578521156768,0.054556161955524825,0.04875909572627613,0.21039947022045358,0.05858310512561424,0.010137708674653469,0.05858310512561424,0.15765232247362726,0.011627906976744186,86,0
xception,2024,Face2Face,677_671,1,resize_sev1,resize,1,0.9999999043553375,1.0,1.0,0.3100706871341902,0.32549365882601616,0.3100706871341902,0.2627665923987453,0.2166476536421776,0.12271779210548582,0.2166476536421776,0.23113612633564454,0.27679549305506423,0.3023255813953488,15.989450099856354,-9.564466254655705e-08,-9.564466254655705e-08,0.3697416255640429,0.013050081424934865,0.9994987491647991,0.9691348464987508,0.9693721424415084,0.9691348464987508,0.972844805939977,1.0,86,0
xception,2024,Face2Face,677_671,1,resize_sev2,resize,2,0.9999982673068379,1.0,1.0,0.30795975677724413,0.32548513401773,0.30795975677724413,0.2604334689363555,0.21433294068453645,0.12271259262129183,0.21433294068453645,0.2278400975174617,0.2739357049539777,0.29069767441860467,16.004342167876487,-1.7326931620749547e-06,-1.7326931620749547e-06,0.4008762077536694,0.017495524051577498,0.9985050933068423,0.9450870670968723,0.9489394487793998,0.9450870670968723,0.9526914374917926,1.0,86,0
xception,2024,Face2Face,677_671,1,resize_sev3,resize,3,0.9997176715107852,1.0,1.0,0.31163454979100824,0.3267638214162174,0.31163454979100824,0.2632898145900423,0.21839672571027824,0.12335546378990005,0.21839672571027824,0.23198591956793793,0.28399237359385743,0.3023255813953488,15.870227259258892,-0.0002823284892148739,-0.0002823284892148739,0.6116499190413675,0.05693011332389915,0.9952629739915457,0.925506667605476,0.921368394396673,0.925506667605476,0.9230943642405787,1.0,86,0
xception,2024,Face2Face,683_607,1,brightening_sev1,brightening,1,0.8718831459419769,0.8596491228070176,0.8596491228070176,0.5358187367045266,0.5977714573837445,0.5358187367045266,0.45851171186131756,0.34004233783570137,0.2050330004713936,0.34004233783570137,0.3764866787088965,0.516575363209338,0.6228070175438597,15.682566057171737,-0.08701499714924577,-0.08701499714924577,0.5787385158698287,0.06886960984322059,0.9679155146544595,0.867132194838972,0.8360155512329503,0.867132194838972,0.8715009971222305,0.8771929824561403,114,0
xception,2024,Face2Face,683_607,1,brightening_sev2,brightening,2,0.760993879288435,0.7456140350877193,0.7456140350877193,0.42370312669877036,0.488800088604175,0.42370312669877036,0.3591815228863338,0.2542954039738233,0.16224593430502154,0.2542954039738233,0.27553725141299745,0.4160588480834204,0.5877192982456141,15.823616287164521,-0.04912834614515303,-0.04912834614515303,0.548239131290629,0.0932231680571771,0.8308842089850029,0.7000696232416882,0.6575098196509511,0.7000696232416882,0.7131400347862601,0.7631578947368421,114,0
xception,2024,Face2Face,683_607,1,brightening_sev3,brightening,3,0.5950949575482426,0.6403508771929824,0.6403508771929824,0.344297105174633,0.4298732846552806,0.344297105174633,0.29142451486751286,0.19464932269075116,0.1383661707915759,0.19464932269075116,0.21176190084471602,0.3290497772632134,0.631578947368421,15.849981927035147,-0.07887378880721435,-0.07887378880721435,0.4739927680501224,0.2833686310250573,0.6596750874298045,0.48780057018073175,0.4261149525722374,0.48780057018073175,0.5441266584002438,0.6578947368421053,114,0
xception,2024,Face2Face,683_607,1,clean,clean,0,0.9464843103237319,0.9824561403508771,0.9824561403508771,0.562289923310993,0.6114414796996238,0.562289923310993,0.49007392286130036,0.3637644479271625,0.21076962376970745,0.3637644479271625,0.41465563962266777,0.5538534311519294,0.631578947368421,15.638027977525143,-0.0451264001036945,-0.0451264001036945,0.5904671688351715,0.06387699656842044,,,,,,,114,0
xception,2024,Face2Face,683_607,1,darkening_sev1,darkening,1,0.971014709064835,0.9912280701754386,0.9912280701754386,0.5593471861240878,0.6125617808441491,0.5593471861240878,0.4866403749643774,0.3596200627997862,0.21109443992055416,0.3596200627997862,0.40842265416216184,0.5575488104724816,0.631578947368421,15.599570767921314,-0.027859255148653384,-0.027859255148653384,0.5796547449079522,0.07917979385769153,0.9953575974446464,0.9489623374924033,0.9371730688412813,0.9489623374924033,0.9555998373227201,0.9912280701754386,114,0
xception,2024,Face2Face,683_607,1,darkening_sev2,darkening,2,0.9914087789100513,1.0,1.0,0.5613769410597594,0.6129885758532521,0.5613769410597594,0.49000269926781753,0.36138689214608044,0.21128776499557583,0.36138689214608044,0.41248359197633566,0.55883177724739,0.631578947368421,15.61243394383213,-0.008590758892527785,-0.008590758892527785,0.5578265775714004,0.12310348921700524,0.9888412896240968,0.9320554845464604,0.9125162236793773,0.9320554845464604,0.9407015762496158,0.9824561403508771,114,0
xception,2024,Face2Face,683_607,1,darkening_sev3,darkening,3,0.9975429930185017,1.0,1.0,0.5608579589128221,0.6121041547045067,0.5608579589128221,0.4900536897541583,0.3608578046734766,0.21088075091539998,0.3608578046734766,0.41260895662455105,0.5583335398912876,0.631578947368421,15.614197270912037,-0.0024569212344654674,-0.0024569212344654674,0.5306597186023729,0.13905263888208486,0.9863462042559324,0.9210682510639007,0.8973172304326112,0.9210682510639007,0.9323277808467547,0.9824561403508771,114,0
xception,2024,Face2Face,683_607,1,jpeg_sev1,jpeg,1,0.9400818482564207,0.9649122807017544,0.9649122807017544,0.5627944131079072,0.6115583004718254,0.5627944131079072,0.4919896576078346,0.36412370821832263,0.21077350480770674,0.36412370821832263,0.416900481318555,0.5539266139224949,0.631578947368421,15.642899990081787,-0.04848429965868329,-0.04848429965868329,0.5650374460148445,0.04805190831814937,0.9966821939363798,0.9536106707801356,0.9412535850381362,0.9536106707801356,0.9608990814055969,0.9824561403508771,114,0
xception,2024,Face2Face,683_607,1,jpeg_sev2,jpeg,2,0.893244760797212,0.8947368421052632,0.8947368421052632,0.548872129590372,0.6029418333978529,0.548872129590372,0.47277920434074444,0.3524724809361145,0.20714335141681678,0.3524724809361145,0.3942790491067707,0.5320938499573902,0.6228070175438597,15.672986565974721,-0.07368047867101012,-0.07368047867101012,0.5079034339685581,0.021569047319261615,0.9737841824082245,0.8977730564647183,0.8649394056127107,0.8977730564647183,0.9052938647714752,0.9122807017543859,114,0
xception,2024,Face2Face,683_607,1,jpeg_sev3,jpeg,3,0.124259263119791,0.06140350877192982,0.06140350877192982,0.2786858620276511,0.3548308641755102,0.2786858620276511,0.2243684066447378,0.14574404106043506,0.11069492981320163,0.14574404106043506,0.1479167823381825,0.1997724335665406,0.5,16.833971809922602,-0.004954937547281943,-0.004954937547281943,0.11337959847042563,0.08184071079794142,0.2144628198047867,0.09510573901587187,0.06314364401026974,0.09510573901587187,0.16443004429865632,0.07894736842105263,114,0
xception,2024,Face2Face,683_607,1,resize_sev1,resize,1,0.9461259703364289,0.9736842105263158,0.9736842105263158,0.5631192593338191,0.6120661575724914,0.5631192593338191,0.4912701357022136,0.36444015223567017,0.2110251333563595,0.36444015223567017,0.41614890688531747,0.5554539782485118,0.631578947368421,15.635188705042788,-0.04596517816708798,-0.04596517816708798,0.5989050273375031,0.07365135606705092,0.9991044552021474,0.9771296789390993,0.971805605701132,0.9771296789390993,0.9794493019317183,0.9912280701754386,114,0
xception,2024,Face2Face,683_607,1,resize_sev2,resize,2,0.9545858148158642,0.9824561403508771,0.9824561403508771,0.5619371288912669,0.6111099604557132,0.5619371288912669,0.4912911599139892,0.3631147204939549,0.21057398297783764,0.3631147204939549,0.41611981203757364,0.5544948006326211,0.631578947368421,15.6368492277045,-0.03754941426348266,-0.03754941426348266,0.6099856969361243,0.07571240364198094,0.9988824818618225,0.9709915280175944,0.963311233586029,0.9709915280175944,0.9745584826434748,1.0,114,0
xception,2024,Face2Face,683_607,1,resize_sev3,resize,3,0.9432713108365995,0.9736842105263158,0.9736842105263158,0.5632614933130362,0.6138285083261954,0.5632614933130362,0.4907211096072871,0.3640276890323602,0.2117344062872872,0.3640276890323602,0.41450333062955474,0.5528619250956925,0.631578947368421,15.653769175211588,-0.048849314843353454,-0.048849314843353454,0.6189634717363668,0.08689404282261401,0.9947339522713938,0.9454823529209111,0.9325734633758654,0.9454823529209111,0.9514438144455082,0.9736842105263158,114,0
xception,2024,Face2Face,876_891,1,brightening_sev1,brightening,1,0.6644711728975479,0.6756756756756757,0.6756756756756757,0.11579827446400719,0.1443729603746958,0.11579827446400719,0.09993991269652683,0.06309647031389556,0.04678523729620358,0.06309647031389556,0.06865408249283873,0.115709649372392,0.21621621621621623,14.313623067494985,-0.04923471065263287,-0.04923471065263287,0.6130524249110257,0.6200172666549161,0.9899904430294983,0.8426810919808847,0.8488482891633335,0.8426810919808847,0.857503227845072,0.9324324324324325,74,0
xception,2024,Face2Face,876_891,1,brightening_sev2,brightening,2,0.6662291332173187,0.6891891891891891,0.6891891891891891,0.11007454755282951,0.13348565640493743,0.11007454755282951,0.0945675808793486,0.05980127203286767,0.04285726641376391,0.05980127203286767,0.06438464309728353,0.11044317968823339,0.20270270270270271,14.321961067818307,-0.03778014089157049,-0.03778014089157049,0.6077617985240461,0.5916171198997118,0.9762478753268217,0.7661964905046897,0.7772850380149245,0.7661964905046897,0.7779915712251531,0.8918918918918919,74,0
xception,2024,Face2Face,876_891,1,brightening_sev3,brightening,3,0.4271396456500264,0.4189189189189189,0.4189189189189189,0.06405407657341781,0.07509289813117737,0.06405407657341781,0.05930494741740515,0.03125373006513558,0.02242786082951581,0.03125373006513558,0.03648641638893321,0.0640635385717273,0.13513513513513514,14.677254174206707,-0.0803184259283306,-0.0803184259283306,0.38735809297469204,0.36603398579117724,0.8837193215200629,0.5948107135397875,0.5607057348417042,0.5948107135397875,0.634233561558362,0.7567567567567568,74,0
xception,2024,Face2Face,876_891,1,clean,clean,0,0.6302237227319967,0.6351351351351351,0.6351351351351351,0.1094301310426879,0.13854048508187175,0.1094301310426879,0.09528630709458859,0.059281772702705196,0.04514947134817813,0.059281772702705196,0.0650880762384124,0.11265226585279006,0.20270270270270271,14.341070252495843,-0.036884273874346854,-0.036884273874346854,0.5779319913118662,0.6000336758804986,,,,,,,74,0
xception,2024,Face2Face,876_891,1,darkening_sev1,darkening,1,0.6366666399722768,0.6351351351351351,0.6351351351351351,0.11277059800786995,0.13660337148904977,0.11277059800786995,0.10383398761428567,0.06114879409621376,0.04516568798861838,0.06114879409621376,0.07138526536050532,0.1182421310951191,0.17567567567567569,14.364038286982355,-0.03340198973042738,-0.03340198973042738,0.5959880246861045,0.6149524682440568,0.9880416332525686,0.8297169078145032,0.8435685280226791,0.8297169078145032,0.8341287993313063,0.972972972972973,74,0
xception,2024,Face2Face,876_891,1,darkening_sev2,darkening,2,0.7017688305192703,0.7027027027027027,0.7027027027027027,0.1182847975735039,0.14283330241674957,0.1182847975735039,0.1084741589639718,0.06419585502024047,0.047075981775519284,0.06419585502024047,0.07449602740120267,0.12457152201066324,0.20270270270270271,14.403468969705942,0.03509538770477113,0.03509538770477113,0.6573584193176577,0.6747059533577034,0.9635751401485909,0.7229115974594637,0.7498272370581672,0.7229115974594637,0.7325329555983194,0.9054054054054054,74,0
xception,2024,Face2Face,876_891,1,darkening_sev3,darkening,3,0.8507279510030875,0.8648648648648649,0.8648648648648649,0.12352036585631954,0.15758577076854818,0.12352036585631954,0.11856147518507143,0.06681928065915108,0.0524116871026498,0.06681928065915108,0.082014369823372,0.1328295650001443,0.1891891891891892,14.442565299369193,0.04667565765211714,0.04667565765211714,0.777473964772464,0.7736243060884394,0.9184456901269786,0.627756103310326,0.6485005533960858,0.627756103310326,0.6456576829649724,0.7702702702702703,74,0
xception,2024,Face2Face,876_891,1,jpeg_sev1,jpeg,1,0.13253016524312614,0.06756756756756757,0.06756756756756757,0.057778388600101385,0.06649480300825704,0.057778388600101385,0.05085913596529799,0.027077830071869313,0.019027762914096684,0.027077830071869313,0.029881223917306753,0.0531604186395974,0.1891891891891892,14.816479322072622,-0.044457363609753185,-0.044457363609753185,0.12935894925376976,0.12984014756059603,0.6628766123265054,0.33282206272164677,0.2736642372017831,0.33282206272164677,0.43702116941452473,0.43243243243243246,74,0
xception,2024,Face2Face,876_891,1,jpeg_sev2,jpeg,2,0.0014725513303002144,0.0,0.0,0.030363919212373428,0.03177150727487181,0.030363919212373428,0.0288743406897043,0.013287456344399644,0.008634366669233477,0.013287456344399644,0.01583555799489489,0.031866396490776744,0.04054054054054054,15.240190351331556,0.0013654565283177853,0.0013654565283177853,0.001428609081131025,0.0014221395512739874,0.36145521813130044,0.09632561407735866,0.04246612793686647,0.09632561407735866,0.18345511796922268,0.36486486486486486,74,0
xception,2024,Face2Face,876_891,1,jpeg_sev3,jpeg,3,0.0003073957357972024,0.0,0.0,0.015957439507637266,0.019028276720191528,0.015957439507637266,0.01680733816631545,0.006805896012974439,0.005079202268166461,0.006805896012974439,0.00898361626916499,0.025063298822469503,0.12162162162162163,15.15988202997156,0.00024685502516194396,0.00024685502516194396,0.00028673533673807794,0.00028202383504858156,0.34244426976860287,0.08312649408985925,0.04025819799578529,0.08312649408985925,0.1716780511590112,0.36486486486486486,74,0
xception,2024,Face2Face,876_891,1,resize_sev1,resize,1,0.7645845251610955,0.7972972972972973,0.7972972972972973,0.13735925785675326,0.16663736929996598,0.13735925785675326,0.1141200718108062,0.07982335515311367,0.055605168415566716,0.07982335515311367,0.08071825975985952,0.14479727693171243,0.21621621621621623,14.197080973032358,-0.03438929141171878,-0.03438929141171878,0.6284839456910394,0.707390223404808,0.9395849394514549,0.6621594489648553,0.7032706034607613,0.6621594489648553,0.6699902940044791,0.8108108108108109,74,0
xception,2024,Face2Face,876_891,1,resize_sev2,resize,2,0.8203721173308991,0.8783783783783784,0.8783783783783784,0.13155748951733612,0.16869558875407384,0.13155748951733612,0.11242053611636238,0.07469999118836161,0.05707444994852503,0.07469999118836161,0.07791239624959903,0.14048142365637603,0.1891891891891892,14.360493608423182,-0.04117157677742272,-0.04117157677742272,0.6595014634674314,0.7464844931256831,0.9074568567058326,0.5989616862626373,0.6175044159109278,0.5989616862626373,0.6166603979329844,0.7567567567567568,74,0
xception,2024,Face2Face,876_891,1,resize_sev3,resize,3,0.16915339081724348,0.14864864864864866,0.14864864864864866,0.0428544579365777,0.03419530109444967,0.0428544579365777,0.04942276945392324,0.01940439792302658,0.009483936568384583,0.01940439792302658,0.02898408621909915,0.051320709842525916,0.12162162162162163,14.754641623110384,-0.12142934263809707,-0.12142934263809707,0.08823078475275858,0.11684232400856107,0.5325247656488225,0.24322756529530395,0.13158651322746773,0.24322756529530395,0.3414486184607176,0.5135135135135135,74,0
xception,2024,Face2Face,891_876,1,brightening_sev1,brightening,1,0.9597234901370881,0.9493670886075949,0.9493670886075949,0.2599083502077961,0.2857528806669735,0.2599083502077961,0.2228081076654419,0.16298620134401703,0.09816183512438494,0.16298620134401703,0.17770504227851197,0.2610201808405661,0.3037974683544304,14.666637625875353,0.0011234953763741573,0.0011234953763741573,0.7058448497135239,0.40035853174196767,0.9963518286026941,0.9498054749479116,0.9401817738689348,0.9498054749479116,0.9395792340669699,1.0,79,0
xception,2024,Face2Face,891_876,1,brightening_sev2,brightening,2,0.9561814688429048,0.9620253164556962,0.9620253164556962,0.2590460298228232,0.2797768985283009,0.2590460298228232,0.22406224771282487,0.16209304925315884,0.09599165172825588,0.16209304925315884,0.17875095565013516,0.25849229775661053,0.2911392405063291,14.692430544503127,0.004688564169256009,0.004688564169256009,0.6885450838761451,0.28392749758366537,0.9861316238615645,0.901723722657311,0.8829187538224887,0.901723722657311,0.8926376239142695,0.9873417721518988,79,0
xception,2024,Face2Face,891_876,1,brightening_sev3,brightening,3,0.9531511824719513,0.9493670886075949,0.9493670886075949,0.2634713338177737,0.2837812728804253,0.2634713338177737,0.2273503606717942,0.16611637420242742,0.09746300182464526,0.16611637420242742,0.1831564886657522,0.26159010831568524,0.2911392405063291,14.694204487378084,-0.004135455889037876,-0.004135455889037876,0.6609163477934331,0.19523174667000015,0.9758072848315693,0.873573987065823,0.8439428519913483,0.873573987065823,0.8691636894136824,0.9746835443037974,79,0
xception,2024,Face2Face,891_876,1,clean,clean,0,0.967121240458911,0.9493670886075949,0.9493670886075949,0.26043108529426,0.28310102249148733,0.26043108529426,0.22672638104602688,0.16366536324512465,0.09728499012642887,0.16366536324512465,0.18192583201929183,0.26649357941249735,0.3037974683544304,14.64589715305763,0.0028402919444856863,0.0028402919444856863,0.6779880686368369,0.4940002721887601,,,,,,,79,0
xception,2024,Face2Face,891_876,1,darkening_sev1,darkening,1,0.9715398780152767,0.9746835443037974,0.9746835443037974,0.26541836291820065,0.2849543647412281,0.26541836291820065,0.23147557171776628,0.16733321508405066,0.09786869136101582,0.16733321508405066,0.18653220659683986,0.2691483290987856,0.3037974683544304,14.653688442857959,0.01116896826255171,0.01116896826255171,0.6429338900348808,0.5429463033811955,0.9972520942196783,0.9606693120035225,0.9479874051986739,0.9606693120035225,0.9580683330954951,0.9746835443037974,79,0
xception,2024,Face2Face,891_876,1,darkening_sev2,darkening,2,0.9813490811782547,1.0,1.0,0.28076603742581613,0.3057624491081709,0.28076603742581613,0.24458323308093832,0.17673187731728104,0.1046084621737464,0.17673187731728104,0.19719620001544488,0.28055225730550215,0.34177215189873417,14.660731774342212,-0.006594176533855961,-0.006594176533855961,0.6007655130911477,0.5809571244105508,0.9859777282112357,0.9204947597786175,0.906818138104694,0.9204947597786175,0.9175197069006785,0.9493670886075949,79,0
xception,2024,Face2Face,891_876,1,darkening_sev3,darkening,3,0.9925272615650033,1.0,1.0,0.3030501664109058,0.3302825338870506,0.3030501664109058,0.25980154173902237,0.19365021796902612,0.11357964876450191,0.19365021796902612,0.21350088506316706,0.2984378798923898,0.35443037974683544,14.646716347223595,-0.007472730890105037,-0.007472730890105037,0.4927358455673049,0.5728721471526955,0.9599955792939143,0.877557371714251,0.8623552095212578,0.877557371714251,0.8749342700769654,0.9493670886075949,79,0
xception,2024,Face2Face,891_876,1,jpeg_sev1,jpeg,1,0.9362118778915345,0.9493670886075949,0.9493670886075949,0.24042267432191752,0.26876721259218184,0.24042267432191752,0.2060917413465006,0.14732291649848195,0.09222564847514159,0.14732291649848195,0.15972244686843226,0.24329562140314487,0.2911392405063291,14.62520397765727,-0.006003573973061898,-0.006003573973061898,0.730247409000427,0.5315134754121492,0.9648615721724795,0.8761545661709417,0.8549473980794277,0.8761545661709417,0.8624173444845031,0.9746835443037974,79,0
xception,2024,Face2Face,891_876,1,jpeg_sev2,jpeg,2,0.3173132367974406,0.27848101265822783,0.27848101265822783,0.06477034316731656,0.06728847035303422,0.06477034316731656,0.06528889566727715,0.03366143722716214,0.021521456127379213,0.03366143722716214,0.04299332893976073,0.0880058191528051,0.08860759493670886,15.71209629879722,0.02541963565454351,0.02541963565454351,0.2915886538397945,0.24954067525170928,0.3289022116499289,0.18328797984582856,0.16101261799601574,0.18328797984582856,0.21378866693957593,0.3291139240506329,79,0
xception,2024,Face2Face,891_876,1,jpeg_sev3,jpeg,3,0.002000283250029599,0.0,0.0,0.0016042610711270227,0.0002690786211246494,0.0016042610711270227,0.003196804676618849,0.0006344491628237773,6.71547699177148e-05,0.0006344491628237773,0.0016126154725008318,0.021130904529077784,0.0,15.974128421348862,0.0010873978228832341,0.0010873978228832341,0.0016975482052127672,0.001548751873099357,0.06829395662495778,0.008916109313716461,0.004892605744337514,0.008916109313716461,0.02944048699247051,0.05063291139240506,79,0
xception,2024,Face2Face,891_876,1,resize_sev1,resize,1,0.9656444278698934,0.9620253164556962,0.9620253164556962,0.2662680392404444,0.29022432624904587,0.2662680392404444,0.2299764783057247,0.16748283110521986,0.09958172235095335,0.16748283110521986,0.18501876998785094,0.2685713156211962,0.31645569620253167,14.624749231942092,-0.0008019501272636086,-0.0008019501272636086,0.6875656288635882,0.6069528992417492,0.9977527233347253,0.9575765212836403,0.939326011741156,0.9575765212836403,0.9570608358420285,0.9873417721518988,79,0
xception,2024,Face2Face,891_876,1,resize_sev2,resize,2,0.9656378208081934,0.9620253164556962,0.9620253164556962,0.26530261394381927,0.289608924928961,0.26530261394381927,0.2289045805927308,0.16667338076593002,0.09941485826874716,0.16667338076593002,0.18354176276019732,0.26777707999645545,0.3037974683544304,14.6247838418695,-0.006669067883793303,-0.006669067883793303,0.6712250932107998,0.6356431211851821,0.9949857458278343,0.9425855819321663,0.922509489327507,0.9425855819321663,0.9403694504311422,0.9873417721518988,79,0
xception,2024,Face2Face,891_876,1,resize_sev3,resize,3,0.915254126397209,0.9367088607594937,0.9367088607594937,0.22405428511048792,0.2410862574394656,0.22405428511048792,0.19672831996240775,0.13854307668717095,0.08184528533880053,0.13854307668717095,0.1536513805967841,0.2358132277469626,0.26582278481012656,14.68129306503489,-0.003138178393621959,-0.003138178393621959,0.6892761712469444,0.674694542655179,0.9294397788030914,0.8153077077469628,0.7761993052045382,0.8153077077469628,0.7945184269021652,0.9873417721518988,79,0
xception,2024,FaceSwap,033_097,1,brightening_sev1,brightening,1,0.24938172633216402,0.21666666666666667,0.21666666666666667,0.09531816983158108,0.0855283320699969,0.09531816983158108,0.09361298242858511,0.06271079699153038,0.03731956043301153,0.06271079699153038,0.07344705078614562,0.0801569747925372,0.016666666666666666,12.62331091562907,-0.09511931651504708,-0.09511931651504708,0.20966467470425412,0.19990232470154293,0.8056755295218286,0.5274266063663472,0.41097394519602204,0.5274266063663472,0.563253613970515,0.4583333333333333,120,0
xception,2024,FaceSwap,033_097,1,brightening_sev2,brightening,2,0.08967741803207896,0.041666666666666664,0.041666666666666664,0.09308562275742052,0.08725584880101551,0.09308562275742052,0.0881146083674815,0.06092910282650596,0.03804789270660139,0.06092910282650596,0.06820781339639774,0.0733308425415469,0.025,12.767669081687927,-0.19399351213263188,-0.19399351213263188,0.06827543679682999,0.061384463333039666,0.7080737509739945,0.4739829263891935,0.3678350252946973,0.4739829263891935,0.5022881116399854,0.2833333333333333,120,0
xception,2024,FaceSwap,033_097,1,brightening_sev3,brightening,3,0.0687395884621461,0.016666666666666666,0.016666666666666666,0.08268149572199787,0.07874358432266751,0.08268149572199787,0.0821571214386151,0.05330604970171928,0.03405642845870627,0.05330604970171928,0.0629014297335161,0.06796161219053873,0.03333333333333333,12.852779324849447,-0.12211071201163574,-0.12211071201163574,0.05061383910457754,0.04385018193667441,0.690632802188573,0.4992440705630914,0.40622774316913457,0.4992440705630914,0.5089702461636584,0.25833333333333336,120,0
xception,2024,FaceSwap,033_097,1,clean,clean,0,0.7268124292604625,0.7583333333333333,0.7583333333333333,0.08169521602432732,0.07332652998825351,0.08169521602432732,0.08867903214206253,0.053441228375481716,0.03207939310976733,0.053441228375481716,0.06926101843784545,0.08530954585966688,0.016666666666666666,12.48727830251058,0.13067103302261482,0.13067103302261482,0.6281755140701232,0.6018747729132883,,,,,,,120,0
xception,2024,FaceSwap,033_097,1,darkening_sev1,darkening,1,0.7792290846351534,0.8083333333333333,0.8083333333333333,0.08724291572630741,0.0847814879090134,0.08724291572630741,0.09007916206254397,0.05759366839984175,0.037670687156759135,0.05759366839984175,0.07051938885612073,0.09041027234255625,0.03333333333333333,12.399240509668987,0.11131144655713192,0.11131144655713192,0.6753480465175623,0.6676911564019974,0.9801350552573834,0.8286321491381354,0.7931839452673787,0.8286321491381354,0.8411990985324534,0.9333333333333333,120,0
xception,2024,FaceSwap,033_097,1,darkening_sev2,darkening,2,0.8800046047816674,0.8833333333333333,0.8833333333333333,0.11056139340977889,0.10828119925479805,0.11056139340977889,0.10139786695739472,0.0754241359830384,0.048846316773593405,0.0754241359830384,0.08087803847005433,0.10819106375975968,0.025,12.09634772936503,0.05710610323585572,0.05710610323585572,0.75456716150123,0.7583858788964183,0.8589200731832695,0.5986586585612652,0.565138930169682,0.5986586585612652,0.6308502396920209,0.875,120,0
xception,2024,FaceSwap,033_097,1,darkening_sev3,darkening,3,0.9778514191508293,0.9833333333333333,0.9833333333333333,0.13353610297219776,0.1331832431685431,0.13353610297219776,0.1137804780124836,0.0934862325204688,0.061071866972545616,0.0934862325204688,0.09245445125957,0.1256218103513411,0.025,11.704964264233906,0.042104121375208116,0.042104121375208116,0.8358407355030067,0.8399282286486899,0.6341326501457688,0.38606552576681624,0.3716988654917333,0.38606552576681624,0.40559788729073504,0.775,120,0
xception,2024,FaceSwap,033_097,1,jpeg_sev1,jpeg,1,0.2492425725155044,0.18333333333333332,0.18333333333333332,0.06861591479542432,0.05562890020994907,0.06861591479542432,0.0785582827077428,0.04335491325751577,0.023483835054436002,0.04335491325751577,0.059953488221742984,0.07046844494587505,0.0,12.660238925615946,0.07093013870956687,0.07093013870956687,0.2097480410802139,0.20030509166341892,0.7622967619893406,0.5587943255318318,0.4906927287505292,0.5587943255318318,0.569833596314139,0.425,120,0
xception,2024,FaceSwap,033_097,1,jpeg_sev2,jpeg,2,0.009439726214623028,0.0,0.0,0.07055695906845462,0.06224431075557491,0.07055695906845462,0.07638734943641826,0.04474593906894569,0.02664945569647147,0.04474593906894569,0.05791365517297798,0.06449127754426126,0.0,12.798788380622863,0.0037754257005265623,0.0037754257005265623,0.007622130298235128,0.007791340663910234,0.6593778729725378,0.4848085919126864,0.39094832585511174,0.4848085919126864,0.5039036125162949,0.24166666666666667,120,0
xception,2024,FaceSwap,033_097,1,jpeg_sev3,jpeg,3,0.0011956210724746975,0.0,0.0,0.10014698423348961,0.1251165374230459,0.10014698423348961,0.0833124145782582,0.06638436223341705,0.05773135574345123,0.06638436223341705,0.06394937152784669,0.06585222339006701,0.18333333333333332,12.938897307713827,0.0008206361804392243,0.0008206361804392243,0.0009259864305021879,0.0009774228182019367,0.6009970840986009,0.2847666298644914,0.19663581106988814,0.2847666298644914,0.3639680649409873,0.24166666666666667,120,0
xception,2024,FaceSwap,033_097,1,resize_sev1,resize,1,0.9951372285683949,1.0,1.0,0.13624479166434,0.13317883533045885,0.13624479166434,0.11291743779740246,0.09573751024384265,0.06102599670658855,0.09573751024384265,0.09170657833306207,0.12459702866471174,0.03333333333333333,11.724023755391439,0.032218666747212424,0.032218666747212424,0.8052267011255025,0.800446886010468,0.591620906043852,0.34958826739737775,0.3381857705545173,0.34958826739737775,0.3639915930747252,0.7583333333333333,120,0
xception,2024,FaceSwap,033_097,1,resize_sev2,resize,2,0.8876088111506154,0.9083333333333333,0.9083333333333333,0.11605527018824684,0.10958501070883996,0.11605527018824684,0.10393831262699633,0.07978098773875705,0.04942251203984416,0.07978098773875705,0.0832130816438055,0.10940456197863155,0.016666666666666666,12.08996639251709,0.08032304335696003,0.08032304335696003,0.7180297898312953,0.7149047997702535,0.6987550549688771,0.42506043592320886,0.3787701446995161,0.42506043592320886,0.45393047980021684,0.8166666666666667,120,0
xception,2024,FaceSwap,033_097,1,resize_sev3,resize,3,0.7905542431088786,0.8166666666666667,0.8166666666666667,0.10803420756739289,0.1023601760810086,0.10803420756739289,0.10361229575777262,0.073382508914169,0.04590118837764924,0.073382508914169,0.08308494933965246,0.10226443140629747,0.016666666666666666,12.236540007591248,-0.09420843052988248,-0.09420843052988248,0.4989828540633122,0.5071633704937994,0.7328350072477662,0.47354386121324266,0.4205612581588909,0.47354386121324266,0.4851502992525662,0.775,120,0
xception,2024,FaceSwap,097_033,1,brightening_sev1,brightening,1,0.9447283629948894,0.9666666666666667,0.9666666666666667,0.07848933944488841,0.09401029660933827,0.07848933944488841,0.06739289297091032,0.05774707412751216,0.04891402276606745,0.05774707412751216,0.05696379617915452,0.07839928373325106,0.16666666666666666,11.813365681966145,0.03320343396626416,0.03320343396626416,0.8093862671859824,0.7605025992699666,0.9297966375808379,0.8379300713505874,0.8035692844416851,0.8379300713505874,0.8468086803826335,0.9666666666666667,120,0
xception,2024,FaceSwap,097_033,1,brightening_sev2,brightening,2,0.8163089320684472,0.85,0.85,0.08394221648763893,0.09894607305412897,0.08394221648763893,0.07141470398522182,0.06268607669755749,0.05191709243846952,0.06268607669755749,0.06095051180126256,0.07698627208052326,0.13333333333333333,12.06681470076243,0.06564647144793226,0.06564647144793226,0.7270179984500525,0.6883469776061247,0.7729187544848151,0.632257823331749,0.5993440023920708,0.632257823331749,0.6470881171425618,0.85,120,0
xception,2024,FaceSwap,097_033,1,brightening_sev3,brightening,3,0.48960254942066966,0.4666666666666667,0.4666666666666667,0.08696122699485383,0.10683614250073778,0.08696122699485383,0.07006124128951692,0.06528335660941434,0.056924862772842394,0.06528335660941434,0.059333509797975165,0.06738105224266992,0.11666666666666667,12.59441888332367,0.014345283585134896,0.014345283585134896,0.4511143528793885,0.42604566467877397,0.42777676175880525,0.27886674156924696,0.2632696555352422,0.27886674156924696,0.3113501407928187,0.4666666666666667,120,0
xception,2024,FaceSwap,097_033,1,clean,clean,0,0.9942705805102984,1.0,1.0,0.07599590571033005,0.09271145737863208,0.07599590571033005,0.06162910335512659,0.0554296416934678,0.04798564141173738,0.0554296416934678,0.05091581795337048,0.0784875547090093,0.16666666666666666,11.689196904500326,-0.004531852900981885,-0.004531852900981885,0.8241027806128841,0.7844643382666011,,,,,,,120,0
xception,2024,FaceSwap,097_033,1,darkening_sev1,darkening,1,0.9962030738592148,1.0,1.0,0.07587277871000968,0.09109269691179808,0.07587277871000968,0.061727390865101615,0.05534526092422145,0.04689268328337876,0.05534526092422145,0.05112218342962637,0.07812027429988007,0.18333333333333332,11.701736450195312,0.007074333727359783,0.007074333727359783,0.8226468432146551,0.7890865117893554,0.9947332924598036,0.9574894015722657,0.9376971358701175,0.9574894015722657,0.965100655134638,1.0,120,0
xception,2024,FaceSwap,097_033,1,darkening_sev2,darkening,2,0.998907192548116,1.0,1.0,0.07530704008549538,0.09005843334984487,0.07530704008549538,0.06059902453808973,0.05479646568127751,0.04628996009580588,0.05479646568127751,0.04985772243713253,0.07728419644260431,0.175,11.684616112709046,-0.0004725679755210825,-0.0004725679755210825,0.8098061390221118,0.7885766527305047,0.9859509990374027,0.9224658301396347,0.9095111563780752,0.9224658301396347,0.9341939375332212,1.0,120,0
xception,2024,FaceSwap,097_033,1,darkening_sev3,darkening,3,0.999918827911218,1.0,1.0,0.07663607444543435,0.09121118187257302,0.07663607444543435,0.06535214916498171,0.05597212334313618,0.046998603425155154,0.05597212334313618,0.05452260220950541,0.07844219861371447,0.15833333333333333,11.759436472256978,-7.828076680501106e-05,-7.828076680501106e-05,0.8079615574950973,0.7637147250274817,0.9812275665380052,0.8893003720629846,0.8747451110044616,0.8893003720629846,0.8936842039256363,1.0,120,0
xception,2024,FaceSwap,097_033,1,jpeg_sev1,jpeg,1,0.6165686048722515,0.5916666666666667,0.5916666666666667,0.08121565270417642,0.10004035817069218,0.08121565270417642,0.06867705658104374,0.06017623615161462,0.052421613726053584,0.06017623615161462,0.05804609438486395,0.07141422667496457,0.09166666666666666,12.424625738461812,0.07278707820611698,0.07278707820611698,0.5479555089266797,0.5164800115065494,0.5414397294184028,0.4026308638173665,0.38267508888144636,0.4026308638173665,0.41948976160852464,0.5916666666666667,120,0
xception,2024,FaceSwap,097_033,1,jpeg_sev2,jpeg,2,0.01966735391955197,0.0,0.0,0.07591635443500845,0.09084131187360024,0.07591635443500845,0.062247477702724326,0.05550944805733675,0.046914158971501516,0.05550944805733675,0.051480683452986876,0.048199049855448754,0.025,13.103895123799642,0.009952066655023326,0.009952066655023326,0.017300539229290684,0.016619770701254262,0.057253565266703124,0.014014421555439811,0.007084115056800228,0.014014421555439811,0.027982602809684023,0.0,120,0
xception,2024,FaceSwap,097_033,1,jpeg_sev3,jpeg,3,0.0033233777915786756,0.0,0.0,0.05201835760502169,0.05426190794350151,0.05201835760502169,0.05146395408259921,0.036181051640548266,0.026656792509167013,0.036181051640548266,0.041466815487890954,0.040633674268955255,0.03333333333333333,13.158629671732585,0.0025966440265619444,0.0025966440265619444,0.00266020036833647,0.0026351522064941924,0.04923968669831279,0.007546683407676604,0.004586503939899208,0.007546683407676604,0.016948575061161597,0.0,120,0
xception,2024,FaceSwap,097_033,1,resize_sev1,resize,1,0.9999910021821657,1.0,1.0,0.07747348094805435,0.09120591539520369,0.07747348094805435,0.06805963424680549,0.05671851192458536,0.046988860952586184,0.05671851192458536,0.05725598503961915,0.07954989064873469,0.15833333333333333,11.74397226969401,-8.899470170337162e-06,-8.899470170337162e-06,0.7816210553050041,0.8052392498900492,0.9791839796893402,0.8774193532526693,0.8543708405317628,0.8774193532526693,0.8823726595747831,1.0,120,0
xception,2024,FaceSwap,097_033,1,resize_sev2,resize,2,0.9927459781368574,1.0,1.0,0.07731295580095904,0.08538145761272646,0.07731295580095904,0.0768689732771976,0.0566972735431752,0.043782897904565715,0.0566972735431752,0.06657367605532535,0.0790115761790279,0.14166666666666666,12.121282227834065,0.017759488647182787,0.017759488647182787,0.7578998900018632,0.80368085221077,0.9255866496060878,0.7576431424730917,0.7630231682610733,0.7576431424730917,0.7008367713560925,1.0,120,0
xception,2024,FaceSwap,097_033,1,resize_sev3,resize,3,0.6793293634584795,0.6666666666666666,0.6666666666666666,0.07688572135066604,0.07279014173642194,0.07688572135066604,0.0767346672604637,0.05691409136913778,0.03668911305685089,0.05691409136913778,0.06668424708941716,0.0706083084862827,0.06666666666666667,12.568393015861512,-0.24314682078547775,-0.24314682078547775,0.23047682537386815,0.24413869109315176,0.47289273613734056,0.2607420917321834,0.26154488950159355,0.2607420917321834,0.2649096177874039,0.6666666666666666,120,0
xception,2024,FaceSwap,360_437,1,brightening_sev1,brightening,1,0.9975928295518934,1.0,1.0,0.33501084795660485,0.35895399318911714,0.33501084795660485,0.28676539464126743,0.21232300271645063,0.12819602713158718,0.21232300271645063,0.2291318447191264,0.331289028135722,0.24742268041237114,15.577404385989475,-0.002407105313133932,-0.002407105313133932,0.7472363652027759,0.23682170315194373,0.9960494262125089,0.9438271666489497,0.9260192081822713,0.9438271666489497,0.9550369626502646,0.9896907216494846,97,0
xception,2024,FaceSwap,360_437,1,brightening_sev2,brightening,2,0.9605326376010462,0.9896907216494846,0.9896907216494846,0.3027423290738991,0.32976138720694564,0.3027423290738991,0.26266580442213133,0.18654266421896248,0.11591373674440404,0.18654266421896248,0.2040282222153961,0.3029819684412273,0.1958762886597938,15.633139983894898,-0.03577378300047408,-0.03577378300047408,0.7013263841418876,0.20904655314828313,0.9588607030817451,0.8327478202030304,0.8192511792368872,0.8327478202030304,0.8441184788137822,0.979381443298969,97,0
xception,2024,FaceSwap,360_437,1,brightening_sev3,brightening,3,0.2028458435280421,0.09278350515463918,0.09278350515463918,0.0505526082298878,0.0337736051897164,0.0505526082298878,0.06772472165926052,0.0237375391824455,0.009667569678452202,0.0237375391824455,0.040148113285390544,0.08246075596116018,0.0,17.15697380931107,-0.030875387476737997,-0.030875387476737997,0.15655156610936843,0.12425660805719103,0.1499101201697169,0.04387592465400301,0.018819969269612758,0.04387592465400301,0.09058544836498397,0.08247422680412371,97,0
xception,2024,FaceSwap,360_437,1,clean,clean,0,0.9916675130731052,0.9896907216494846,0.9896907216494846,0.3374987223381215,0.36051348818213197,0.3374987223381215,0.28518484352514084,0.21451002769017374,0.12899676934217338,0.21451002769017374,0.22714991887436178,0.33198655811517325,0.24742268041237114,15.554768110058971,-0.008116801682206758,-0.008116801682206758,0.77070829832984,0.4002603873149636,,,,,,,97,0
xception,2024,FaceSwap,360_437,1,darkening_sev1,darkening,1,0.9885084993138755,0.9896907216494846,0.9896907216494846,0.33914899851030217,0.36091392292454105,0.33914899851030217,0.28362318205729314,0.2159396333924512,0.12913357861532715,0.2159396333924512,0.22519976549412088,0.3324927485901533,0.26804123711340205,15.536834107231847,-0.005209180036770915,-0.005209180036770915,0.7796019962844775,0.558380727377749,0.996588263402463,0.9496713150635742,0.9381813193320082,0.9496713150635742,0.9606723380319616,1.0,97,0
xception,2024,FaceSwap,360_437,1,darkening_sev2,darkening,2,0.9890338056480762,0.9896907216494846,0.9896907216494846,0.3401139906079112,0.3605925603287795,0.3401139906079112,0.28067846903605,0.2167479076067583,0.1289727145403904,0.2167479076067583,0.22171519128567424,0.33083382857162225,0.2268041237113402,15.541599086879454,-0.0009094259519245057,-0.0009094259519245057,0.7668477318336054,0.5949466880986986,0.9883932445543,0.9095913305812652,0.8869829962947986,0.9095913305812652,0.9310158687886676,1.0,97,0
xception,2024,FaceSwap,360_437,1,darkening_sev3,darkening,3,0.9937565950388761,0.9896907216494846,0.9896907216494846,0.34203433132910943,0.3614727864268951,0.34203433132910943,0.2827187893880657,0.21853698309717942,0.1294150236013032,0.21853698309717942,0.22403853099623106,0.32976983143030225,0.26804123711340205,15.59246273630673,-0.003387576833213717,-0.003387576833213717,0.7236371140197381,0.5313060432672501,0.985365341276733,0.8924461234856341,0.8632822788573751,0.8924461234856341,0.9189424447019157,1.0,97,0
xception,2024,FaceSwap,360_437,1,jpeg_sev1,jpeg,1,0.9713020810146922,0.9896907216494846,0.9896907216494846,0.3206150923206297,0.347462370722432,0.3206150923206297,0.27551629113224935,0.2008447176066827,0.12334217334996013,0.2008447176066827,0.21713351319020344,0.3198045866647901,0.21649484536082475,15.546010449989554,-0.028258578678996248,-0.028258578678996248,0.7987994164439667,0.43575298115995126,0.9853537188961834,0.9066385939408375,0.8893420449275005,0.9066385939408375,0.9134438269363802,1.0,97,0
xception,2024,FaceSwap,360_437,1,jpeg_sev2,jpeg,2,0.4746587676255359,0.44329896907216493,0.44329896907216493,0.14055303972612065,0.15039926682926905,0.14055303972612065,0.13039973864660165,0.08144976486152268,0.05100823711418339,0.08144976486152268,0.09278783704463715,0.16018791213338957,0.1134020618556701,16.373417667506896,-0.21709707890128352,-0.21709707890128352,0.40223565039623377,0.2652065450596844,0.5694590226321473,0.3850029361428169,0.36940680132337067,0.3850029361428169,0.40610058905220614,0.4329896907216495,97,0
xception,2024,FaceSwap,360_437,1,jpeg_sev3,jpeg,3,0.006318801781162572,0.0,0.0,0.05272648912457133,0.039444028158314104,0.05272648912457133,0.06024026352405547,0.024602286557179998,0.011621987585357903,0.024602286557179998,0.035161436281491945,0.06633103572462958,0.08247422680412371,17.094562097923042,0.0034821086389746664,0.0034821086389746664,0.006081311699716947,0.005303462095736814,0.028911057015859536,0.00030752311709039676,0.0,0.00030752311709039676,0.012282411164342779,0.010309278350515464,97,0
xception,2024,FaceSwap,360_437,1,resize_sev1,resize,1,0.9841769121049606,0.9896907216494846,0.9896907216494846,0.33705652804002195,0.3598358890423665,0.33705652804002195,0.283174927875867,0.21405002026280456,0.1286630946887121,0.21405002026280456,0.22467841509031308,0.33085278258705936,0.24742268041237114,15.550157232382864,-0.006288484814240745,-0.006288484814240745,0.7749898330951782,0.4980143378248688,0.9966457174742841,0.9615573155749624,0.9540356079918909,0.9615573155749624,0.965451817992278,1.0,97,0
xception,2024,FaceSwap,360_437,1,resize_sev2,resize,2,0.9851254593465746,0.9896907216494846,0.9896907216494846,0.33684502788115067,0.3577641711338032,0.33684502788115067,0.2806658071710934,0.21382029715889708,0.1276686937585669,0.21382029715889708,0.22174599131812367,0.3283994917353124,0.24742268041237114,15.55403773317632,-0.00482453338648239,-0.00482453338648239,0.7695104572537941,0.5324741627963394,0.9921113128239362,0.9289543782505508,0.9143824346906857,0.9289543782505508,0.9372119874323384,1.0,97,0
xception,2024,FaceSwap,360_437,1,resize_sev3,resize,3,0.9487234572159875,0.9381443298969072,0.9381443298969072,0.3333883261592381,0.35245006625448183,0.3333883261592381,0.2769769753060758,0.21078995313209578,0.12506027624214008,0.21078995313209578,0.21800412476394176,0.32210440205241714,0.1958762886597938,15.553127259323277,-0.04139794824049641,-0.04139794824049641,0.7306130508479384,0.5915399496587589,0.9739082942745134,0.8516861160171775,0.8332019754484544,0.8516861160171775,0.864905849610024,0.9484536082474226,97,0
xception,2024,FaceSwap,435_456,1,brightening_sev1,brightening,1,0.9470346185590038,0.957983193277311,0.957983193277311,0.008656799584709277,0.012276029747945602,0.008656799584709277,0.009042796110028839,0.007688720399389312,0.009688737527621468,0.007688720399389312,0.00839121090824138,0.00927135808142116,0.025210084033613446,12.790140873243828,-0.028136988587192217,-0.028136988587192217,0.8188983308686484,0.6011183904674678,0.9895169049768252,0.9162932579966929,0.884807035000121,0.9162932579966929,0.9298865094411829,0.9831932773109243,119,0
xception,2024,FaceSwap,435_456,1,brightening_sev2,brightening,2,0.9711750307503868,0.9747899159663865,0.9747899159663865,0.007048091617590449,0.010895773745468355,0.007048091617590449,0.008723976792714446,0.006136582551056905,0.008393702865068126,0.006136582551056905,0.008004289085499716,0.008796944837467272,0.01680672268907563,12.769649369376046,-0.01981464241232187,-0.01981464241232187,0.8496206393543663,0.5504287436307103,0.9728824211664074,0.8728130767324409,0.8112109040637658,0.8728130767324409,0.898055744490048,0.9663865546218487,119,0
xception,2024,FaceSwap,435_456,1,brightening_sev3,brightening,3,0.9146768801352557,0.9327731092436975,0.9327731092436975,0.00879382149454791,0.01203201738844105,0.00879382149454791,0.010625255448041666,0.0077992739765382875,0.009244323486054385,0.0077992739765382875,0.009897354371270572,0.009810011175756797,0.025210084033613446,12.878759440253763,-0.06082572508407675,-0.06082572508407675,0.8026806620563999,0.48593753379448745,0.964092055693994,0.8430449721261886,0.7652350586555474,0.8430449721261886,0.8791060731071466,0.957983193277311,119,0
xception,2024,FaceSwap,435_456,1,clean,clean,0,0.9397021791263789,0.957983193277311,0.957983193277311,0.010385041270890134,0.0165752809529731,0.010385041270890134,0.009700428672319735,0.009479409151086976,0.013827050296603425,0.009479409151086976,0.009105518691691992,0.010485356617960365,0.03361344537815126,12.807887197542591,-0.025181107356079955,-0.025181107356079955,0.7760962622803675,0.6122147116590949,,,,,,,119,0
xception,2024,FaceSwap,435_456,1,darkening_sev1,darkening,1,0.9462546518369883,0.9663865546218487,0.9663865546218487,0.009608651060522019,0.01184502585306698,0.009608651060522019,0.010009917908118319,0.008610282538597337,0.009297243530712882,0.008610282538597337,0.009413605403901118,0.009794044819915287,0.025210084033613446,12.798885265318285,-0.022094864022581477,-0.022094864022581477,0.7609326848055885,0.614371509173838,0.983320300182417,0.9142424701642228,0.9012509479809724,0.9142424701642228,0.9201057706693024,0.957983193277311,119,0
xception,2024,FaceSwap,435_456,1,darkening_sev2,darkening,2,0.9526515848496381,0.9747899159663865,0.9747899159663865,0.010021232951610618,0.012945216762993735,0.010021232951610618,0.009946039127008111,0.009089172328622875,0.010228401603887171,0.009089172328622875,0.009363483886092887,0.010100541234442694,0.01680672268907563,12.83831651671594,-0.025503388347745903,-0.025503388347745903,0.7525777337493516,0.6137234607414037,0.9648893770248888,0.8700132889325449,0.8419884749906925,0.8700132889325449,0.8784879508998941,0.9495798319327731,119,0
xception,2024,FaceSwap,435_456,1,darkening_sev3,darkening,3,0.9862100557118905,0.9915966386554622,0.9915966386554622,0.00685615552827702,0.009271605376243143,0.00685615552827702,0.007751732312897951,0.005986406580270679,0.006959991872790544,0.005986406580270679,0.0071568473094957554,0.007871926714023224,0.008403361344537815,12.797336770706817,-0.006478806378460697,-0.006478806378460697,0.7584212953303041,0.5491609168278069,0.9577079961343604,0.8583151111316948,0.8170998561306346,0.8583151111316948,0.8749046110179252,0.9495798319327731,119,0
xception,2024,FaceSwap,435_456,1,jpeg_sev1,jpeg,1,0.4354154488713551,0.3865546218487395,0.3865546218487395,0.025719129762910027,0.031924227524658934,0.025719129762910027,0.021220448836436482,0.024292978618408127,0.026544945909226726,0.024292978618408127,0.020556986464123628,0.01690734130364898,0.058823529411764705,13.604492580189424,0.01018613550524391,0.01018613550524391,0.40103037232186295,0.34017078669195383,0.5042480842224863,0.36595375274791375,0.3340641573589612,0.36595375274791375,0.4092810308056092,0.42857142857142855,119,0
xception,2024,FaceSwap,435_456,1,jpeg_sev2,jpeg,2,0.008589404990980662,0.0,0.0,0.03414870038535423,0.030433726468682025,0.03414870038535423,0.029685296366850255,0.03229451650504077,0.025186978701763556,0.03229451650504077,0.029096846784794076,0.01844432691158372,0.01680672268907563,14.33021071778626,0.007578756932887942,0.007578756932887942,0.008186454464429614,0.008054312536918566,0.07427656863288046,0.015657110278564663,0.007252421609077428,0.015657110278564663,0.043546580909223545,0.04201680672268908,119,0
xception,2024,FaceSwap,435_456,1,jpeg_sev3,jpeg,3,0.0007085782920152725,0.0,0.0,0.025528489487665954,0.02308710914857466,0.025528489487665954,0.023175732701001293,0.023184527747872073,0.018125238871843197,0.023184527747872073,0.02212576313473253,0.016929013454828938,0.04201680672268908,14.3310638155256,0.0005192211382555881,0.0005192211382555881,0.0006318429945044984,0.0006193316058677674,0.061921050463110874,0.010678312839287007,0.003967088730794651,0.010678312839287007,0.023589068626411223,0.04201680672268908,119,0
xception,2024,FaceSwap,435_456,1,resize_sev1,resize,1,0.9881596324824485,0.9915966386554622,0.9915966386554622,0.007158427934888445,0.00858006641152009,0.007158427934888445,0.007700014118026355,0.006242065088754864,0.006358883803779339,0.006242065088754864,0.007107510833879596,0.007866255922624485,0.0,12.790951744848941,-0.004811066539347635,-0.004811066539347635,0.7327930037589634,0.7162210550315741,0.9520051312342397,0.852822807167448,0.8275752892530112,0.852822807167448,0.8567091907584676,0.9495798319327731,119,0
xception,2024,FaceSwap,435_456,1,resize_sev2,resize,2,0.9541220582019883,0.9747899159663865,0.9747899159663865,0.006645369389757501,0.008605010363807808,0.006645369389757501,0.008509748668157327,0.005735436930878645,0.00648117556756597,0.005735436930878645,0.007846176316765577,0.008038161083443521,0.0,12.9711281752386,-0.030828072525122558,-0.030828072525122558,0.7172784741748782,0.7162417504826889,0.8892347546346445,0.7306477950640411,0.716186676682755,0.7306477950640411,0.7284832223490653,0.9327731092436975,119,0
xception,2024,FaceSwap,435_456,1,resize_sev3,resize,3,0.5791983437497451,0.5630252100840336,0.5630252100840336,0.033405323948973414,0.03537531444683781,0.033405323948973414,0.03012307140536653,0.03140943319947134,0.02895873962595029,0.03140943319947134,0.029535668111564658,0.026074701443750587,0.008403361344537815,13.591234808208561,-0.2940350274218857,-0.2940350274218857,0.3012267414151746,0.3303606674904708,0.476758208088371,0.287143913032544,0.312013947367088,0.287143913032544,0.2766670315682658,0.5546218487394958,119,0
xception,2024,FaceSwap,437_360,1,brightening_sev1,brightening,1,0.9901396386402169,1.0,1.0,0.5428701523727167,0.5760841438027827,0.5428701523727167,0.46830535471871315,0.29266642031760254,0.17391736066179614,0.29266642031760254,0.32115720134400333,0.5336270053355129,0.4536082474226804,15.688640161887887,-0.009860361359783024,-0.009860361359783024,0.710393490519413,0.6658740965361448,0.9791654939698456,0.8383291965842276,0.825807664150352,0.8383291965842276,0.8411352315324008,1.0,97,0
xception,2024,FaceSwap,437_360,1,brightening_sev2,brightening,2,0.8183091259033409,0.8762886597938144,0.8762886597938144,0.4445485897736808,0.49133313123914507,0.4445485897736808,0.4077062070141827,0.22830962800639504,0.14553478493937566,0.22830962800639504,0.26869742549668474,0.45169978561334984,0.41237113402061853,15.951436318073076,-0.0993007787877751,-0.0993007787877751,0.5836618176286983,0.4799230343748614,0.815284291389431,0.5793934768676651,0.5847552276247315,0.5793934768676651,0.5733048405173434,0.8762886597938144,97,0
xception,2024,FaceSwap,437_360,1,brightening_sev3,brightening,3,0.7431474014655831,0.8144329896907216,0.8144329896907216,0.43250895055466004,0.47346691553392484,0.43250895055466004,0.39913306896824635,0.22033909393640905,0.13970862774129025,0.22033909393640905,0.2610090538222923,0.44677464400617206,0.41237113402061853,15.936572654960083,-0.13858346472081448,-0.13858346472081448,0.5303554970425429,0.4645680234450655,0.7639740525976598,0.5308420641981554,0.527775677658575,0.5308420641981554,0.5048709419955354,0.8144329896907216,97,0
xception,2024,FaceSwap,437_360,1,clean,clean,0,0.9999017850639894,1.0,1.0,0.5813134605789457,0.5842781822009662,0.5813134605789457,0.5001775945670103,0.32241520860562667,0.17678090574562685,0.32241520860562667,0.3527502071581333,0.5581452201643519,0.4639175257731959,15.699051404736705,-9.821493601061021e-05,-9.821493601061021e-05,0.6899919154256889,0.5825322844932989,,,,,,,97,0
xception,2024,FaceSwap,437_360,1,darkening_sev1,darkening,1,0.9999500851041263,1.0,1.0,0.5822547988759003,0.583619451166587,0.5822547988759003,0.5021091587659068,0.3231508589209596,0.17656685357937313,0.3231508589209596,0.35457638014791876,0.5585182694814966,0.4639175257731959,15.69667988216754,-4.991489587370268e-05,-4.991489587370268e-05,0.6332650176950336,0.5478016609690853,0.9996513958793786,0.98023507304511,0.9758360850365235,0.98023507304511,0.978449034839343,1.0,97,0
xception,2024,FaceSwap,437_360,1,darkening_sev2,darkening,2,0.9999937114027357,1.0,1.0,0.5831902414196837,0.5813584221844602,0.5831902414196837,0.5054986390785684,0.3242124081781397,0.17581762641737791,0.3242124081781397,0.35766318475076336,0.5579180581861845,0.4639175257731959,15.725448824695706,-6.288597264239667e-06,-6.288597264239667e-06,0.535850164355691,0.44812307483756664,0.9985361103851914,0.9609719082050012,0.952871501430118,0.9609719082050012,0.9537148585247797,1.0,97,0
xception,2024,FaceSwap,437_360,1,darkening_sev3,darkening,3,0.9999996546617488,1.0,1.0,0.5876017452879461,0.5790149061142635,0.5876017452879461,0.5122874934152346,0.32820667252013397,0.17503259330935142,0.32820667252013397,0.36413983185468096,0.558158738139716,0.44329896907216493,15.798288089712871,-3.4533825117288176e-07,-3.4533825117288176e-07,0.4145261033908608,0.29590691149849246,0.9945472443833507,0.927055813039131,0.9075463094472701,0.927055813039131,0.91936731813178,1.0,97,0
xception,2024,FaceSwap,437_360,1,jpeg_sev1,jpeg,1,0.9980088300311688,1.0,1.0,0.5737960219304961,0.5836108737084374,0.5737960219304961,0.49248899621165887,0.3163821059473677,0.17654857577757527,0.3163821059473677,0.34497729339288813,0.5541223163802191,0.4536082474226804,15.660605715722152,-0.001991169968831149,-0.001991169968831149,0.7448411167589659,0.6506760360807488,0.9973562195589687,0.9443871095881432,0.9382029932106049,0.9443871095881432,0.9429363610551704,1.0,97,0
xception,2024,FaceSwap,437_360,1,jpeg_sev2,jpeg,2,0.2323781370434948,0.20618556701030927,0.20618556701030927,0.3255569463971646,0.3337038607836372,0.3255569463971646,0.32539330263298966,0.158594420221766,0.09454218717176177,0.158594420221766,0.20482719562004337,0.3215471855930322,0.41237113402061853,16.74880627504329,-0.09034423517260087,-0.09034423517260087,0.21068761704643205,0.198741254407538,0.30422953063251884,0.18052719775081788,0.2134617777176374,0.18052719775081788,0.1865603515055218,0.20618556701030927,97,0
xception,2024,FaceSwap,437_360,1,jpeg_sev3,jpeg,3,0.00020586947500030408,0.0,0.0,0.36841959456814977,0.44353757205548444,0.36841959456814977,0.3256248561344881,0.17860983056504032,0.12811792532427546,0.17860983056504032,0.20129266656700995,0.27616112415709726,0.4845360824742268,17.164016507335546,0.00017335589414004486,0.00017335589414004486,0.00018009952594218572,0.00017602593344074084,0.014538187609126368,0.0,0.0,0.0,0.007194331500340251,0.0,97,0
xception,2024,FaceSwap,437_360,1,resize_sev1,resize,1,0.999854336079863,1.0,1.0,0.5791580463165943,0.5830916045632449,0.5791580463165943,0.4973897207456506,0.3207930057768057,0.1763825198758198,0.3207930057768057,0.3501142114426792,0.5563314004614468,0.4639175257731959,15.690641029593872,-0.0001456639201370621,-0.0001456639201370621,0.7421554185680508,0.6351273915509588,0.9996604226720771,0.9802839989259713,0.9750879541674374,0.9802839989259713,0.9796234546625223,1.0,97,0
xception,2024,FaceSwap,437_360,1,resize_sev2,resize,2,0.9996880962676609,1.0,1.0,0.5776393688661687,0.584241412533265,0.5776393688661687,0.4960365585707456,0.31946648200104444,0.17677161567066987,0.31946648200104444,0.3487171531236253,0.5558801654698025,0.4639175257731959,15.688534697306524,-0.0003119037323391222,-0.0003119037323391222,0.7666172935176141,0.6785188036173889,0.999013539132427,0.9654357265514728,0.9595221789095267,0.9654357265514728,0.9644975890959946,1.0,97,0
xception,2024,FaceSwap,437_360,1,resize_sev3,resize,3,0.9902011727549366,1.0,1.0,0.5630368680590103,0.5840264353817659,0.5630368680590103,0.48817825366058676,0.30826149853694246,0.1766696464511339,0.30826149853694246,0.34120981152623403,0.5474417572297333,0.4536082474226804,15.72225795824503,-0.009798790376210923,-0.009798790376210923,0.7685668188118443,0.7242199878409966,0.9843413676039052,0.8839572403986332,0.8806378632876695,0.8839572403986332,0.8805100535696208,1.0,97,0
xception,2024,FaceSwap,456_435,1,brightening_sev1,brightening,1,0.9871857101175966,0.9915966386554622,0.9915966386554622,0.15451919750966478,0.18726924853830337,0.15451919750966478,0.13141688380388103,0.09896377612882175,0.07217138408503794,0.09896377612882175,0.10379787843085889,0.16210839917739767,0.13445378151260504,12.769465438458099,-0.004560753155280543,-0.004560753155280543,0.9154435503061766,0.809337339485299,0.986006224742386,0.8865407799527384,0.8786870527481125,0.8865407799527384,0.8771190493930863,0.9915966386554622,119,0
xception,2024,FaceSwap,456_435,1,brightening_sev2,brightening,2,0.9600789089914129,0.9747899159663865,0.9747899159663865,0.14311070719771396,0.1776577811045916,0.14311070719771396,0.12337042070305401,0.08941214467442075,0.06737786173634987,0.08941214467442075,0.0954510941052341,0.151108862997131,0.18487394957983194,12.794812699325947,-0.008148039182444548,-0.008148039182444548,0.9016085664175271,0.7586037470262592,0.9510017513778621,0.789732953700505,0.7603285561395263,0.789732953700505,0.7830777460361645,0.9747899159663865,119,0
xception,2024,FaceSwap,456_435,1,brightening_sev3,brightening,3,0.8886222553071605,0.907563025210084,0.907563025210084,0.1248168768585556,0.15391378128691097,0.1248168768585556,0.10841776494457613,0.07511663978069721,0.05679896626807501,0.07511663978069721,0.0805366170352283,0.1267611594733545,0.16806722689075632,12.947355847398773,-0.043257320930735185,-0.043257320930735185,0.8444192642343579,0.6993106640417993,0.8829434207310706,0.6574321072778337,0.6145770344690555,0.6574321072778337,0.6736826268153849,0.907563025210084,119,0
xception,2024,FaceSwap,456_435,1,clean,clean,0,0.9982611867560058,1.0,1.0,0.16177303517809513,0.19362930828710684,0.16177303517809513,0.13689525447885853,0.1052310300055184,0.0751573381920234,0.1052310300055184,0.10977900590743878,0.16792367375420597,0.11764705882352941,12.752312035119834,-0.001738811240476707,-0.001738811240476707,0.8982100166270838,0.7534166790169328,,,,,,,119,0
xception,2024,FaceSwap,456_435,1,darkening_sev1,darkening,1,0.9978110434628334,1.0,1.0,0.15940820359149468,0.19272371611944483,0.15940820359149468,0.13432987207492683,0.10311906764777942,0.07474131426360178,0.10311906764777942,0.10682611589324957,0.165599939149623,0.1092436974789916,12.740133333606881,-0.0021889465195791893,-0.0021889465195791893,0.8951531857479081,0.8344499000755116,0.9955890605457962,0.936712021408973,0.9409433184270619,0.936712021408973,0.9227115646989136,1.0,119,0
xception,2024,FaceSwap,456_435,1,darkening_sev2,darkening,2,0.9984585056785776,1.0,1.0,0.15999454125751575,0.1920749076169144,0.15999454125751575,0.13450868362271157,0.10361296664007344,0.07441080598271481,0.10361296664007344,0.10708453383681715,0.16819836384785158,0.10084033613445378,12.674852611637917,-0.0015384539836594872,-0.0015384539836594872,0.8912806198345262,0.8661249471327462,0.9921979261027725,0.905469722988372,0.9028554312615951,0.905469722988372,0.8962828498189516,1.0,119,0
xception,2024,FaceSwap,456_435,1,darkening_sev3,darkening,3,0.9998443787839232,1.0,1.0,0.16562039131461076,0.1936695462053573,0.16562039131461076,0.13697498487201476,0.10860952194728772,0.07518260450621146,0.10860952194728772,0.10967795454068165,0.171413963110923,0.09243697478991597,12.649203893517246,-0.00015562121607675801,-0.00015562121607675801,0.8268972049553355,0.7771218492641669,0.9881477529677478,0.8837151238587456,0.8750298035959169,0.8837151238587456,0.8729929495347565,1.0,119,0
xception,2024,FaceSwap,456_435,1,jpeg_sev1,jpeg,1,0.9202172339212995,0.9495798319327731,0.9495798319327731,0.14617496092233254,0.1692979309428663,0.14617496092233254,0.12760482446698482,0.09196914619587501,0.0637092542431301,0.09196914619587501,0.09993314708457905,0.1489814304496435,0.13445378151260504,12.937125871161452,0.044494117725593606,0.044494117725593606,0.8679806863201367,0.7796677166080991,0.8943892917031933,0.7446770736127065,0.7283801114500046,0.7446770736127065,0.7424316988158608,0.9495798319327731,119,0
xception,2024,FaceSwap,456_435,1,jpeg_sev2,jpeg,2,0.2508896121032782,0.20168067226890757,0.20168067226890757,0.08485112012914006,0.10376707746382594,0.08485112012914006,0.07013020868399189,0.046983301718793447,0.035853524188612394,0.046983301718793447,0.047719798969317946,0.06699593647940759,0.23529411764705882,13.89875322229722,0.07235579746629195,0.07235579746629195,0.24595538003164358,0.23687517585237988,0.27180124939858363,0.14451709351159037,0.1370403920375093,0.14451709351159037,0.1731726675374477,0.20168067226890757,119,0
xception,2024,FaceSwap,456_435,1,jpeg_sev3,jpeg,3,0.003326025864592619,0.0,0.0,0.06377478056749286,0.09272543405038418,0.06377478056749286,0.04885198048318306,0.03351451016269512,0.03176260376159495,0.03351451016269512,0.030887647940643984,0.0399008046399129,0.15126050420168066,14.197895955638725,0.0025749302884901315,0.0025749302884901315,0.003023381252304889,0.002732493702361696,0.049917712622160194,0.005493792773144997,0.0,0.005493792773144997,0.026674550113153863,0.0,119,0
xception,2024,FaceSwap,456_435,1,resize_sev1,resize,1,0.999968930953691,1.0,1.0,0.16967535366574898,0.19540011735545743,0.16967535366574898,0.13998692606775512,0.11245505941050482,0.07608729911041093,0.11245505941050482,0.11322945066564538,0.1729584222881981,0.10084033613445378,12.701276707048176,-3.1069046309011154e-05,-3.1069046309011154e-05,0.7831554860502732,0.7748408931769243,0.9894744480540216,0.8951414490750771,0.8807519071558404,0.8951414490750771,0.8857812428458702,1.0,119,0
xception,2024,FaceSwap,456_435,1,resize_sev2,resize,2,0.9998956062212712,1.0,1.0,0.1637301081122083,0.1926140356488832,0.1637301081122083,0.1363667618254602,0.10705258151971128,0.07480733038552281,0.10705258151971128,0.10921737678703071,0.16521362687686997,0.09243697478991597,12.775869978576146,-0.00010439377872883561,-0.00010439377872883561,0.7438737965431534,0.762782896328874,0.9827976399769047,0.8646015696124097,0.8425754417037088,0.8646015696124097,0.8563500800673894,1.0,119,0
xception,2024,FaceSwap,456_435,1,resize_sev3,resize,3,0.9971465167879057,1.0,1.0,0.16987179734394653,0.19420310124147241,0.16987179734394653,0.14488128925663843,0.11303379320863984,0.07577480221797389,0.11303379320863984,0.11924765825007233,0.16961288962670287,0.10084033613445378,12.777119179733662,-0.0028357160191575955,-0.0028357160191575955,0.736166592217794,0.7778562888690904,0.9720681795408519,0.8371771188049779,0.8149827212308317,0.8371771188049779,0.8139816253219954,1.0,119,0
xception,2024,FaceSwap,607_683,1,brightening_sev1,brightening,1,0.9997843064759907,1.0,1.0,0.02143470233963487,0.0178148852275577,0.02143470233963487,0.022815568764026625,0.018596119728080035,0.013132693822320829,0.018596119728080035,0.02099645110824555,0.020807262914815907,0.0,15.984187577900133,-0.0002156919554660105,-0.0002156919554660105,0.3829443333180327,0.04756814398263625,0.9986883087382283,0.9598432435024696,0.9390606455489577,0.9598432435024696,0.9670633949213359,1.0,76,0
xception,2024,FaceSwap,607_683,1,brightening_sev2,brightening,2,0.9972583204507828,1.0,1.0,0.02219722457812236,0.016714947827086653,0.02219722457812236,0.02391962428005991,0.019356845220611485,0.012186551318686534,0.019356845220611485,0.022106246418465255,0.0206858042045449,0.0,15.977768396076403,-0.002741654452524667,-0.002741654452524667,0.43642217744337886,0.058489929688604204,0.9901308385702056,0.8855409177383868,0.8454883194672981,0.8855409177383868,0.897216780115904,1.0,76,0
xception,2024,FaceSwap,607_683,1,brightening_sev3,brightening,3,0.9918040852797659,1.0,1.0,0.020948635299036206,0.014791502695966338,0.020948635299036206,0.022071041549664105,0.01814637543982743,0.010704682984421664,0.01814637543982743,0.020240625038777556,0.018579892769837448,0.0,15.920935342186375,-0.008195762571535582,-0.008195762571535582,0.5166100830231842,0.0759202924213911,0.972804107268319,0.8038856405367202,0.7569392305391792,0.8038856405367202,0.819210269387392,1.0,76,0
xception,2024,FaceSwap,607_683,1,clean,clean,0,0.9999766624287555,1.0,1.0,0.021381655313849845,0.01807878720810466,0.021381655313849845,0.022794593241592182,0.018569706149125984,0.013336102662532542,0.018569706149125984,0.02100663400452354,0.020916203775809675,0.0,15.998276810897025,-2.3337571244487653e-05,-2.3337571244487653e-05,0.29002277553081507,0.041640950660956494,,,,,,,76,0
xception,2024,FaceSwap,607_683,1,darkening_sev1,darkening,1,0.9999973272022448,1.0,1.0,0.02113467259196156,0.01815375983117804,0.02113467259196156,0.022600423457826896,0.018335969894452596,0.013381597833744447,0.018335969894452596,0.020807913033388768,0.020803051890604364,0.0,15.998820756611071,-2.672797755191201e-06,-2.672797755191201e-06,0.2834929082738725,0.06820844270681076,0.9988993646532953,0.9614336645067956,0.946381993859542,0.9614336645067956,0.968693578902182,1.0,76,0
xception,2024,FaceSwap,607_683,1,darkening_sev2,darkening,2,0.9999999623549612,1.0,1.0,0.021479959703277277,0.018914764227837264,0.021479959703277277,0.02394192248831097,0.018665021022943037,0.013974397165594706,0.018665021022943037,0.022155039762738426,0.021841196616754675,0.0,16.0538266081559,-3.7645038805509866e-08,-3.7645038805509866e-08,0.22599332897286661,0.05811492785027148,0.9957999690520872,0.9213759781661447,0.8999662784396071,0.9213759781661447,0.9325242659627431,1.0,76,0
xception,2024,FaceSwap,607_683,1,darkening_sev3,darkening,3,0.9999999937258268,1.0,1.0,0.02167925029321059,0.01961881771086195,0.02167925029321059,0.025752726220612466,0.018864965900891914,0.014484331711641377,0.018864965900891914,0.023960188042155266,0.02271943459710789,0.0,16.055735073591535,-6.274173134251644e-09,-6.274173134251644e-09,0.2296982827155213,0.08848278773458376,0.9883757207348309,0.8646882874906491,0.831583482236639,0.8646882874906491,0.8846494390004734,1.0,76,0
xception,2024,FaceSwap,607_683,1,jpeg_sev1,jpeg,1,0.9999237131131323,1.0,1.0,0.021636376565381022,0.018548753518029596,0.021636376565381022,0.02291211826848368,0.018791490800426133,0.013680013813426851,0.018791490800426133,0.021120956461229627,0.021045137822663797,0.0,15.978209696317974,-7.628688686771447e-05,-7.628688686771447e-05,0.32383162685130773,0.04764513357689501,0.998406712672421,0.956857969888218,0.9420520408578202,0.956857969888218,0.9638240126786723,1.0,76,0
xception,2024,FaceSwap,607_683,1,jpeg_sev2,jpeg,2,0.9713453038742668,0.9868421052631579,0.9868421052631579,0.025918994815723167,0.02331088111454798,0.025918994815723167,0.028291134044279454,0.02302921305879149,0.01790111728101994,0.02302921305879149,0.02684600668964296,0.02446769146301876,0.013157894736842105,16.112168437556218,0.0010255438912856272,0.0010255438912856272,0.3778004487731347,0.08908337795812829,0.9432471658570892,0.8227611999880575,0.8051907803862978,0.8227611999880575,0.8329679598073442,0.9868421052631579,76,0
xception,2024,FaceSwap,607_683,1,jpeg_sev3,jpeg,3,0.02866728507950407,0.0,0.0,0.047602295338480066,0.06277469445900379,0.047602295338480066,0.04312670190954917,0.04384882990638132,0.051756579447453065,0.04384882990638132,0.04089031745420777,0.041804968695274565,0.07894736842105263,17.223015860507363,0.026087410206328966,0.026087410206328966,0.02822083526739569,0.027796887130821905,0.07380046121955543,0.0033627551207297845,2.8159032831085523e-05,0.0033627551207297845,0.031064230123045326,0.0,76,0
xception,2024,FaceSwap,607_683,1,resize_sev1,resize,1,0.999980232433269,1.0,1.0,0.021421219965520058,0.018014791163258968,0.021421219965520058,0.022397355480691022,0.018605182255084552,0.013272624871774167,0.018605182255084552,0.020613767586287718,0.020697087587759302,0.0,15.990005693937603,-1.97675667310989e-05,-1.97675667310989e-05,0.2904609296666948,0.046019316503876084,0.9997082599788127,0.9798596688909054,0.9741197660350049,0.9798596688909054,0.9819653641642313,1.0,76,0
xception,2024,FaceSwap,607_683,1,resize_sev2,resize,2,0.9999859262453882,1.0,1.0,0.021473581279473766,0.018285332381790163,0.021473581279473766,0.022120242144457614,0.018650313504002702,0.013486554000707661,0.018650313504002702,0.0203370706831344,0.02066794628733784,0.0,15.98988013518484,-1.407375461176647e-05,-1.407375461176647e-05,0.2991532495147303,0.04429144451492706,0.9994940310889573,0.9730451592961689,0.966354527494094,0.9730451592961689,0.9764519719912569,1.0,76,0
xception,2024,FaceSwap,607_683,1,resize_sev3,resize,3,0.9999848972809943,1.0,1.0,0.020873099295810577,0.01792700753100188,0.020873099295810577,0.02160746537517443,0.018120784731734004,0.01320399577626838,0.018120784731734004,0.019832153156077066,0.020087589792375484,0.0,15.978032061928197,-1.5102719005784509e-05,-1.5102719005784509e-05,0.31559147215203237,0.05119721826754113,0.9985669407427789,0.9569826155543623,0.9473690380542458,0.9569826155543623,0.9609354636105166,1.0,76,0
xception,2024,FaceSwap,671_677,1,brightening_sev1,brightening,1,0.9999891625174994,1.0,1.0,0.3570444434073112,0.3504627109077283,0.3570444434073112,0.3000357843269741,0.23473958309546888,0.12743156899679797,0.23473958309546888,0.24469709992235109,0.3330077788413031,0.35443037974683544,15.79820950423615,-1.0837482500678868e-05,-1.0837482500678868e-05,0.7877900844227664,0.28642410775528676,0.9990176610715041,0.963643881023118,0.9490970193534216,0.963643881023118,0.966068951659728,1.0,79,0
xception,2024,FaceSwap,671_677,1,brightening_sev2,brightening,2,0.9999656714970553,1.0,1.0,0.3548676438860325,0.3490167361361188,0.3548676438860325,0.2959483372389668,0.23266687403437877,0.1267912211202949,0.23266687403437877,0.23966693610481205,0.3306545255398741,0.35443037974683544,15.776612342158451,-3.432850294475085e-05,-3.432850294475085e-05,0.8056478524415553,0.2324776719265346,0.9943973596029103,0.907617037844796,0.8901615775150595,0.907617037844796,0.9137281903521983,1.0,79,0
xception,2024,FaceSwap,671_677,1,brightening_sev3,brightening,3,0.990392964097518,1.0,1.0,0.32832162515969937,0.3449910771330027,0.32832162515969937,0.27189289850034337,0.20838408712223652,0.12484387369767366,0.20838408712223652,0.21215010256598407,0.3179819455308564,0.2911392405063291,15.746762263623975,-0.009604998781711204,-0.009604998781711204,0.8275508412360391,0.18336624996382975,0.9238878801552274,0.6823762475500231,0.6304505266546377,0.6823762475500231,0.6959601713012905,1.0,79,0
xception,2024,FaceSwap,671_677,1,clean,clean,0,0.9999988984458054,1.0,1.0,0.35835119134210264,0.3478186310047085,0.35835119134210264,0.3003201775436805,0.23595919196152113,0.126276123269836,0.23595919196152113,0.2450279048995182,0.33231577799334616,0.3670886075949367,15.813895780828934,-1.1015541945831685e-06,-1.1015541945831685e-06,0.7421950928961174,0.2939802478008632,,,,,,,79,0
xception,2024,FaceSwap,671_677,1,darkening_sev1,darkening,1,0.999999930586996,1.0,1.0,0.3591787973632228,0.3476552316174286,0.3591787973632228,0.3004535605170721,0.23673942666936879,0.12622668133484377,0.23673942666936879,0.24521479560750142,0.3326446168771218,0.35443037974683544,15.817737349980995,-6.941300404222706e-08,-6.941300404222706e-08,0.6828075404974479,0.28091821640352654,0.9995939625514514,0.9770870729685015,0.9692389494206165,0.9770870729685015,0.9773184415024364,1.0,79,0
xception,2024,FaceSwap,671_677,1,darkening_sev2,darkening,2,0.9999999969820433,1.0,1.0,0.3601303026124616,0.34777245702314247,0.3601303026124616,0.30083503070281853,0.23765137484786225,0.12630030361003344,0.23765137484786225,0.24571320140187114,0.33272725772606876,0.3670886075949367,15.837120321732533,-3.017956697488133e-09,-3.017956697488133e-09,0.583623769539821,0.2240186616589751,0.9986153952147032,0.9564433733408539,0.9443770287273666,0.9564433733408539,0.9572026795011485,1.0,79,0
xception,2024,FaceSwap,671_677,1,darkening_sev3,darkening,3,1.0,1.0,1.0,0.3609830202108783,0.3478084319224973,0.3609830202108783,0.3019483001241676,0.23846461572442093,0.12635890443262396,0.23846461572442093,0.24716440659242872,0.3325960083953193,0.3670886075949367,15.876204647595369,0.0,0.0,0.4409182626235334,0.1677354015881502,0.9961599816479291,0.927510981422865,0.9064834015838312,0.927510981422865,0.9299380015123216,1.0,79,0
xception,2024,FaceSwap,671_677,1,jpeg_sev1,jpeg,1,0.999882974956609,1.0,1.0,0.3577660574184766,0.34668988292369407,0.3577660574184766,0.29971655325226043,0.23538865241097953,0.12577076657456515,0.23538865241097953,0.24424703675027365,0.332290774728509,0.35443037974683544,15.754870680314076,-0.00011702504339097026,-0.00011702504339097026,0.8297437096981308,0.4018927984222581,0.9984499802588165,0.9595559344669824,0.9496510454649804,0.9595559344669824,0.9570483992654424,1.0,79,0
xception,2024,FaceSwap,671_677,1,jpeg_sev2,jpeg,2,0.7796177261190701,0.8227848101265823,0.8227848101265823,0.2883174992044611,0.2909960040474317,0.2883174992044611,0.24780276352872352,0.17940806476507096,0.10356271257553122,0.17940806476507096,0.1911374316372441,0.268254114229715,0.3037974683544304,16.041144020949737,-0.13092665648665514,-0.13092665648665514,0.6806360807644108,0.3232448405757122,0.853897779755255,0.6674726559480916,0.6667464902922512,0.6674726559480916,0.6763877791809053,0.8227848101265823,79,0
xception,2024,FaceSwap,671_677,1,jpeg_sev3,jpeg,3,0.0047202202006275075,0.0,0.0,0.08468176196469582,0.055298121191481614,0.08468176196469582,0.07895700435906812,0.04188582148756067,0.017094299574426482,0.04188582148756067,0.04816082898376812,0.059759679078396376,0.02531645569620253,17.20284510262405,0.0025429115786336,0.0025429115786336,0.0042181806316023305,0.004125089668308647,0.034793652283854004,0.000891714199046857,0.0,0.000891714199046857,0.02267135864677777,0.0,79,0
xception,2024,FaceSwap,671_677,1,resize_sev1,resize,1,0.9999996876414818,1.0,1.0,0.3586844066919415,0.34565964771540164,0.3586844066919415,0.30010542403968954,0.2362685501684595,0.12532289957301518,0.2362685501684595,0.24478490548074117,0.33141445324882435,0.35443037974683544,15.811253608027592,-3.123585181900218e-07,-3.123585181900218e-07,0.7555667290204688,0.3281329551452322,0.9996531034007499,0.9779172449203649,0.9692778894309955,0.9779172449203649,0.9801924213259812,1.0,79,0
xception,2024,FaceSwap,671_677,1,resize_sev2,resize,2,0.9999998626829703,1.0,1.0,0.35863979517400935,0.34442212008920675,0.35863979517400935,0.3001552109902756,0.23622021092037293,0.12481001469993265,0.23622021092037293,0.24485145109434428,0.33089824821402514,0.3670886075949367,15.81471020662332,-1.3731702973571004e-07,-1.3731702973571004e-07,0.7411096618522571,0.34606345469438576,0.9990241247162384,0.9621029545037615,0.9486385747470788,0.9621029545037615,0.9669710433822869,1.0,79,0
xception,2024,FaceSwap,671_677,1,resize_sev3,resize,3,0.9999995005281666,1.0,1.0,0.35877260952947515,0.34423455104037287,0.35877260952947515,0.2994183625637309,0.23631207255080017,0.12470997754182825,0.23631207255080017,0.24386897467651433,0.33142135042818205,0.35443037974683544,15.767284960686405,-4.99471833434286e-07,-4.99471833434286e-07,0.7836601913352556,0.42030870612663557,0.997283398789933,0.9417744406646645,0.9246093594197718,0.9417744406646645,0.9442607987805158,1.0,79,0
xception,2024,FaceSwap,677_671,1,brightening_sev1,brightening,1,0.9999997117851354,1.0,1.0,0.13395703725853453,0.13695908584581026,0.13395703725853453,0.11857848216701487,0.09499677851837285,0.06124005521494713,0.09499677851837285,0.10035141454280545,0.12321186987402169,0.08860759493670886,15.860721696781207,-2.882148646101167e-07,-2.882148646101167e-07,0.4093511847755577,0.007280690760552083,0.9914766576421864,0.8788986853854577,0.8595870769838645,0.8788986853854577,0.8969581804229046,1.0,79,0
xception,2024,FaceSwap,677_671,1,brightening_sev2,brightening,2,0.9999504753305942,1.0,1.0,0.12816413218592884,0.13137021661944837,0.12816413218592884,0.11230062679382632,0.0897004926048744,0.05825645661048895,0.0897004926048744,0.09348821085497834,0.11848144552318668,0.0759493670886076,15.810039109821561,-4.952466940578024e-05,-4.952466940578024e-05,0.49472632513770576,0.014259060726890033,0.9821508634810339,0.8314690855676657,0.8011032356618603,0.8314690855676657,0.8491300398249834,1.0,79,0
xception,2024,FaceSwap,677_671,1,brightening_sev3,brightening,3,0.9998054383676264,1.0,1.0,0.12364801275443134,0.1272785902306618,0.12364801275443134,0.10725789162132597,0.08569185526898003,0.056161373340156216,0.08569185526898003,0.08814403970021416,0.11479699386280276,0.05063291139240506,15.759273722201963,-0.00019456163237366002,-0.00019456163237366002,0.5602503899909272,0.033881826491295494,0.9648073385962784,0.7657701229371556,0.7227934664727473,0.7657701229371556,0.7927843875125742,1.0,79,0
xception,2024,FaceSwap,677_671,1,clean,clean,0,1.0,1.0,1.0,0.13974788232730573,0.13819176210099393,0.13974788232730573,0.12833930499722618,0.10035776351925922,0.061840682302318886,0.10035776351925922,0.11150087436401096,0.12719853889016175,0.10126582278481013,16.009009952786602,0.0,0.0,0.2932735975784591,0.005767473691626382,,,,,,,79,0
xception,2024,FaceSwap,677_671,1,darkening_sev1,darkening,1,1.0,1.0,1.0,0.14270614532582782,0.14342837279017295,0.14270614532582782,0.12963792207930522,0.10319065937890537,0.06468524714592841,0.10319065937890537,0.11303131969624021,0.1296823382425845,0.10126582278481013,16.011181903790824,0.0,0.0,0.24520001154911664,0.006614952902250605,0.9992869074092555,0.9651575697840215,0.950868663721491,0.9651575697840215,0.9689403015173546,1.0,79,0
xception,2024,FaceSwap,677_671,1,darkening_sev2,darkening,2,1.0,1.0,1.0,0.14629491719114235,0.14716770171305776,0.14629491719114235,0.13238467467991796,0.10663575728122728,0.06669537355258773,0.10663575728122728,0.11629579287726663,0.13283417757733132,0.10126582278481013,16.003864855705938,0.0,0.0,0.25633197343802144,0.0073763199999362155,0.9978440660472893,0.9388032298072003,0.9200955275211433,0.9388032298072003,0.9419181531096799,1.0,79,0
xception,2024,FaceSwap,677_671,1,darkening_sev3,darkening,3,1.0,1.0,1.0,0.14991253046397185,0.15196330004998782,0.14991253046397185,0.1343466811799779,0.11015802849450192,0.06932642600786879,0.11015802849450192,0.11864454849162574,0.13685336174298973,0.11392405063291139,15.958383632611625,0.0,0.0,0.2970922804331477,0.017506318756296612,0.9945806524652285,0.9048847912833836,0.8872306760300279,0.9048847912833836,0.9000242522961602,1.0,79,0
xception,2024,FaceSwap,677_671,1,jpeg_sev1,jpeg,1,0.999999965293498,1.0,1.0,0.13875795420443623,0.13610517178047024,0.13875795420443623,0.1278606736495806,0.09944912746481854,0.06073237186940952,0.09944912746481854,0.11095317127077572,0.12748765758031183,0.11392405063291139,15.948510797717903,-3.470650202111353e-08,-3.470650202111353e-08,0.3613897116878364,0.008429220205620829,0.9986947679062578,0.9582087282614282,0.9487802678112743,0.9582087282614282,0.9610544417313439,1.0,79,0
xception,2024,FaceSwap,677_671,1,jpeg_sev2,jpeg,2,0.9960781652716142,1.0,1.0,0.12722765537302677,0.12301235115175282,0.12722765537302677,0.11628658708530501,0.08899166500532092,0.05395114785089281,0.08899166500532092,0.09793786577240156,0.1194769147465777,0.08860759493670886,15.713268750830542,-0.003921834728385807,-0.003921834728385807,0.5824552194887325,0.06813296222988559,0.9780041070448997,0.8528243694058375,0.8408007539753724,0.8528243694058375,0.843963793261592,1.0,79,0
xception,2024,FaceSwap,677_671,1,jpeg_sev3,jpeg,3,0.059930297781866516,0.012658227848101266,0.012658227848101266,0.05386134918809301,0.02409578780443663,0.05386134918809301,0.05504681766655009,0.03270331414604278,0.009888355422438924,0.03270331414604278,0.04012726584126317,0.03971941722418157,0.05063291139240506,16.866437960274613,0.03224895752765988,0.03224895752765988,0.058001249654589124,0.05169801008309192,0.21396616168309265,0.05790643852679158,0.011035986658483524,0.05790643852679158,0.15781968444291541,0.012658227848101266,79,0
xception,2024,FaceSwap,677_671,1,resize_sev1,resize,1,1.0,1.0,1.0,0.1384081469176721,0.136723609501699,0.1384081469176721,0.127834842324545,0.09909861311104158,0.06104554722481668,0.09909861311104158,0.11090677379215062,0.12646247180462242,0.10126582278481013,16.0030679340604,0.0,0.0,0.35103678665583643,0.009011638315418041,0.9995364598483362,0.9703391376309145,0.9701867704110487,0.9703391376309145,0.9733106473754569,1.0,79,0
xception,2024,FaceSwap,677_671,1,resize_sev2,resize,2,1.0,1.0,1.0,0.1363867405075749,0.13337984586163826,0.1363867405075749,0.12683927870181413,0.09726135642833189,0.059300969625846925,0.09726135642833189,0.10975518076488806,0.12463515484621676,0.10126582278481013,16.016004658952543,0.0,0.0,0.37842068113858185,0.012310368350789469,0.9986820867779135,0.948003760543117,0.9506345490802909,0.948003760543117,0.954809292596269,1.0,79,0
xception,2024,FaceSwap,677_671,1,resize_sev3,resize,3,0.9999991836427133,1.0,1.0,0.13887029253668587,0.1391329259134792,0.13887029253668587,0.12595008243695827,0.09961482123749658,0.06237719036259579,0.09961482123749658,0.10876535781242963,0.12819751048283845,0.10126582278481013,15.883282854587216,-8.1635728667054e-07,-8.1635728667054e-07,0.5994031829170033,0.04465174297743201,0.9956187525498973,0.9280442363896695,0.9212390179372782,0.9280442363896695,0.925752319530059,1.0,79,0
xception,2024,FaceSwap,683_607,1,brightening_sev1,brightening,1,0.9998844399263984,1.0,1.0,0.28941388994845635,0.3155408869435091,0.28941388994845635,0.2479261033159426,0.18178460313318653,0.11439390656460695,0.18178460313318653,0.19440577669029957,0.29172817425889996,0.34210526315789475,15.516385316848755,-0.00011554281962544468,-0.00011554281962544468,0.6463195324728364,0.062087106077294556,0.9954663116024765,0.9261474392272446,0.8981613707443487,0.9261474392272446,0.9307792618270319,1.0,76,0
xception,2024,FaceSwap,683_607,1,brightening_sev2,brightening,2,0.9985432491490716,1.0,1.0,0.28510757157971356,0.31023879316093056,0.28510757157971356,0.24120209430520126,0.1780211236236865,0.11203117765266911,0.1780211236236865,0.18688553593429705,0.2888905971903973,0.2894736842105263,15.44838221449601,-0.0014561453932209795,-0.0014561453932209795,0.7194498547990071,0.11117785463207641,0.9888649020309779,0.8905008091832388,0.8500452287455833,0.8905008091832388,0.8900026440059603,1.0,76,0
xception,2024,FaceSwap,683_607,1,brightening_sev3,brightening,3,0.8747221427528482,0.9605263157894737,0.9605263157894737,0.25521807877805724,0.27848738131381395,0.25521807877805724,0.2352475025302279,0.15314404543148888,0.09808625861539184,0.15314404543148888,0.17941243564091316,0.2689872486999483,0.3026315789473684,15.205579682400352,-0.12445175647735592,-0.12445175647735592,0.7045546286788426,0.41967863305226755,0.9174565237535958,0.7094389248530464,0.6322666174930888,0.7094389248530464,0.7612352967901514,0.9605263157894737,76,0
xception,2024,FaceSwap,683_607,1,clean,clean,0,0.9999929744946329,1.0,1.0,0.2951855920457034,0.3245516196470029,0.2951855920457034,0.25847711807111173,0.18681419738372254,0.11843094400625327,0.18681419738372254,0.20635030023775047,0.296437450129567,0.39473684210526316,15.606587786423532,-7.02550536707793e-06,-7.02550536707793e-06,0.576006877775255,0.03123680776671355,,,,,,,76,0
xception,2024,FaceSwap,683_607,1,darkening_sev1,darkening,1,0.9999935595612777,1.0,1.0,0.2940431072680393,0.3216883555210314,0.2940431072680393,0.2557787790194391,0.18580188910225007,0.11712805878775778,0.18580188910225007,0.2032272789272988,0.294690336637418,0.3684210526315789,15.597209277905916,-6.440438722308778e-06,-6.440438722308778e-06,0.5421258685620207,0.03451011447530039,0.9996450671975049,0.9778201685979905,0.9688480572352866,0.9778201685979905,0.9825581673785347,1.0,76,0
xception,2024,FaceSwap,683_607,1,darkening_sev2,darkening,2,0.9999970621184299,1.0,1.0,0.29500136124347265,0.3219597497591305,0.29500136124347265,0.25770983867920033,0.18662275223794728,0.11724097643176756,0.18662275223794728,0.20545460775547622,0.29470872398680803,0.3684210526315789,15.618911504745483,-2.9378815701133327e-06,-2.9378815701133327e-06,0.49275879542294304,0.04395332069773419,0.9994635697846949,0.9736829424185891,0.9630692591333565,0.9736829424185891,0.9799955786463123,1.0,76,0
xception,2024,FaceSwap,683_607,1,darkening_sev3,darkening,3,0.999996575870012,1.0,1.0,0.2958148720471259,0.32316831346829183,0.2958148720471259,0.2582968756104372,0.18731438053316937,0.11777235294510106,0.18731438053316937,0.20612924619486464,0.29578432572595365,0.35526315789473684,15.615168910277518,-3.422561444734272e-06,-3.422561444734272e-06,0.46832773677612605,0.06272504204197929,0.9991279659373205,0.9662260697945855,0.9540895377435787,0.9662260697945855,0.974643567774429,1.0,76,0
xception,2024,FaceSwap,683_607,1,jpeg_sev1,jpeg,1,0.9999951594754269,1.0,1.0,0.2961836526618445,0.3257239263004209,0.2961836526618445,0.258705119774395,0.1877064195390601,0.11899427496060297,0.1877064195390601,0.20662209780548127,0.2974931309601243,0.39473684210526316,15.605226604562057,-4.840524573075144e-06,-4.840524573075144e-06,0.5468586328390398,0.025711244658419907,0.9995178385613446,0.975015091116575,0.9634224240958728,0.975015091116575,0.9821268050271127,1.0,76,0
xception,2024,FaceSwap,683_607,1,jpeg_sev2,jpeg,2,0.999922043398807,1.0,1.0,0.29393484436692335,0.3241539817579913,0.29393484436692335,0.25326535304302,0.18574980357806073,0.11834648536855055,0.18574980357806073,0.20045372259967636,0.29751321139673165,0.4342105263157895,15.543792486190796,-7.795660119307168e-05,-7.795660119307168e-05,0.5187462587889872,0.019240218557809486,0.9979331793415579,0.9538620592027947,0.9387374766380756,0.9538620592027947,0.9539071804200923,1.0,76,0
xception,2024,FaceSwap,683_607,1,jpeg_sev3,jpeg,3,0.18020391999131163,0.09210526315789473,0.09210526315789473,0.22075951092931562,0.27126984386543823,0.22075951092931562,0.18453580287767374,0.1309447037979882,0.10038935240936624,0.1309447037979882,0.1344538332542202,0.16609033713371454,0.32894736842105265,16.742135625136527,-0.012198577032234599,-0.012198577032234599,0.16410093886464122,0.11691390630451338,0.24339800160512146,0.1156778702577015,0.0875328013406237,0.1156778702577015,0.18424093335843292,0.09210526315789473,76,0
xception,2024,FaceSwap,683_607,1,resize_sev1,resize,1,0.9999930152767583,1.0,1.0,0.2949583735358166,0.3241844032621862,0.2949583735358166,0.25811372518722164,0.18659739100200068,0.11826182312821436,0.18659739100200068,0.20593224214969882,0.29621125424693295,0.39473684210526316,15.604805419319554,-6.984723241705325e-06,-6.984723241705325e-06,0.5897049292137748,0.034360182128454465,0.9998843134476418,0.9880413956005526,0.9826129501917228,0.9880413956005526,0.9908192747974762,1.0,76,0
xception,2024,FaceSwap,683_607,1,resize_sev2,resize,2,0.9999939501285553,1.0,1.0,0.29496562899790746,0.32395184806016347,0.29496562899790746,0.25796802809469105,0.1865894582127978,0.11814105720188844,0.1865894582127978,0.20573514576004587,0.29592468909017905,0.3815789473684211,15.60650930906597,-6.0498714447012235e-06,-6.0498714447012235e-06,0.5918318841018175,0.03347469552567126,0.9998099271711917,0.9840984551297609,0.9771655667855179,0.9840984551297609,0.9883588052550268,1.0,76,0
xception,2024,FaceSwap,683_607,1,resize_sev3,resize,3,0.9999888602056002,1.0,1.0,0.29479822981824305,0.3229246175263731,0.29479822981824305,0.25807446895374647,0.18643998406499054,0.11767770715342907,0.18643998406499054,0.20588662302786406,0.2953765574860567,0.3815789473684211,15.61361423291658,-1.1139794399862355e-05,-1.1139794399862355e-05,0.6172310641329539,0.03645704765068852,0.999511412457588,0.9739854519209924,0.9646681605445072,0.9739854519209924,0.9797189628412036,1.0,76,0
xception,2024,FaceSwap,876_891,1,brightening_sev1,brightening,1,0.6644711728975479,0.6756756756756757,0.6756756756756757,0.05053409223939756,0.05551759943722587,0.05053409223939756,0.04444618837478133,0.03245696011638161,0.02412643246495228,0.03245696011638161,0.03356884161235307,0.04465749933094697,0.05405405405405406,14.313623067494985,-0.04923471065263287,-0.04923471065263287,0.6130524249110257,0.6200172666549161,0.9899904430294983,0.8426810919808847,0.8488482891633335,0.8426810919808847,0.857503227845072,0.9324324324324325,74,0
xception,2024,FaceSwap,876_891,1,brightening_sev2,brightening,2,0.6662291332173187,0.6891891891891891,0.6891891891891891,0.04935474355050329,0.051253952307627006,0.04935474355050329,0.042837478016500646,0.031636600633937084,0.02204536084495204,0.031636600633937084,0.03222107880897774,0.04284782744727538,0.04054054054054054,14.321961067818307,-0.03778014089157049,-0.03778014089157049,0.6077617985240461,0.5916171198997118,0.9762478753268217,0.7661964905046897,0.7772850380149245,0.7661964905046897,0.7779915712251531,0.8918918918918919,74,0
xception,2024,FaceSwap,876_891,1,brightening_sev3,brightening,3,0.4271396456500264,0.4189189189189189,0.4189189189189189,0.04111580327603486,0.050443909917098684,0.04111580327603486,0.0359281537443336,0.02565809030023707,0.02172669368496609,0.02565809030023707,0.026286682523347763,0.03362105477884198,0.10810810810810811,14.677254174206707,-0.0803184259283306,-0.0803184259283306,0.38735809297469204,0.36603398579117724,0.8837193215200629,0.5948107135397875,0.5607057348417042,0.5948107135397875,0.634233561558362,0.7567567567567568,74,0
xception,2024,FaceSwap,876_891,1,clean,clean,0,0.6302237227319967,0.6351351351351351,0.6351351351351351,0.04965862533535946,0.05488876837302199,0.04965862533535946,0.04366103059958747,0.031869431193873726,0.023968307255035386,0.031869431193873726,0.03291575760096099,0.044195943386268206,0.04054054054054054,14.341070252495843,-0.036884273874346854,-0.036884273874346854,0.5779319913118662,0.6000336758804986,,,,,,,74,0
xception,2024,FaceSwap,876_891,1,darkening_sev1,darkening,1,0.6366666399722768,0.6351351351351351,0.6351351351351351,0.05026553680263701,0.0558698500153606,0.05026553680263701,0.04645858206452245,0.0322304300790212,0.024369669266944297,0.0322304300790212,0.0352152626588911,0.04642856759972431,0.04054054054054054,14.364038286982355,-0.03340198973042738,-0.03340198973042738,0.5959880246861045,0.6149524682440568,0.9880416332525686,0.8297169078145032,0.8435685280226791,0.8297169078145032,0.8341287993313063,0.972972972972973,74,0
xception,2024,FaceSwap,876_891,1,darkening_sev2,darkening,2,0.7017688305192703,0.7027027027027027,0.7027027027027027,0.05284539147666602,0.055021187407472326,0.05284539147666602,0.05035149310981772,0.034100524424103794,0.023964463859384146,0.034100524424103794,0.038610291096541384,0.04999529121622277,0.02702702702702703,14.403468969705942,0.03509538770477113,0.03509538770477113,0.6573584193176577,0.6747059533577034,0.9635751401485909,0.7229115974594637,0.7498272370581672,0.7229115974594637,0.7325329555983194,0.9054054054054054,74,0
xception,2024,FaceSwap,876_891,1,darkening_sev3,darkening,3,0.8507279510030875,0.8648648648648649,0.8648648648648649,0.0568644556584154,0.05827841970193685,0.0568644556584154,0.05700007478695647,0.03702842861961197,0.02549528606469039,0.03702842861961197,0.044539465620202834,0.055391462621060567,0.0,14.442565299369193,0.04667565765211714,0.04667565765211714,0.777473964772464,0.7736243060884394,0.9184456901269786,0.627756103310326,0.6485005533960858,0.627756103310326,0.6456576829649724,0.7702702702702703,74,0
xception,2024,FaceSwap,876_891,1,jpeg_sev1,jpeg,1,0.13253016524312614,0.06756756756756757,0.06756756756756757,0.037573257013653306,0.04289980358248827,0.037573257013653306,0.03208591269792648,0.023156880024143064,0.018058900739531817,0.023156880024143064,0.023128527172514575,0.0304446082766006,0.14864864864864866,14.816479322072622,-0.044457363609753185,-0.044457363609753185,0.12935894925376976,0.12984014756059603,0.6628766123265054,0.33282206272164677,0.2736642372017831,0.33282206272164677,0.43702116941452473,0.43243243243243246,74,0
xception,2024,FaceSwap,876_891,1,jpeg_sev2,jpeg,2,0.0014725513303002144,0.0,0.0,0.037717987407886774,0.046065051939711665,0.037717987407886774,0.03088216227641666,0.02324254652382763,0.019515451767606082,0.02324254652382763,0.02219640160677329,0.0257671113493284,0.08108108108108109,15.240190351331556,0.0013654565283177853,0.0013654565283177853,0.001428609081131025,0.0014221395512739874,0.36145521813130044,0.09632561407735866,0.04246612793686647,0.09632561407735866,0.18345511796922268,0.36486486486486486,74,0
xception,2024,FaceSwap,876_891,1,jpeg_sev3,jpeg,3,0.0003073957357972024,0.0,0.0,0.031779967620813525,0.04717177384181326,0.031779967620813525,0.0252396084422393,0.019253546574882673,0.020032515384069412,0.019253546574882673,0.017806416521453695,0.023997379388468486,0.1891891891891892,15.15988202997156,0.00024685502516194396,0.00024685502516194396,0.00028673533673807794,0.00028202383504858156,0.34244426976860287,0.08312649408985925,0.04025819799578529,0.08312649408985925,0.1716780511590112,0.36486486486486486,74,0
xception,2024,FaceSwap,876_891,1,resize_sev1,resize,1,0.7645845251610955,0.7972972972972973,0.7972972972972973,0.06122395459500557,0.061216093507635926,0.06122395459500557,0.05281226022422079,0.040763395346018215,0.026846059113022614,0.040763395346018215,0.04092043854487743,0.055006317952661005,0.02702702702702703,14.197080973032358,-0.03438929141171878,-0.03438929141171878,0.6284839456910394,0.707390223404808,0.9395849394514549,0.6621594489648553,0.7032706034607613,0.6621594489648553,0.6699902940044791,0.8108108108108109,74,0
xception,2024,FaceSwap,876_891,1,resize_sev2,resize,2,0.8203721173308991,0.8783783783783784,0.8783783783783784,0.05722926593253738,0.059340923529132235,0.05722926593253738,0.05191546014944646,0.03783632910291417,0.025965087563927604,0.03783632910291417,0.04020673464565812,0.05341821656834978,0.0,14.360493608423182,-0.04117157677742272,-0.04117157677742272,0.6595014634674314,0.7464844931256831,0.9074568567058326,0.5989616862626373,0.6175044159109278,0.5989616862626373,0.6166603979329844,0.7567567567567568,74,0
xception,2024,FaceSwap,876_891,1,resize_sev3,resize,3,0.16915339081724348,0.14864864864864866,0.14864864864864866,0.04646889864050118,0.0598508468866205,0.04646889864050118,0.04085619744092386,0.029290661946400127,0.025939928679738815,0.029290661946400127,0.030294851491781384,0.04176026276897913,0.17567567567567569,14.754641623110384,-0.12142934263809707,-0.12142934263809707,0.08823078475275858,0.11684232400856107,0.5325247656488225,0.24322756529530395,0.13158651322746773,0.24322756529530395,0.3414486184607176,0.5135135135135135,74,0
xception,2024,FaceSwap,891_876,1,brightening_sev1,brightening,1,0.9969905630962269,1.0,1.0,0.0008078159195254379,0.001526689825145496,0.0008078159195254379,0.0006202147262067744,0.0008018651858926216,0.0015039303449591623,0.0008018651858926216,0.0006176213949104149,0.0010381490845911593,0.0,14.597680697569976,-0.003009436903773116,-0.003009436903773116,0.7306926480016193,0.4132936369325664,0.9976040207051046,0.9614192002084997,0.9560131177445564,0.9614192002084997,0.945766158002819,1.0,74,0
xception,2024,FaceSwap,891_876,1,brightening_sev2,brightening,2,0.9924571586621774,1.0,1.0,0.0008499444062136256,0.0015320041356628364,0.0008499444062136256,0.0006750312327998919,0.0008439559276803797,0.0015091921257617581,0.0008439559276803797,0.000672432120641977,0.0010518877415386203,0.0,14.625737241796545,0.005339535809046529,0.005339535809046529,0.7094288616869096,0.2880299351857723,0.9884218971800717,0.9237594731997408,0.9111290423099334,0.9237594731997408,0.9053367854178918,1.0,74,0
xception,2024,FaceSwap,891_876,1,brightening_sev3,brightening,3,0.9883762122811498,0.9864864864864865,0.9864864864864865,0.0008612912618768891,0.0016079566248577257,0.0008612912618768891,0.0006596274493960541,0.0008553001038256987,0.001584812316225185,0.0008553001038256987,0.0006570438128054838,0.0010557155653804432,0.0,14.628357036693677,0.0002296108853172785,0.0002296108853172785,0.6796770648074311,0.19325690233224144,0.9810785388443651,0.8994014692869188,0.8747893132701426,0.8994014692869188,0.8865334321831747,0.9864864864864865,74,0
xception,2024,FaceSwap,891_876,1,clean,clean,0,0.9990693322710089,1.0,1.0,0.0008037524381946959,0.0015317800743440107,0.0008037524381946959,0.0005366845664524216,0.0007978136791871825,0.0015089606091892689,0.0007978136791871825,0.000534033781399931,0.0010090085662039663,0.0,14.579206969286945,-0.0009306677289911126,-0.0009306677289911126,0.6977673562595973,0.506753524815714,,,,,,,74,0
xception,2024,FaceSwap,891_876,1,darkening_sev1,darkening,1,0.9992772324665172,1.0,1.0,0.000805031460816769,0.0015416949141979393,0.000805031460816769,0.0005366855593952406,0.0007990871511337352,0.0015188064759628893,0.0007990871511337352,0.0005340347634340811,0.0010080088234738689,0.0,14.589795086834881,-0.0007227675334827266,-0.0007227675334827266,0.6621855932313043,0.558594893362071,0.999374883179664,0.9734679867454634,0.9660323961693491,0.9734679867454634,0.9683728945509135,1.0,74,0
xception,2024,FaceSwap,891_876,1,darkening_sev2,darkening,2,0.9992842642036645,1.0,1.0,0.0008042994178312054,0.0015543486295754622,0.0008042994178312054,0.0005366855593952406,0.0007983604237608203,0.0015313739232616379,0.0007983604237608203,0.0005340347634340811,0.0009954626053883093,0.0,14.609251524951008,-0.0007157357963355759,-0.0007157357963355759,0.6055937107350375,0.5873026996850967,0.9979433237172565,0.9500596932648014,0.9410201130522046,0.9500596932648014,0.9424261888234632,1.0,74,0
xception,2024,FaceSwap,891_876,1,darkening_sev3,darkening,3,0.9995684003507769,1.0,1.0,0.0008042994178312054,0.0015628860597879217,0.0008042994178312054,0.0005366855593952406,0.0007983604237608203,0.0015398171313470892,0.0007983604237608203,0.0005340347634340811,0.0009712518681967595,0.0,14.640778270927635,-0.00043159964922311837,-0.00043159964922311837,0.4835310594455616,0.5701195114367718,0.9955745012462316,0.922074602692616,0.9095624682066916,0.922074602692616,0.9158919540284172,1.0,74,0
xception,2024,FaceSwap,891_876,1,jpeg_sev1,jpeg,1,0.9795782364703514,1.0,1.0,0.0008502635180311609,0.0015674911365573675,0.0008502635180311609,0.0006584543888119743,0.0008442972133579635,0.0015444331800876796,0.0008442972133579635,0.0006558345143649486,0.0010830915463028378,0.0,14.53106639191911,-0.007419023511780252,-0.007419023511780252,0.7635440397504214,0.5538915325887501,0.9789742716046114,0.8994851270368527,0.8837262293072938,0.8994851270368527,0.8804707780129537,1.0,74,0
xception,2024,FaceSwap,891_876,1,jpeg_sev2,jpeg,2,0.3346574866036708,0.2972972972972973,0.2972972972972973,0.000847276843888404,0.0006980691910532824,0.000847276843888404,0.0009101688223450959,0.0008429749390944338,0.0006902825785314804,0.0008429749390944338,0.0009073872581819635,0.0007985156597339811,0.0,15.68770679267677,0.024314962650572147,0.024314962650572147,0.30757072933271484,0.2632499389614708,0.30067674778754927,0.1599701689309174,0.14361645963801353,0.1599701689309174,0.186667144115182,0.2972972972972973,74,0
xception,2024,FaceSwap,891_876,1,jpeg_sev3,jpeg,3,0.0019401014234627918,0.0,0.0,4.651753321252837e-05,0.0,4.651753321252837e-05,0.00016721231815820597,4.581350954447838e-05,0.0,4.581350954447838e-05,0.00016647428720840428,0.00048176732704651083,0.0,15.970526708138955,0.0010545392952563107,0.0010545392952563107,0.001637860603013116,0.0014941700658193324,0.031076506987397057,0.00010878315158535946,0.0,0.00010878315158535946,0.014272576075439624,0.0,74,0
xception,2024,FaceSwap,891_876,1,resize_sev1,resize,1,0.999047731225555,1.0,1.0,0.0008043919495057324,0.0015600843853803325,0.0008043919495057324,0.000538843026908096,0.0007984503852245878,0.0015370261480263945,0.0007984503852245878,0.0005361887156105149,0.0010200827187260243,0.0,14.557824070389206,-0.0009522687744449875,-0.0009522687744449875,0.7127945574151503,0.6277849766853694,0.9989390194145694,0.9680387495878222,0.9549709492821895,0.9680387495878222,0.9646888960522556,1.0,74,0
xception,2024,FaceSwap,891_876,1,resize_sev2,resize,2,0.9994668324251432,1.0,1.0,0.000805031460816769,0.0015509703335628336,0.000805031460816769,0.0005371070269283325,0.0007990871511337352,0.0015279896333336635,0.0007990871511337352,0.0005344554556309513,0.0010042004171282488,0.0,14.548135035746807,-0.0005331675748567255,-0.0005331675748567255,0.7007773242689468,0.6627054085602632,0.9978152770798029,0.9561396346028916,0.9386493695794089,0.9561396346028916,0.952904669726696,1.0,74,0
xception,2024,FaceSwap,891_876,1,resize_sev3,resize,3,0.9712344359707188,1.0,1.0,0.0008984706605042608,0.001347419990521719,0.0008984706605042608,0.0006849241211623203,0.0008922010977450216,0.001326941890079104,0.0008922010977450216,0.0006818340865032798,0.0010066649425561486,0.0,14.590829050218737,-0.003813503964527201,-0.003813503964527201,0.735572650021798,0.7192274910976758,0.9401718108147703,0.8287781168054912,0.7954386226007172,0.8287781168054912,0.8042477887113787,1.0,74,0
xception,2024,NeuralTextures,033_097,1,brightening_sev1,brightening,1,0.24938172633216402,0.21666666666666667,0.21666666666666667,0.05899422932968222,0.020765065109109537,0.05899422932968222,0.07495331975385118,0.02904999911830494,0.006581470037489051,0.02904999911830494,0.04644359871664474,0.06461079831955903,0.008333333333333333,12.62331091562907,-0.09511931651504708,-0.09511931651504708,0.20966467470425412,0.19990232470154293,0.8056755295218286,0.5274266063663472,0.41097394519602204,0.5274266063663472,0.563253613970515,0.4583333333333333,120,0
xception,2024,NeuralTextures,033_097,1,brightening_sev2,brightening,2,0.08967741803207896,0.041666666666666664,0.041666666666666664,0.05256411472946434,0.015161165030921925,0.05256411472946434,0.06664127163751905,0.025319932199001662,0.004539342047092728,0.025319932199001662,0.040456060115522455,0.054963592192457535,0.008333333333333333,12.767669081687927,-0.19399351213263188,-0.19399351213263188,0.06827543679682999,0.061384463333039666,0.7080737509739945,0.4739829263891935,0.3678350252946973,0.4739829263891935,0.5022881116399854,0.2833333333333333,120,0
xception,2024,NeuralTextures,033_097,1,brightening_sev3,brightening,3,0.0687395884621461,0.016666666666666666,0.016666666666666666,0.04432929182535898,0.010909706372900266,0.04432929182535898,0.05842786573436618,0.021204089121074562,0.003241125578518372,0.021204089121074562,0.035053995781118584,0.05189376498983045,0.0,12.852779324849447,-0.12211071201163574,-0.12211071201163574,0.05061383910457754,0.04385018193667441,0.690632802188573,0.4992440705630914,0.40622774316913457,0.4992440705630914,0.5089702461636584,0.25833333333333336,120,0
xception,2024,NeuralTextures,033_097,1,clean,clean,0,0.7268124292604625,0.7583333333333333,0.7583333333333333,0.09030744435997301,0.08445735219537781,0.09030744435997301,0.09912200250113477,0.04871695095792621,0.029070122992189116,0.04871695095792621,0.06573730891878149,0.10793625649894653,0.11666666666666667,12.48727830251058,0.13067103302261482,0.13067103302261482,0.6281755140701232,0.6018747729132883,,,,,,,120,0
xception,2024,NeuralTextures,033_097,1,darkening_sev1,darkening,1,0.7792290846351534,0.8083333333333333,0.8083333333333333,0.112153332804087,0.12322869679920627,0.112153332804087,0.11259601587274934,0.06250422077695497,0.04327110191241916,0.06250422077695497,0.07687533589075116,0.126832868862399,0.15,12.399240509668987,0.11131144655713192,0.11131144655713192,0.6753480465175623,0.6676911564019974,0.9801350552573834,0.8286321491381354,0.7931839452673787,0.8286321491381354,0.8411990985324534,0.9333333333333333,120,0
xception,2024,NeuralTextures,033_097,1,darkening_sev2,darkening,2,0.8800046047816674,0.8833333333333333,0.8833333333333333,0.17583182294782024,0.1904662753166223,0.17583182294782024,0.1635099454207145,0.1058594819818812,0.0691015811723447,0.1058594819818812,0.12160518225509213,0.18844990370250655,0.25,12.09634772936503,0.05710610323585572,0.05710610323585572,0.75456716150123,0.7583858788964183,0.8589200731832695,0.5986586585612652,0.565138930169682,0.5986586585612652,0.6308502396920209,0.875,120,0
xception,2024,NeuralTextures,033_097,1,darkening_sev3,darkening,3,0.9778514191508293,0.9833333333333333,0.9833333333333333,0.2570729430949298,0.30360275728543623,0.2570729430949298,0.2214362669539081,0.16382363675233094,0.11399002438397225,0.16382363675233094,0.1756389738755981,0.266199423445138,0.35833333333333334,11.704964264233906,0.042104121375208116,0.042104121375208116,0.8358407355030067,0.8399282286486899,0.6341326501457688,0.38606552576681624,0.3716988654917333,0.38606552576681624,0.40559788729073504,0.775,120,0
xception,2024,NeuralTextures,033_097,1,jpeg_sev1,jpeg,1,0.2492425725155044,0.18333333333333332,0.18333333333333332,0.042754040853982996,0.009762323087901698,0.042754040853982996,0.06470554295720436,0.02047438903104092,0.002920867202389391,0.02047438903104092,0.039439135521038206,0.062209469009929276,0.0,12.660238925615946,0.07093013870956687,0.07093013870956687,0.2097480410802139,0.20030509166341892,0.7622967619893406,0.5587943255318318,0.4906927287505292,0.5587943255318318,0.569833596314139,0.425,120,0
xception,2024,NeuralTextures,033_097,1,jpeg_sev2,jpeg,2,0.009439726214623028,0.0,0.0,0.03308912074616419,0.0092863718895925,0.03308912074616419,0.049325496614467085,0.015573276911981617,0.002714180248174513,0.015573276911981617,0.029220831812472228,0.04898885283189174,0.0,12.798788380622863,0.0037754257005265623,0.0037754257005265623,0.007622130298235128,0.007791340663910234,0.6593778729725378,0.4848085919126864,0.39094832585511174,0.4848085919126864,0.5039036125162949,0.24166666666666667,120,0
xception,2024,NeuralTextures,033_097,1,jpeg_sev3,jpeg,3,0.0011956210724746975,0.0,0.0,0.0357174203431399,0.023203384934647867,0.0357174203431399,0.04143017943807146,0.01703900226138597,0.007040503109760557,0.01703900226138597,0.02435558003560515,0.04526266890572202,0.0,12.938897307713827,0.0008206361804392243,0.0008206361804392243,0.0009259864305021879,0.0009774228182019367,0.6009970840986009,0.2847666298644914,0.19663581106988814,0.2847666298644914,0.3639680649409873,0.24166666666666667,120,0
xception,2024,NeuralTextures,033_097,1,resize_sev1,resize,1,0.9951372285683949,1.0,1.0,0.27109500469936915,0.3150936763187626,0.27109500469936915,0.2336681603466774,0.17629846012089168,0.11966656236938228,0.17629846012089168,0.1893451835680877,0.27770855410976164,0.375,11.724023755391439,0.032218666747212424,0.032218666747212424,0.8052267011255025,0.800446886010468,0.591620906043852,0.34958826739737775,0.3381857705545173,0.34958826739737775,0.3639915930747252,0.7583333333333333,120,0
xception,2024,NeuralTextures,033_097,1,resize_sev2,resize,2,0.8876088111506154,0.9083333333333333,0.9083333333333333,0.20991446668748606,0.23759049230564358,0.20991446668748606,0.18654237333065374,0.13265986881148598,0.08907686880968067,0.13265986881148598,0.14471985569501014,0.21803121632040043,0.26666666666666666,12.08996639251709,0.08032304335696003,0.08032304335696003,0.7180297898312953,0.7149047997702535,0.6987550549688771,0.42506043592320886,0.3787701446995161,0.42506043592320886,0.45393047980021684,0.8166666666666667,120,0
xception,2024,NeuralTextures,033_097,1,resize_sev3,resize,3,0.7905542431088786,0.8166666666666667,0.8166666666666667,0.18064958583922236,0.18978108187236226,0.18064958583922236,0.1686894470707981,0.11380768011903589,0.07170281940612666,0.11380768011903589,0.13042109947288738,0.18335901899170037,0.19166666666666668,12.236540007591248,-0.09420843052988248,-0.09420843052988248,0.4989828540633122,0.5071633704937994,0.7328350072477662,0.47354386121324266,0.4205612581588909,0.47354386121324266,0.4851502992525662,0.775,120,0
xception,2024,NeuralTextures,097_033,1,brightening_sev1,brightening,1,0.9447283629948894,0.9666666666666667,0.9666666666666667,0.2121963035609361,0.23269984521670922,0.2121963035609361,0.17821539514091028,0.15329884908019908,0.09597705008752173,0.15329884908019908,0.15468574230545953,0.21529998621340823,0.25,11.813365681966145,0.03320343396626416,0.03320343396626416,0.8093862671859824,0.7605025992699666,0.9297966375808379,0.8379300713505874,0.8035692844416851,0.8379300713505874,0.8468086803826335,0.9666666666666667,120,0
xception,2024,NeuralTextures,097_033,1,brightening_sev2,brightening,2,0.8163089320684472,0.85,0.85,0.16348677221935468,0.17078740971033834,0.16348677221935468,0.14693866528996366,0.11244928431920699,0.06842390563382965,0.11244928431920699,0.12229932360597022,0.16750351073263187,0.175,12.06681470076243,0.06564647144793226,0.06564647144793226,0.7270179984500525,0.6883469776061247,0.7729187544848151,0.632257823331749,0.5993440023920708,0.632257823331749,0.6470881171425618,0.85,120,0
xception,2024,NeuralTextures,097_033,1,brightening_sev3,brightening,3,0.48960254942066966,0.4666666666666667,0.4666666666666667,0.09603580680302604,0.09004085003414754,0.09603580680302604,0.09030923358001058,0.059654656994287535,0.034404246569929596,0.059654656994287535,0.06772860785602514,0.09324400863126221,0.058333333333333334,12.59441888332367,0.014345283585134896,0.014345283585134896,0.4511143528793885,0.42604566467877397,0.42777676175880525,0.27886674156924696,0.2632696555352422,0.27886674156924696,0.3113501407928187,0.4666666666666667,120,0
xception,2024,NeuralTextures,097_033,1,clean,clean,0,0.9942705805102984,1.0,1.0,0.23648700019046076,0.2723638413464533,0.23648700019046076,0.19319384007393328,0.17250539835913498,0.11340043813336757,0.17250539835913498,0.1703440644521141,0.2403913141507933,0.2916666666666667,11.689196904500326,-0.004531852900981885,-0.004531852900981885,0.8241027806128841,0.7844643382666011,,,,,,,120,0
xception,2024,NeuralTextures,097_033,1,darkening_sev1,darkening,1,0.9962030738592148,1.0,1.0,0.23804164941088177,0.2754604071102244,0.23804164941088177,0.194384531816367,0.17322436400828525,0.11455795738487805,0.17322436400828525,0.1712934777681362,0.24011086225611675,0.30833333333333335,11.701736450195312,0.007074333727359783,0.007074333727359783,0.8226468432146551,0.7890865117893554,0.9947332924598036,0.9574894015722657,0.9376971358701175,0.9574894015722657,0.965100655134638,1.0,120,0
xception,2024,NeuralTextures,097_033,1,darkening_sev2,darkening,2,0.998907192548116,1.0,1.0,0.24186533818911748,0.2788965045234193,0.24186533818911748,0.19652548233549558,0.17714281117001537,0.11647453524535933,0.17714281117001537,0.1740077319359163,0.24393589286625658,0.30833333333333335,11.684616112709046,-0.0004725679755210825,-0.0004725679755210825,0.8098061390221118,0.7885766527305047,0.9859509990374027,0.9224658301396347,0.9095111563780752,0.9224658301396347,0.9341939375332212,1.0,120,0
xception,2024,NeuralTextures,097_033,1,darkening_sev3,darkening,3,0.999918827911218,1.0,1.0,0.24702877504439077,0.2788061332323191,0.24702877504439077,0.20278880118252518,0.18324506698995588,0.11643468526122827,0.18324506698995588,0.18298829383544285,0.2443859939716053,0.3,11.759436472256978,-7.828076680501106e-05,-7.828076680501106e-05,0.8079615574950973,0.7637147250274817,0.9812275665380052,0.8893003720629846,0.8747451110044616,0.8893003720629846,0.8936842039256363,1.0,120,0
xception,2024,NeuralTextures,097_033,1,jpeg_sev1,jpeg,1,0.6165686048722515,0.5916666666666667,0.5916666666666667,0.13793740154775266,0.13809939573032098,0.13793740154775266,0.12219128329813476,0.09496863738916254,0.05531124749540143,0.09496863738916254,0.10124973435493409,0.14040943143044754,0.13333333333333333,12.424625738461812,0.07278707820611698,0.07278707820611698,0.5479555089266797,0.5164800115065494,0.5414397294184028,0.4026308638173665,0.38267508888144636,0.4026308638173665,0.41948976160852464,0.5916666666666667,120,0
xception,2024,NeuralTextures,097_033,1,jpeg_sev2,jpeg,2,0.01966735391955197,0.0,0.0,0.035789797244862843,0.028170617197877425,0.035789797244862843,0.03661306348707229,0.017600098742595868,0.008812494830114532,0.017600098742595868,0.022226363747594367,0.03531937491208339,0.0,13.103895123799642,0.009952066655023326,0.009952066655023326,0.017300539229290684,0.016619770701254262,0.057253565266703124,0.014014421555439811,0.007084115056800228,0.014014421555439811,0.027982602809684023,0.0,120,0
xception,2024,NeuralTextures,097_033,1,jpeg_sev3,jpeg,3,0.0033233777915786756,0.0,0.0,0.023129581360894377,0.016899116393397664,0.023129581360894377,0.026112035647585716,0.011213968764503061,0.005289518262333081,0.011213968764503061,0.015554662106685628,0.03000347846889578,0.0,13.158629671732585,0.0025966440265619444,0.0025966440265619444,0.00266020036833647,0.0026351522064941924,0.04923968669831279,0.007546683407676604,0.004586503939899208,0.007546683407676604,0.016948575061161597,0.0,120,0
xception,2024,NeuralTextures,097_033,1,resize_sev1,resize,1,0.9999910021821657,1.0,1.0,0.24911512226270885,0.2787956018703427,0.24911512226270885,0.20546316522287753,0.18569970075538855,0.11643855918242796,0.18569970075538855,0.18689963223360476,0.24552947486438695,0.3,11.74397226969401,-8.899470170337162e-06,-8.899470170337162e-06,0.7816210553050041,0.8052392498900492,0.9791839796893402,0.8774193532526693,0.8543708405317628,0.8774193532526693,0.8823726595747831,1.0,120,0
xception,2024,NeuralTextures,097_033,1,resize_sev2,resize,2,0.9927459781368574,1.0,1.0,0.2234126322153364,0.25090138821991886,0.2234126322153364,0.18952165255304657,0.16216098948164098,0.10298087336181841,0.16216098948164098,0.16818915951967017,0.21366988221362143,0.26666666666666666,12.121282227834065,0.017759488647182787,0.017759488647182787,0.7578998900018632,0.80368085221077,0.9255866496060878,0.7576431424730917,0.7630231682610733,0.7576431424730917,0.7008367713560925,1.0,120,0
xception,2024,NeuralTextures,097_033,1,resize_sev3,resize,3,0.6793293634584795,0.6666666666666666,0.6666666666666666,0.10337086525147815,0.10068767763452639,0.10337086525147815,0.10844547205269743,0.06786806621570642,0.039195013959531406,0.06786806621570642,0.08645285007575784,0.11015799639277711,0.10833333333333334,12.568393015861512,-0.24314682078547775,-0.24314682078547775,0.23047682537386815,0.24413869109315176,0.47289273613734056,0.2607420917321834,0.26154488950159355,0.2607420917321834,0.2649096177874039,0.6666666666666666,120,0
xception,2024,NeuralTextures,360_437,1,brightening_sev1,brightening,1,0.9975928295518934,1.0,1.0,0.3925333353049007,0.4258643275984807,0.3925333353049007,0.3335483827863872,0.2602651909168758,0.1545634433899497,0.2602651909168758,0.2807268066243685,0.39072897550079044,0.4536082474226804,15.577404385989475,-0.002407105313133932,-0.002407105313133932,0.7472363652027759,0.23682170315194373,0.9960494262125089,0.9438271666489497,0.9260192081822713,0.9438271666489497,0.9550369626502646,0.9896907216494846,97,0
xception,2024,NeuralTextures,360_437,1,brightening_sev2,brightening,2,0.9605326376010462,0.9896907216494846,0.9896907216494846,0.35661016781165755,0.3948852318130546,0.35661016781165755,0.3069037524956382,0.22896987941901484,0.14058310926147316,0.22896987941901484,0.2502265754238048,0.36002163945937377,0.3917525773195876,15.633139983894898,-0.03577378300047408,-0.03577378300047408,0.7013263841418876,0.20904655314828313,0.9588607030817451,0.8327478202030304,0.8192511792368872,0.8327478202030304,0.8441184788137822,0.979381443298969,97,0
xception,2024,NeuralTextures,360_437,1,brightening_sev3,brightening,3,0.2028458435280421,0.09278350515463918,0.09278350515463918,0.045438306490754116,0.027954693243915606,0.045438306490754116,0.06130069534720286,0.02098276015618241,0.007763487479403188,0.02098276015618241,0.035650251400955776,0.07845051536756945,0.0,17.15697380931107,-0.030875387476737997,-0.030875387476737997,0.15655156610936843,0.12425660805719103,0.1499101201697169,0.04387592465400301,0.018819969269612758,0.04387592465400301,0.09058544836498397,0.08247422680412371,97,0
xception,2024,NeuralTextures,360_437,1,clean,clean,0,0.9916675130731052,0.9896907216494846,0.9896907216494846,0.3917260469908992,0.4271001091683468,0.3917260469908992,0.3315463324162941,0.2592821366770025,0.1552290905492395,0.2592821366770025,0.2779919392764983,0.3916818580334925,0.4536082474226804,15.554768110058971,-0.008116801682206758,-0.008116801682206758,0.77070829832984,0.4002603873149636,,,,,,,97,0
xception,2024,NeuralTextures,360_437,1,darkening_sev1,darkening,1,0.9885084993138755,0.9896907216494846,0.9896907216494846,0.38988883051777706,0.4272346552888078,0.38988883051777706,0.3294186810959145,0.2572783457959326,0.15520302704196323,0.2572783457959326,0.27508100587663287,0.3922647152612544,0.4536082474226804,15.536834107231847,-0.005209180036770915,-0.005209180036770915,0.7796019962844775,0.558380727377749,0.996588263402463,0.9496713150635742,0.9381813193320082,0.9496713150635742,0.9606723380319616,1.0,97,0
xception,2024,NeuralTextures,360_437,1,darkening_sev2,darkening,2,0.9890338056480762,0.9896907216494846,0.9896907216494846,0.38691536092359713,0.42764978788054575,0.38691536092359713,0.32606313367662676,0.2541451487240099,0.15533325091261505,0.2541451487240099,0.2706352380008227,0.39074093188200576,0.44329896907216493,15.541599086879454,-0.0009094259519245057,-0.0009094259519245057,0.7668477318336054,0.5949466880986986,0.9883932445543,0.9095913305812652,0.8869829962947986,0.9095913305812652,0.9310158687886676,1.0,97,0
xception,2024,NeuralTextures,360_437,1,darkening_sev3,darkening,3,0.9937565950388761,0.9896907216494846,0.9896907216494846,0.3870905190594578,0.42853371796341805,0.3870905190594578,0.3282936039850958,0.2543563607146317,0.1557870870935114,0.2543563607146317,0.27353430852904,0.38864408244706816,0.4536082474226804,15.59246273630673,-0.003387576833213717,-0.003387576833213717,0.7236371140197381,0.5313060432672501,0.985365341276733,0.8924461234856341,0.8632822788573751,0.8924461234856341,0.9189424447019157,1.0,97,0
xception,2024,NeuralTextures,360_437,1,jpeg_sev1,jpeg,1,0.9713020810146922,0.9896907216494846,0.9896907216494846,0.3754412193240066,0.4110239263392477,0.3754412193240066,0.32126078404144215,0.2451398002832618,0.14771933568324022,0.2451398002832618,0.26654874094913245,0.37689277007053884,0.4329896907216495,15.546010449989554,-0.028258578678996248,-0.028258578678996248,0.7987994164439667,0.43575298115995126,0.9853537188961834,0.9066385939408375,0.8893420449275005,0.9066385939408375,0.9134438269363802,1.0,97,0
xception,2024,NeuralTextures,360_437,1,jpeg_sev2,jpeg,2,0.4746587676255359,0.44329896907216493,0.44329896907216493,0.16752386063558228,0.18195750184283033,0.16752386063558228,0.15265474331720397,0.09979017408274471,0.061756708113432535,0.09979017408274471,0.11254801391987146,0.18668115574897826,0.1958762886597938,16.373417667506896,-0.21709707890128352,-0.21709707890128352,0.40223565039623377,0.2652065450596844,0.5694590226321473,0.3850029361428169,0.36940680132337067,0.3850029361428169,0.40610058905220614,0.4329896907216495,97,0
xception,2024,NeuralTextures,360_437,1,jpeg_sev3,jpeg,3,0.006318801781162572,0.0,0.0,0.0445044856749136,0.03381307439708367,0.0445044856749136,0.05037583001251016,0.01994121261446808,0.009461033834177806,0.01994121261446808,0.028313442397628754,0.05540448022800329,0.07216494845360824,17.094562097923042,0.0034821086389746664,0.0034821086389746664,0.006081311699716947,0.005303462095736814,0.028911057015859536,0.00030752311709039676,0.0,0.00030752311709039676,0.012282411164342779,0.010309278350515464,97,0
xception,2024,NeuralTextures,360_437,1,resize_sev1,resize,1,0.9841769121049606,0.9896907216494846,0.9896907216494846,0.38943318962628815,0.4270367630427746,0.38943318962628815,0.32953985941778624,0.2568246917554538,0.15509366222683937,0.2568246917554538,0.27525835057713816,0.3908314983895358,0.4639175257731959,15.550157232382864,-0.006288484814240745,-0.006288484814240745,0.7749898330951782,0.4980143378248688,0.9966457174742841,0.9615573155749624,0.9540356079918909,0.9615573155749624,0.965451817992278,1.0,97,0
xception,2024,NeuralTextures,360_437,1,resize_sev2,resize,2,0.9851254593465746,0.9896907216494846,0.9896907216494846,0.38666211851569715,0.42620426070014655,0.38666211851569715,0.3258121661514499,0.25397953111242716,0.1545054560681875,0.25397953111242716,0.270354716730721,0.3885280577262251,0.4536082474226804,15.55403773317632,-0.00482453338648239,-0.00482453338648239,0.7695104572537941,0.5324741627963394,0.9921113128239362,0.9289543782505508,0.9143824346906857,0.9289543782505508,0.9372119874323384,1.0,97,0
xception,2024,NeuralTextures,360_437,1,resize_sev3,resize,3,0.9487234572159875,0.9381443298969072,0.9381443298969072,0.37883037498365224,0.4228618233385627,0.37883037498365224,0.31880738615388793,0.2464832813263758,0.1524958126390034,0.2464832813263758,0.26198218671658374,0.3828118934970004,0.41237113402061853,15.553127259323277,-0.04139794824049641,-0.04139794824049641,0.7306130508479384,0.5915399496587589,0.9739082942745134,0.8516861160171775,0.8332019754484544,0.8516861160171775,0.864905849610024,0.9484536082474226,97,0
xception,2024,NeuralTextures,435_456,1,brightening_sev1,brightening,1,0.9470346185590038,0.957983193277311,0.957983193277311,0.23014511314828562,0.2617351867999074,0.23014511314828562,0.19079123991504907,0.16322497890678225,0.10524508140364007,0.16322497890678225,0.16551906399845623,0.23538661083075457,0.3025210084033613,12.790140873243828,-0.028136988587192217,-0.028136988587192217,0.8188983308686484,0.6011183904674678,0.9895169049768252,0.9162932579966929,0.884807035000121,0.9162932579966929,0.9298865094411829,0.9831932773109243,119,0
xception,2024,NeuralTextures,435_456,1,brightening_sev2,brightening,2,0.9711750307503868,0.9747899159663865,0.9747899159663865,0.24219406458888784,0.2726646228454276,0.24219406458888784,0.1984399949849683,0.17506259923594855,0.11047355087814108,0.17506259923594855,0.17506466099017778,0.2460169469957438,0.2857142857142857,12.769649369376046,-0.01981464241232187,-0.01981464241232187,0.8496206393543663,0.5504287436307103,0.9728824211664074,0.8728130767324409,0.8112109040637658,0.8728130767324409,0.898055744490048,0.9663865546218487,119,0
xception,2024,NeuralTextures,435_456,1,brightening_sev3,brightening,3,0.9146768801352557,0.9327731092436975,0.9327731092436975,0.23096932966366224,0.2596299374281486,0.23096932966366224,0.1901440018847384,0.16593828479328013,0.10480961753418637,0.16593828479328013,0.16645330824918628,0.23229451448334884,0.2773109243697479,12.878759440253763,-0.06082572508407675,-0.06082572508407675,0.8026806620563999,0.48593753379448745,0.964092055693994,0.8430449721261886,0.7652350586555474,0.8430449721261886,0.8791060731071466,0.957983193277311,119,0
xception,2024,NeuralTextures,435_456,1,clean,clean,0,0.9397021791263789,0.957983193277311,0.957983193277311,0.22430701217341256,0.2584150731618898,0.22430701217341256,0.18725965262020983,0.15769235011384425,0.1036813505742912,0.15769235011384425,0.16167094511491029,0.23025695298564314,0.2773109243697479,12.807887197542591,-0.025181107356079955,-0.025181107356079955,0.7760962622803675,0.6122147116590949,,,,,,,119,0
xception,2024,NeuralTextures,435_456,1,darkening_sev1,darkening,1,0.9462546518369883,0.9663865546218487,0.9663865546218487,0.2255684924580003,0.2591223470529238,0.2255684924580003,0.19002827391253532,0.15821104612983103,0.10390279839393776,0.15821104612983103,0.16432725054527803,0.23347022574534224,0.2857142857142857,12.798885265318285,-0.022094864022581477,-0.022094864022581477,0.7609326848055885,0.614371509173838,0.983320300182417,0.9142424701642228,0.9012509479809724,0.9142424701642228,0.9201057706693024,0.957983193277311,119,0
xception,2024,NeuralTextures,435_456,1,darkening_sev2,darkening,2,0.9526515848496381,0.9747899159663865,0.9747899159663865,0.2236477283467186,0.25712339148277835,0.2236477283467186,0.18914197552688625,0.15577249215181913,0.10274920574064215,0.15577249215181913,0.1627024865233972,0.2307661932927082,0.2857142857142857,12.83831651671594,-0.025503388347745903,-0.025503388347745903,0.7525777337493516,0.6137234607414037,0.9648893770248888,0.8700132889325449,0.8419884749906925,0.8700132889325449,0.8784879508998941,0.9495798319327731,119,0
xception,2024,NeuralTextures,435_456,1,darkening_sev3,darkening,3,0.9862100557118905,0.9915966386554622,0.9915966386554622,0.2339511207782646,0.2693642307061794,0.2339511207782646,0.19421033171270657,0.16633675976532614,0.10926772673045133,0.16633675976532614,0.16927093896753045,0.2405618235835898,0.2857142857142857,12.797336770706817,-0.006478806378460697,-0.006478806378460697,0.7584212953303041,0.5491609168278069,0.9577079961343604,0.8583151111316948,0.8170998561306346,0.8583151111316948,0.8749046110179252,0.9495798319327731,119,0
xception,2024,NeuralTextures,435_456,1,jpeg_sev1,jpeg,1,0.4354154488713551,0.3865546218487395,0.3865546218487395,0.1399941726194514,0.16272955147334653,0.1399941726194514,0.11700982733471431,0.09187026969820856,0.06152689601422352,0.09187026969820856,0.09440686357272172,0.12926971531004391,0.20168067226890757,13.604492580189424,0.01018613550524391,0.01018613550524391,0.40103037232186295,0.34017078669195383,0.5042480842224863,0.36595375274791375,0.3340641573589612,0.36595375274791375,0.4092810308056092,0.42857142857142855,119,0
xception,2024,NeuralTextures,435_456,1,jpeg_sev2,jpeg,2,0.008589404990980662,0.0,0.0,0.04040458869721748,0.03642284201647398,0.04040458869721748,0.040060113390162314,0.019884939354098706,0.0115116548057115,0.019884939354098706,0.024238049452929195,0.03507219962448736,0.008403361344537815,14.33021071778626,0.007578756932887942,0.007578756932887942,0.008186454464429614,0.008054312536918566,0.07427656863288046,0.015657110278564663,0.007252421609077428,0.015657110278564663,0.043546580909223545,0.04201680672268908,119,0
xception,2024,NeuralTextures,435_456,1,jpeg_sev3,jpeg,3,0.0007085782920152725,0.0,0.0,0.012607120643543388,0.0048560609507962635,0.012607120643543388,0.0184708651839558,0.005891259905410625,0.0014451614951481427,0.005891259905410625,0.010717399899269123,0.025836608234871168,0.0,14.3310638155256,0.0005192211382555881,0.0005192211382555881,0.0006318429945044984,0.0006193316058677674,0.061921050463110874,0.010678312839287007,0.003967088730794651,0.010678312839287007,0.023589068626411223,0.04201680672268908,119,0
xception,2024,NeuralTextures,435_456,1,resize_sev1,resize,1,0.9881596324824485,0.9915966386554622,0.9915966386554622,0.23207263494393324,0.2703345278217531,0.23207263494393324,0.1928506856630565,0.16372314931949383,0.10913394331336765,0.16372314931949383,0.16727935173814515,0.23962099486853922,0.3025210084033613,12.790951744848941,-0.004811066539347635,-0.004811066539347635,0.7327930037589634,0.7162210550315741,0.9520051312342397,0.852822807167448,0.8275752892530112,0.852822807167448,0.8567091907584676,0.9495798319327731,119,0
xception,2024,NeuralTextures,435_456,1,resize_sev2,resize,2,0.9541220582019883,0.9747899159663865,0.9747899159663865,0.22145687838818984,0.2624029826154242,0.22145687838818984,0.18337058491463412,0.15364786862271812,0.10564603014394205,0.15364786862271812,0.1559943792563026,0.23002697479329617,0.29411764705882354,12.9711281752386,-0.030828072525122558,-0.030828072525122558,0.7172784741748782,0.7162417504826889,0.8892347546346445,0.7306477950640411,0.716186676682755,0.7306477950640411,0.7284832223490653,0.9327731092436975,119,0
xception,2024,NeuralTextures,435_456,1,resize_sev3,resize,3,0.5791983437497451,0.5630252100840336,0.5630252100840336,0.09348068848776904,0.08338519436981869,0.09348068848776904,0.09826356229442088,0.05532609704212723,0.030549988344550832,0.05532609704212723,0.07274910598398439,0.10055289229453399,0.09243697478991597,13.591234808208561,-0.2940350274218857,-0.2940350274218857,0.3012267414151746,0.3303606674904708,0.476758208088371,0.287143913032544,0.312013947367088,0.287143913032544,0.2766670315682658,0.5546218487394958,119,0
xception,2024,NeuralTextures,437_360,1,brightening_sev1,brightening,1,0.9901396386402169,1.0,1.0,0.5013657497200358,0.541236754330858,0.5013657497200358,0.4454320788724697,0.27812942446903116,0.17295206415420075,0.27812942446903116,0.3142510663612419,0.5044449424990388,0.4948453608247423,15.688640161887887,-0.009860361359783024,-0.009860361359783024,0.710393490519413,0.6658740965361448,0.9791654939698456,0.8383291965842276,0.825807664150352,0.8383291965842276,0.8411352315324008,1.0,97,0
xception,2024,NeuralTextures,437_360,1,brightening_sev2,brightening,2,0.8183091259033409,0.8762886597938144,0.8762886597938144,0.4164184768151057,0.4625567061009108,0.4164184768151057,0.38456133992952035,0.22151830941248524,0.14483397350692284,0.22151830941248524,0.2602514665998325,0.4260417979767065,0.3917525773195876,15.951436318073076,-0.0993007787877751,-0.0993007787877751,0.5836618176286983,0.4799230343748614,0.815284291389431,0.5793934768676651,0.5847552276247315,0.5793934768676651,0.5733048405173434,0.8762886597938144,97,0
xception,2024,NeuralTextures,437_360,1,brightening_sev3,brightening,3,0.7431474014655831,0.8144329896907216,0.8144329896907216,0.40554186843087636,0.4416193103766702,0.40554186843087636,0.37360819520746863,0.21426987757823007,0.1377694772084247,0.21426987757823007,0.25046425486554497,0.41992331174943237,0.38144329896907214,15.936572654960083,-0.13858346472081448,-0.13858346472081448,0.5303554970425429,0.4645680234450655,0.7639740525976598,0.5308420641981554,0.527775677658575,0.5308420641981554,0.5048709419955354,0.8144329896907216,97,0
xception,2024,NeuralTextures,437_360,1,clean,clean,0,0.9999017850639894,1.0,1.0,0.5356123203195576,0.5517125387959929,0.5356123203195576,0.4767831071692872,0.3050443885269803,0.17693638282629598,0.3050443885269803,0.3453961589790881,0.526063765572386,0.4948453608247423,15.699051404736705,-9.821493601061021e-05,-9.821493601061021e-05,0.6899919154256889,0.5825322844932989,,,,,,,97,0
xception,2024,NeuralTextures,437_360,1,darkening_sev1,darkening,1,0.9999500851041263,1.0,1.0,0.5362172944608172,0.5512910630373026,0.5362172944608172,0.4777693316439352,0.3054990687586604,0.1768176017368077,0.3054990687586604,0.3461634294714357,0.5262812707108817,0.4948453608247423,15.69667988216754,-4.991489587370268e-05,-4.991489587370268e-05,0.6332650176950336,0.5478016609690853,0.9996513958793786,0.98023507304511,0.9758360850365235,0.98023507304511,0.978449034839343,1.0,97,0
xception,2024,NeuralTextures,437_360,1,darkening_sev2,darkening,2,0.9999937114027357,1.0,1.0,0.5372120630066533,0.5497023461067647,0.5372120630066533,0.48064149521962984,0.3066082059815661,0.17634068707953007,0.3066082059815661,0.34859582894911423,0.525776213211603,0.4948453608247423,15.725448824695706,-6.288597264239667e-06,-6.288597264239667e-06,0.535850164355691,0.44812307483756664,0.9985361103851914,0.9609719082050012,0.952871501430118,0.9609719082050012,0.9537148585247797,1.0,97,0
xception,2024,NeuralTextures,437_360,1,darkening_sev3,darkening,3,0.9999996546617488,1.0,1.0,0.5424558163850469,0.5487970889316672,0.5424558163850469,0.4869422047002604,0.3112919268935755,0.17613678919847928,0.3112919268935755,0.3544641930932413,0.5262836360566245,0.4948453608247423,15.798288089712871,-3.4533825117288176e-07,-3.4533825117288176e-07,0.4145261033908608,0.29590691149849246,0.9945472443833507,0.927055813039131,0.9075463094472701,0.927055813039131,0.91936731813178,1.0,97,0
xception,2024,NeuralTextures,437_360,1,jpeg_sev1,jpeg,1,0.9980088300311688,1.0,1.0,0.5285505667974372,0.5502311468817546,0.5285505667974372,0.47041064658109905,0.2993062601073514,0.17635684856051606,0.2993062601073514,0.3389873371139118,0.522988113248419,0.4948453608247423,15.660605715722152,-0.001991169968831149,-0.001991169968831149,0.7448411167589659,0.6506760360807488,0.9973562195589687,0.9443871095881432,0.9382029932106049,0.9443871095881432,0.9429363610551704,1.0,97,0
xception,2024,NeuralTextures,437_360,1,jpeg_sev2,jpeg,2,0.2323781370434948,0.20618556701030927,0.20618556701030927,0.3142336320071913,0.3284533323607071,0.3142336320071913,0.30879655968977937,0.15953794316272332,0.09878257549783674,0.15953794316272332,0.2002658874957199,0.3023877223073577,0.28865979381443296,16.74880627504329,-0.09034423517260087,-0.09034423517260087,0.21068761704643205,0.198741254407538,0.30422953063251884,0.18052719775081788,0.2134617777176374,0.18052719775081788,0.1865603515055218,0.20618556701030927,97,0
xception,2024,NeuralTextures,437_360,1,jpeg_sev3,jpeg,3,0.00020586947500030408,0.0,0.0,0.3584584993657982,0.44956196560623685,0.3584584993657982,0.2998870593319707,0.18047336212833764,0.13800463915385516,0.18047336212833764,0.18906531579686647,0.2564032273016337,0.4845360824742268,17.164016507335546,0.00017335589414004486,0.00017335589414004486,0.00018009952594218572,0.00017602593344074084,0.014538187609126368,0.0,0.0,0.0,0.007194331500340251,0.0,97,0
xception,2024,NeuralTextures,437_360,1,resize_sev1,resize,1,0.999854336079863,1.0,1.0,0.5334305791082189,0.5504151323458897,0.5334305791082189,0.4740558235692687,0.3033760377309635,0.1764916802052577,0.3033760377309635,0.34286550561906887,0.5243697048588869,0.4948453608247423,15.690641029593872,-0.0001456639201370621,-0.0001456639201370621,0.7421554185680508,0.6351273915509588,0.9996604226720771,0.9802839989259713,0.9750879541674374,0.9802839989259713,0.9796234546625223,1.0,97,0
xception,2024,NeuralTextures,437_360,1,resize_sev2,resize,2,0.9996880962676609,1.0,1.0,0.5319256977814633,0.5512074566221759,0.5319256977814633,0.47298888331669076,0.3020499145822789,0.1767482905450848,0.3020499145822789,0.3417715440672023,0.5239093881215885,0.4948453608247423,15.688534697306524,-0.0003119037323391222,-0.0003119037323391222,0.7666172935176141,0.6785188036173889,0.999013539132427,0.9654357265514728,0.9595221789095267,0.9654357265514728,0.9644975890959946,1.0,97,0
xception,2024,NeuralTextures,437_360,1,resize_sev3,resize,3,0.9902011727549366,1.0,1.0,0.5192549486429786,0.550507872499419,0.5192549486429786,0.4648403416354246,0.2921624130091083,0.17629260280732661,0.2921624130091083,0.3337002596354529,0.5163677900151517,0.4948453608247423,15.72225795824503,-0.009798790376210923,-0.009798790376210923,0.7685668188118443,0.7242199878409966,0.9843413676039052,0.8839572403986332,0.8806378632876695,0.8839572403986332,0.8805100535696208,1.0,97,0
xception,2024,NeuralTextures,456_435,1,brightening_sev1,brightening,1,0.9871857101175966,0.9915966386554622,0.9915966386554622,0.20269612984875413,0.23634668587914154,0.20269612984875413,0.17234432142925263,0.1263771741157614,0.08218098868885713,0.1263771741157614,0.13705717296164768,0.208361571868105,0.24369747899159663,12.769465438458099,-0.004560753155280543,-0.004560753155280543,0.9154435503061766,0.809337339485299,0.986006224742386,0.8865407799527384,0.8786870527481125,0.8865407799527384,0.8771190493930863,0.9915966386554622,119,0
xception,2024,NeuralTextures,456_435,1,brightening_sev2,brightening,2,0.9600789089914129,0.9747899159663865,0.9747899159663865,0.18805670117344997,0.22298207534428316,0.18805670117344997,0.16138051334721507,0.11481492060708731,0.07660607761503412,0.11481492060708731,0.12586538543802744,0.19412704069841893,0.23529411764705882,12.794812699325947,-0.008148039182444548,-0.008148039182444548,0.9016085664175271,0.7586037470262592,0.9510017513778621,0.789732953700505,0.7603285561395263,0.789732953700505,0.7830777460361645,0.9747899159663865,119,0
xception,2024,NeuralTextures,456_435,1,brightening_sev3,brightening,3,0.8886222553071605,0.907563025210084,0.907563025210084,0.16075711064307194,0.19239687937720648,0.16075711064307194,0.1398315571536632,0.09389590801138246,0.06436123078448573,0.09389590801138246,0.1037505497780785,0.16255072964940112,0.2184873949579832,12.947355847398773,-0.043257320930735185,-0.043257320930735185,0.8444192642343579,0.6993106640417993,0.8829434207310706,0.6574321072778337,0.6145770344690555,0.6574321072778337,0.6736826268153849,0.907563025210084,119,0
xception,2024,NeuralTextures,456_435,1,clean,clean,0,0.9982611867560058,1.0,1.0,0.2113988768613475,0.24610061463750268,0.2113988768613475,0.17848092905394386,0.13325119963541412,0.08602376908498868,0.13325119963541412,0.14347986386936754,0.2160275792938811,0.2605042016806723,12.752312035119834,-0.001738811240476707,-0.001738811240476707,0.8982100166270838,0.7534166790169328,,,,,,,119,0
xception,2024,NeuralTextures,456_435,1,darkening_sev1,darkening,1,0.9978110434628334,1.0,1.0,0.2062482664483203,0.24625876212796668,0.2062482664483203,0.17329939482900458,0.1286153982936142,0.08611442728513924,0.1286153982936142,0.1374004232712019,0.21241146798590027,0.25210084033613445,12.740133333606881,-0.0021889465195791893,-0.0021889465195791893,0.8951531857479081,0.8344499000755116,0.9955890605457962,0.936712021408973,0.9409433184270619,0.936712021408973,0.9227115646989136,1.0,119,0
xception,2024,NeuralTextures,456_435,1,darkening_sev2,darkening,2,0.9984585056785776,1.0,1.0,0.2102414668086807,0.24689439569990143,0.2102414668086807,0.17682771418963905,0.1319490326212312,0.08636983044224109,0.1319490326212312,0.1413616133995036,0.21852156182737748,0.25210084033613445,12.674852611637917,-0.0015384539836594872,-0.0015384539836594872,0.8912806198345262,0.8661249471327462,0.9921979261027725,0.905469722988372,0.9028554312615951,0.905469722988372,0.8962828498189516,1.0,119,0
xception,2024,NeuralTextures,456_435,1,darkening_sev3,darkening,3,0.9998443787839232,1.0,1.0,0.21805969491011995,0.24702991265279695,0.21805969491011995,0.18656181297520708,0.1391114650075651,0.08645690607921545,0.1391114650075651,0.1528797406157969,0.2253517118739317,0.25210084033613445,12.649203893517246,-0.00015562121607675801,-0.00015562121607675801,0.8268972049553355,0.7771218492641669,0.9881477529677478,0.8837151238587456,0.8750298035959169,0.8837151238587456,0.8729929495347565,1.0,119,0
xception,2024,NeuralTextures,456_435,1,jpeg_sev1,jpeg,1,0.9202172339212995,0.9495798319327731,0.9495798319327731,0.1803794803998608,0.20043975206900383,0.1803794803998608,0.15940405215948242,0.10904419182517106,0.06792096065903935,0.10904419182517106,0.12401216047961397,0.18565017278766968,0.21008403361344538,12.937125871161452,0.044494117725593606,0.044494117725593606,0.8679806863201367,0.7796677166080991,0.8943892917031933,0.7446770736127065,0.7283801114500046,0.7446770736127065,0.7424316988158608,0.9495798319327731,119,0
xception,2024,NeuralTextures,456_435,1,jpeg_sev2,jpeg,2,0.2508896121032782,0.20168067226890757,0.20168067226890757,0.06639900287356248,0.0636300584683241,0.06639900287356248,0.06047350397177887,0.033130215323746895,0.01889776790488768,0.033130215323746895,0.03826785043598923,0.06183472542948423,0.025210084033613446,13.89875322229722,0.07235579746629195,0.07235579746629195,0.24595538003164358,0.23687517585237988,0.27180124939858363,0.14451709351159037,0.1370403920375093,0.14451709351159037,0.1731726675374477,0.20168067226890757,119,0
xception,2024,NeuralTextures,456_435,1,jpeg_sev3,jpeg,3,0.003326025864592619,0.0,0.0,0.03385449719369291,0.03643753653378346,0.03385449719369291,0.029797100014315535,0.0150898001308858,0.010176558135906087,0.0150898001308858,0.01647339097632406,0.0314636313100881,0.0,14.197895955638725,0.0025749302884901315,0.0025749302884901315,0.003023381252304889,0.002732493702361696,0.049917712622160194,0.005493792773144997,0.0,0.005493792773144997,0.026674550113153863,0.0,119,0
xception,2024,NeuralTextures,456_435,1,resize_sev1,resize,1,0.999968930953691,1.0,1.0,0.2227693260813354,0.24699546000130496,0.2227693260813354,0.18929966947670537,0.14386141053701804,0.08645455755159287,0.14386141053701804,0.15652431496808641,0.2260297135773515,0.25210084033613445,12.701276707048176,-3.1069046309011154e-05,-3.1069046309011154e-05,0.7831554860502732,0.7748408931769243,0.9894744480540216,0.8951414490750771,0.8807519071558404,0.8951414490750771,0.8857812428458702,1.0,119,0
xception,2024,NeuralTextures,456_435,1,resize_sev2,resize,2,0.9998956062212712,1.0,1.0,0.2157007814078666,0.2468734325102471,0.2157007814078666,0.1830193169485411,0.13721597673229868,0.08638905572580895,0.13721597673229868,0.14896233392680944,0.21733083047861204,0.2605042016806723,12.775869978576146,-0.00010439377872883561,-0.00010439377872883561,0.7438737965431534,0.762782896328874,0.9827976399769047,0.8646015696124097,0.8425754417037088,0.8646015696124097,0.8563500800673894,1.0,119,0
xception,2024,NeuralTextures,456_435,1,resize_sev3,resize,3,0.9971465167879057,1.0,1.0,0.2188291186105709,0.2398380147544641,0.2188291186105709,0.18815101448431967,0.14134895031159872,0.08361862978135068,0.14134895031159872,0.15617224732146637,0.21678731107037708,0.24369747899159663,12.777119179733662,-0.0028357160191575955,-0.0028357160191575955,0.736166592217794,0.7778562888690904,0.9720681795408519,0.8371771188049779,0.8149827212308317,0.8371771188049779,0.8139816253219954,1.0,119,0
xception,2024,NeuralTextures,607_683,1,brightening_sev1,brightening,1,0.9997843064759907,1.0,1.0,0.37038259737402135,0.3679163626887121,0.37038259737402135,0.3490657866747114,0.21263565812933527,0.1166816156065075,0.21263565812933527,0.25818621461110025,0.362822494785701,0.3684210526315789,15.984187577900133,-0.0002156919554660105,-0.0002156919554660105,0.3829443333180327,0.04756814398263625,0.9986883087382283,0.9598432435024696,0.9390606455489577,0.9598432435024696,0.9670633949213359,1.0,76,0
xception,2024,NeuralTextures,607_683,1,brightening_sev2,brightening,2,0.9972583204507828,1.0,1.0,0.37675598563605694,0.37626687596136454,0.37675598563605694,0.35616593432886173,0.21451333817679832,0.119475023725761,0.21451333817679832,0.26143888220570594,0.36850791510573166,0.3684210526315789,15.977768396076403,-0.002741654452524667,-0.002741654452524667,0.43642217744337886,0.058489929688604204,0.9901308385702056,0.8855409177383868,0.8454883194672981,0.8855409177383868,0.897216780115904,1.0,76,0
xception,2024,NeuralTextures,607_683,1,brightening_sev3,brightening,3,0.9918040852797659,1.0,1.0,0.3747002205964241,0.3786516830817663,0.3747002205964241,0.35502493670121477,0.2105045545372959,0.12003219800264697,0.2105045545372959,0.25555603070468136,0.3701132598741955,0.3684210526315789,15.920935342186375,-0.008195762571535582,-0.008195762571535582,0.5166100830231842,0.0759202924213911,0.972804107268319,0.8038856405367202,0.7569392305391792,0.8038856405367202,0.819210269387392,1.0,76,0
xception,2024,NeuralTextures,607_683,1,clean,clean,0,0.9999766624287555,1.0,1.0,0.3675756422629541,0.3653648815406823,0.3675756422629541,0.347704703438771,0.21129421703770124,0.11580388909139214,0.21129421703770124,0.2575011797007328,0.3604336524950838,0.35526315789473684,15.998276810897025,-2.3337571244487653e-05,-2.3337571244487653e-05,0.29002277553081507,0.041640950660956494,,,,,,,76,0
xception,2024,NeuralTextures,607_683,1,darkening_sev1,darkening,1,0.9999973272022448,1.0,1.0,0.3659064249223562,0.36336496713169947,0.3659064249223562,0.34669779064180645,0.21056040992603844,0.11509006478745105,0.21056040992603844,0.2568387121225099,0.35933034733132996,0.3684210526315789,15.998820756611071,-2.672797755191201e-06,-2.672797755191201e-06,0.2834929082738725,0.06820844270681076,0.9988993646532953,0.9614336645067956,0.946381993859542,0.9614336645067956,0.968693578902182,1.0,76,0
xception,2024,NeuralTextures,607_683,1,darkening_sev2,darkening,2,0.9999999623549612,1.0,1.0,0.3673984617743079,0.36063758602811974,0.3673984617743079,0.3520333613356107,0.2128354891337257,0.11408754264647229,0.2128354891337257,0.2638688682099168,0.3600524223661415,0.39473684210526316,16.0538266081559,-3.7645038805509866e-08,-3.7645038805509866e-08,0.22599332897286661,0.05811492785027148,0.9957999690520872,0.9213759781661447,0.8999662784396071,0.9213759781661447,0.9325242659627431,1.0,76,0
xception,2024,NeuralTextures,607_683,1,darkening_sev3,darkening,3,0.9999999937258268,1.0,1.0,0.36788796539742835,0.35722627358064,0.36788796539742835,0.35689692317939437,0.21498467281787506,0.11280053090643835,0.21498467281787506,0.27079544227317437,0.3601580644890003,0.39473684210526316,16.055735073591535,-6.274173134251644e-09,-6.274173134251644e-09,0.2296982827155213,0.08848278773458376,0.9883757207348309,0.8646882874906491,0.831583482236639,0.8646882874906491,0.8846494390004734,1.0,76,0
xception,2024,NeuralTextures,607_683,1,jpeg_sev1,jpeg,1,0.9999237131131323,1.0,1.0,0.36787491359360913,0.364789481078235,0.36787491359360913,0.3470767327748027,0.21183038853985509,0.11557501692957388,0.21183038853985509,0.25716883309395827,0.36041702219277266,0.3684210526315789,15.978209696317974,-7.628688686771447e-05,-7.628688686771447e-05,0.32383162685130773,0.04764513357689501,0.998406712672421,0.956857969888218,0.9420520408578202,0.956857969888218,0.9638240126786723,1.0,76,0
xception,2024,NeuralTextures,607_683,1,jpeg_sev2,jpeg,2,0.9713453038742668,0.9868421052631579,0.9868421052631579,0.3557705947532434,0.35916100445417404,0.3557705947532434,0.3407645475201152,0.2052266955592994,0.11342366091192316,0.2052266955592994,0.2558995201019489,0.347807887148019,0.3684210526315789,16.112168437556218,0.0010255438912856272,0.0010255438912856272,0.3778004487731347,0.08908337795812829,0.9432471658570892,0.8227611999880575,0.8051907803862978,0.8227611999880575,0.8329679598073442,0.9868421052631579,76,0
xception,2024,NeuralTextures,607_683,1,jpeg_sev3,jpeg,3,0.02866728507950407,0.0,0.0,0.20131474756872025,0.20893618251914822,0.20131474756872025,0.24515594680828282,0.0998737562662356,0.0597186575038539,0.0998737562662356,0.16007528149646486,0.2382181031869177,0.32894736842105265,17.223015860507363,0.026087410206328966,0.026087410206328966,0.02822083526739569,0.027796887130821905,0.07380046121955543,0.0033627551207297845,2.8159032831085523e-05,0.0033627551207297845,0.031064230123045326,0.0,76,0
xception,2024,NeuralTextures,607_683,1,resize_sev1,resize,1,0.999980232433269,1.0,1.0,0.3668340008825244,0.36581889956478747,0.3668340008825244,0.3462179755712162,0.21055928122465514,0.11595018971921925,0.21055928122465514,0.25566627978046413,0.3602186351675443,0.35526315789473684,15.990005693937603,-1.97675667310989e-05,-1.97675667310989e-05,0.2904609296666948,0.046019316503876084,0.9997082599788127,0.9798596688909054,0.9741197660350049,0.9798596688909054,0.9819653641642313,1.0,76,0
xception,2024,NeuralTextures,607_683,1,resize_sev2,resize,2,0.9999859262453882,1.0,1.0,0.3672059211398568,0.3659275394252816,0.3672059211398568,0.3465052396571437,0.21081246595527303,0.11600896338227579,0.21081246595527303,0.2558672628117674,0.36020315109007356,0.35526315789473684,15.98988013518484,-1.407375461176647e-05,-1.407375461176647e-05,0.2991532495147303,0.04429144451492706,0.9994940310889573,0.9730451592961689,0.966354527494094,0.9730451592961689,0.9764519719912569,1.0,76,0
xception,2024,NeuralTextures,607_683,1,resize_sev3,resize,3,0.9999848972809943,1.0,1.0,0.36442312941680494,0.36472894385401305,0.36442312941680494,0.3436222488449382,0.20876179989478977,0.11558042857172335,0.20876179989478977,0.2527737053631995,0.358255677785944,0.35526315789473684,15.978032061928197,-1.5102719005784509e-05,-1.5102719005784509e-05,0.31559147215203237,0.05119721826754113,0.9985669407427789,0.9569826155543623,0.9473690380542458,0.9569826155543623,0.9609354636105166,1.0,76,0
xception,2024,NeuralTextures,671_677,1,brightening_sev1,brightening,1,0.9999891625174994,1.0,1.0,0.4083548940221572,0.46877568314597734,0.4083548940221572,0.3479574261015506,0.2402251498881067,0.1520313056395861,0.2402251498881067,0.2642631850715542,0.4154070935745285,0.5063291139240507,15.79820950423615,-1.0837482500678868e-05,-1.0837482500678868e-05,0.7877900844227664,0.28642410775528676,0.9990176610715041,0.963643881023118,0.9490970193534216,0.963643881023118,0.966068951659728,1.0,79,0
xception,2024,NeuralTextures,671_677,1,brightening_sev2,brightening,2,0.9999656714970553,1.0,1.0,0.4002061851156276,0.4686001641347449,0.4002061851156276,0.3399245522480069,0.2331825437016008,0.1519364010770362,0.2331825437016008,0.2550250465923375,0.4124609468796892,0.5063291139240507,15.776612342158451,-3.432850294475085e-05,-3.432850294475085e-05,0.8056478524415553,0.2324776719265346,0.9943973596029103,0.907617037844796,0.8901615775150595,0.907617037844796,0.9137281903521983,1.0,79,0
xception,2024,NeuralTextures,671_677,1,brightening_sev3,brightening,3,0.990392964097518,1.0,1.0,0.367112388985724,0.44816138280573187,0.367112388985724,0.3043695321711262,0.20630682195104388,0.14343804601870147,0.20630682195104388,0.21710390703603596,0.39100176383989715,0.5063291139240507,15.746762263623975,-0.009604998781711204,-0.009604998781711204,0.8275508412360391,0.18336624996382975,0.9238878801552274,0.6823762475500231,0.6304505266546377,0.6823762475500231,0.6959601713012905,1.0,79,0
xception,2024,NeuralTextures,671_677,1,clean,clean,0,0.9999988984458054,1.0,1.0,0.4109593877607299,0.46846453915797626,0.4109593877607299,0.3509274485854756,0.24248308488743067,0.15192411865102623,0.24248308488743067,0.2676950096035565,0.415971661937096,0.5063291139240507,15.813895780828934,-1.1015541945831685e-06,-1.1015541945831685e-06,0.7421950928961174,0.2939802478008632,,,,,,,79,0
xception,2024,NeuralTextures,671_677,1,darkening_sev1,darkening,1,0.999999930586996,1.0,1.0,0.41368650885276176,0.46789029452880043,0.41368650885276176,0.35318716246944565,0.24485807750350205,0.15169120394859573,0.24485807750350205,0.2703107261843138,0.4170332298432665,0.5063291139240507,15.817737349980995,-6.941300404222706e-08,-6.941300404222706e-08,0.6828075404974479,0.28091821640352654,0.9995939625514514,0.9770870729685015,0.9692389494206165,0.9770870729685015,0.9773184415024364,1.0,79,0
xception,2024,NeuralTextures,671_677,1,darkening_sev2,darkening,2,0.9999999969820433,1.0,1.0,0.41685050705502974,0.4675332946677067,0.41685050705502974,0.3556295958665213,0.24765189385087719,0.15154685079735822,0.24765189385087719,0.2731731746238431,0.4174629007750098,0.5063291139240507,15.837120321732533,-3.017956697488133e-09,-3.017956697488133e-09,0.583623769539821,0.2240186616589751,0.9986153952147032,0.9564433733408539,0.9443770287273666,0.9564433733408539,0.9572026795011485,1.0,79,0
xception,2024,NeuralTextures,671_677,1,darkening_sev3,darkening,3,1.0,1.0,1.0,0.4213524290435024,0.4669799891149662,0.4213524290435024,0.3593728919764042,0.2516664857104162,0.15133291448736036,0.2516664857104162,0.2776352207245658,0.41762165530819934,0.5063291139240507,15.876204647595369,0.0,0.0,0.4409182626235334,0.1677354015881502,0.9961599816479291,0.927510981422865,0.9064834015838312,0.927510981422865,0.9299380015123216,1.0,79,0
xception,2024,NeuralTextures,671_677,1,jpeg_sev1,jpeg,1,0.999882974956609,1.0,1.0,0.40727954858609633,0.46833032531914487,0.40727954858609633,0.3475555631295734,0.23926367320044986,0.1518547548732689,0.23926367320044986,0.2637720671100191,0.41750899470205227,0.5063291139240507,15.754870680314076,-0.00011702504339097026,-0.00011702504339097026,0.8297437096981308,0.4018927984222581,0.9984499802588165,0.9595559344669824,0.9496510454649804,0.9595559344669824,0.9570483992654424,1.0,79,0
xception,2024,NeuralTextures,671_677,1,jpeg_sev2,jpeg,2,0.7796177261190701,0.8227848101265823,0.8227848101265823,0.3327492345205829,0.38651852363395034,0.3327492345205829,0.28819868362143414,0.18453720036926696,0.12236767457821933,0.18453720036926696,0.20459686166364974,0.3366138927066473,0.4177215189873418,16.041144020949737,-0.13092665648665514,-0.13092665648665514,0.6806360807644108,0.3232448405757122,0.853897779755255,0.6674726559480916,0.6667464902922512,0.6674726559480916,0.6763877791809053,0.8227848101265823,79,0
xception,2024,NeuralTextures,671_677,1,jpeg_sev3,jpeg,3,0.0047202202006275075,0.0,0.0,0.10623642814360859,0.06383070837779495,0.10623642814360859,0.10607854632231076,0.04725452144839074,0.017027134082443725,0.04725452144839074,0.060269574224300106,0.0818248698287235,0.02531645569620253,17.20284510262405,0.0025429115786336,0.0025429115786336,0.0042181806316023305,0.004125089668308647,0.034793652283854004,0.000891714199046857,0.0,0.000891714199046857,0.02267135864677777,0.0,79,0
xception,2024,NeuralTextures,671_677,1,resize_sev1,resize,1,0.9999996876414818,1.0,1.0,0.41071328802256957,0.46805927921003215,0.41071328802256957,0.35099981493443017,0.2422598515789324,0.15176305225519204,0.2422598515789324,0.26777961326320643,0.4157378709369068,0.5063291139240507,15.811253608027592,-3.123585181900218e-07,-3.123585181900218e-07,0.7555667290204688,0.3281329551452322,0.9996531034007499,0.9779172449203649,0.9692778894309955,0.9779172449203649,0.9801924213259812,1.0,79,0
xception,2024,NeuralTextures,671_677,1,resize_sev2,resize,2,0.9999998626829703,1.0,1.0,0.41075453835894016,0.4680128495345332,0.41075453835894016,0.351140780355107,0.24230892465507448,0.15174638089765807,0.24230892465507448,0.2679351841665594,0.41549616666420014,0.5063291139240507,15.81471020662332,-1.3731702973571004e-07,-1.3731702973571004e-07,0.7411096618522571,0.34606345469438576,0.9990241247162384,0.9621029545037615,0.9486385747470788,0.9621029545037615,0.9669710433822869,1.0,79,0
xception,2024,NeuralTextures,671_677,1,resize_sev3,resize,3,0.9999995005281666,1.0,1.0,0.40886689961653044,0.4687513833044337,0.40886689961653044,0.3498004648552817,0.24064875931892468,0.15205006749579414,0.24064875931892468,0.2663757768593846,0.41779621325562394,0.5063291139240507,15.767284960686405,-4.99471833434286e-07,-4.99471833434286e-07,0.7836601913352556,0.42030870612663557,0.997283398789933,0.9417744406646645,0.9246093594197718,0.9417744406646645,0.9442607987805158,1.0,79,0
xception,2024,NeuralTextures,677_671,1,brightening_sev1,brightening,1,0.9999997117851354,1.0,1.0,0.2580588490593555,0.27624146323519255,0.2580588490593555,0.21615006193364286,0.17687531130550962,0.10329329572276476,0.17687531130550962,0.1852991119805053,0.23679487720770326,0.27848101265822783,15.860721696781207,-2.882148646101167e-07,-2.882148646101167e-07,0.4093511847755577,0.007280690760552083,0.9914766576421864,0.8788986853854577,0.8595870769838645,0.8788986853854577,0.8969581804229046,1.0,79,0
xception,2024,NeuralTextures,677_671,1,brightening_sev2,brightening,2,0.9999504753305942,1.0,1.0,0.25170303347657885,0.274957364353618,0.25170303347657885,0.20996540225850632,0.17014018146531415,0.10265594676612091,0.17014018146531415,0.17707870922056396,0.2360165242759531,0.2911392405063291,15.810039109821561,-4.952466940578024e-05,-4.952466940578024e-05,0.49472632513770576,0.014259060726890033,0.9821508634810339,0.8314690855676657,0.8011032356618603,0.8314690855676657,0.8491300398249834,1.0,79,0
xception,2024,NeuralTextures,677_671,1,brightening_sev3,brightening,3,0.9998054383676264,1.0,1.0,0.24385152704374674,0.27260201705089343,0.24385152704374674,0.20452927289804773,0.16214712368963066,0.10148842106084131,0.16214712368963066,0.17008780623581482,0.23469381170367246,0.3037974683544304,15.759273722201963,-0.00019456163237366002,-0.00019456163237366002,0.5602503899909272,0.033881826491295494,0.9648073385962784,0.7657701229371556,0.7227934664727473,0.7657701229371556,0.7927843875125742,1.0,79,0
xception,2024,NeuralTextures,677_671,1,clean,clean,0,1.0,1.0,1.0,0.2650082452119912,0.2761738581312406,0.2650082452119912,0.22432846063121745,0.18442206038658246,0.10327106883997553,0.18442206038658246,0.1966301031500284,0.2333824696738916,0.24050632911392406,16.009009952786602,0.0,0.0,0.2932735975784591,0.005767473691626382,,,,,,,79,0
xception,2024,NeuralTextures,677_671,1,darkening_sev1,darkening,1,1.0,1.0,1.0,0.26810693451877254,0.2769240668206284,0.26810693451877254,0.22603616970533638,0.187871447965702,0.10365425693220641,0.187871447965702,0.19907905745020615,0.23491877876415856,0.24050632911392406,16.011181903790824,0.0,0.0,0.24520001154911664,0.006614952902250605,0.9992869074092555,0.9651575697840215,0.950868663721491,0.9651575697840215,0.9689403015173546,1.0,79,0
xception,2024,NeuralTextures,677_671,1,darkening_sev2,darkening,2,1.0,1.0,1.0,0.27125616671290853,0.27682423184590293,0.27125616671290853,0.22925578310291625,0.1914184301309118,0.1036127111070091,0.1914184301309118,0.2037327983017721,0.23711354478683447,0.24050632911392406,16.003864855705938,0.0,0.0,0.25633197343802144,0.0073763199999362155,0.9978440660472893,0.9388032298072003,0.9200955275211433,0.9388032298072003,0.9419181531096799,1.0,79,0
xception,2024,NeuralTextures,677_671,1,darkening_sev3,darkening,3,1.0,1.0,1.0,0.27375182737089643,0.27667066911497096,0.27375182737089643,0.23338250474643069,0.19428967628293267,0.10354564520238117,0.19428967628293267,0.209832905773839,0.24200655873883184,0.24050632911392406,15.958383632611625,0.0,0.0,0.2970922804331477,0.017506318756296612,0.9945806524652285,0.9048847912833836,0.8872306760300279,0.9048847912833836,0.9000242522961602,1.0,79,0
xception,2024,NeuralTextures,677_671,1,jpeg_sev1,jpeg,1,0.999999965293498,1.0,1.0,0.2647026092231496,0.2754311472959277,0.2647026092231496,0.22383011222853197,0.18409951245171122,0.10289780915458463,0.18409951245171122,0.19593486619439301,0.23623153725371537,0.24050632911392406,15.948510797717903,-3.470650202111353e-08,-3.470650202111353e-08,0.3613897116878364,0.008429220205620829,0.9986947679062578,0.9582087282614282,0.9487802678112743,0.9582087282614282,0.9610544417313439,1.0,79,0
xception,2024,NeuralTextures,677_671,1,jpeg_sev2,jpeg,2,0.9960781652716142,1.0,1.0,0.25290896874990154,0.2724714845217769,0.25290896874990154,0.2143006257845025,0.17164807678345834,0.10142185876782248,0.17164807678345834,0.1831744207434745,0.23991136139608055,0.22784810126582278,15.713268750830542,-0.003921834728385807,-0.003921834728385807,0.5824552194887325,0.06813296222988559,0.9780041070448997,0.8528243694058375,0.8408007539753724,0.8528243694058375,0.843963793261592,1.0,79,0
xception,2024,NeuralTextures,677_671,1,jpeg_sev3,jpeg,3,0.059930297781866516,0.012658227848101266,0.012658227848101266,0.07010638137626105,0.04358007457833607,0.07010638137626105,0.06826783832333888,0.03500862451475772,0.013776032397834053,0.03500862451475772,0.042757106603097624,0.053250873176017045,0.05063291139240506,16.866437960274613,0.03224895752765988,0.03224895752765988,0.058001249654589124,0.05169801008309192,0.21396616168309265,0.05790643852679158,0.011035986658483524,0.05790643852679158,0.15781968444291541,0.012658227848101266,79,0
xception,2024,NeuralTextures,677_671,1,resize_sev1,resize,1,1.0,1.0,1.0,0.2645504470990781,0.276196240496429,0.2645504470990781,0.22331022875649942,0.18392144012225806,0.10328298236921613,0.18392144012225806,0.1951797060116926,0.2329913952398011,0.24050632911392406,16.0030679340604,0.0,0.0,0.35103678665583643,0.009011638315418041,0.9995364598483362,0.9703391376309145,0.9701867704110487,0.9703391376309145,0.9733106473754569,1.0,79,0
xception,2024,NeuralTextures,677_671,1,resize_sev2,resize,2,1.0,1.0,1.0,0.26318442101926737,0.27626828655212066,0.26318442101926737,0.22180270008120698,0.18243390392759262,0.10332101202426187,0.18243390392759262,0.19307326027811333,0.23101674960316299,0.24050632911392406,16.016004658952543,0.0,0.0,0.37842068113858185,0.012310368350789469,0.9986820867779135,0.948003760543117,0.9506345490802909,0.948003760543117,0.954809292596269,1.0,79,0
xception,2024,NeuralTextures,677_671,1,resize_sev3,resize,3,0.9999991836427133,1.0,1.0,0.2654506860527096,0.27746017582431176,0.2654506860527096,0.2234422713672838,0.18492494801984197,0.10391671602860418,0.18492494801984197,0.1954370666313735,0.23894254880957658,0.25316455696202533,15.883282854587216,-8.1635728667054e-07,-8.1635728667054e-07,0.5994031829170033,0.04465174297743201,0.9956187525498973,0.9280442363896695,0.9212390179372782,0.9280442363896695,0.925752319530059,1.0,79,0
xception,2024,NeuralTextures,683_607,1,brightening_sev1,brightening,1,0.9998844399263984,1.0,1.0,0.39035656132189045,0.4352713863550414,0.39035656132189045,0.3339782539330486,0.2441346311276993,0.1478000636544421,0.2441346311276993,0.26963670303853676,0.39508208335126027,0.4342105263157895,15.516385316848755,-0.00011554281962544468,-0.00011554281962544468,0.6463195324728364,0.062087106077294556,0.9954663116024765,0.9261474392272446,0.8981613707443487,0.9261474392272446,0.9307792618270319,1.0,76,0
xception,2024,NeuralTextures,683_607,1,brightening_sev2,brightening,2,0.9985432491490716,1.0,1.0,0.3857008375018309,0.4335938443725799,0.3857008375018309,0.32432008004585944,0.2396236020714814,0.14701955381885679,0.2396236020714814,0.2573595518460444,0.3946096836241188,0.40789473684210525,15.44838221449601,-0.0014561453932209795,-0.0014561453932209795,0.7194498547990071,0.11117785463207641,0.9888649020309779,0.8905008091832388,0.8500452287455833,0.8905008091832388,0.8900026440059603,1.0,76,0
xception,2024,NeuralTextures,683_607,1,brightening_sev3,brightening,3,0.8747221427528482,0.9605263157894737,0.9605263157894737,0.3648542759763445,0.4220300767575997,0.3648542759763445,0.31775406932548006,0.22037450435052638,0.141808885989208,0.22037450435052638,0.24775557048973065,0.3952431770590844,0.4473684210526316,15.205579682400352,-0.12445175647735592,-0.12445175647735592,0.7045546286788426,0.41967863305226755,0.9174565237535958,0.7094389248530464,0.6322666174930888,0.7094389248530464,0.7612352967901514,0.9605263157894737,76,0
xception,2024,NeuralTextures,683_607,1,clean,clean,0,0.9999929744946329,1.0,1.0,0.3971904211591433,0.4362943689799808,0.3971904211591433,0.34628479470401324,0.2507832000416585,0.14826841576906077,0.2507832000416585,0.2856513114963531,0.3960585017540141,0.4473684210526316,15.606587786423532,-7.02550536707793e-06,-7.02550536707793e-06,0.576006877775255,0.03123680776671355,,,,,,,76,0
xception,2024,NeuralTextures,683_607,1,darkening_sev1,darkening,1,0.9999935595612777,1.0,1.0,0.39511899722140525,0.43615993956713994,0.39511899722140525,0.34312681507561976,0.24876024881306602,0.1482073148504052,0.24876024881306602,0.28144194039034554,0.39503343295141574,0.4473684210526316,15.597209277905916,-6.440438722308778e-06,-6.440438722308778e-06,0.5421258685620207,0.03451011447530039,0.9996450671975049,0.9778201685979905,0.9688480572352866,0.9778201685979905,0.9825581673785347,1.0,76,0
xception,2024,NeuralTextures,683_607,1,darkening_sev2,darkening,2,0.9999970621184299,1.0,1.0,0.3957435259490659,0.4359649205546797,0.3957435259490659,0.34511335460011755,0.24938779558854965,0.14813416269139248,0.24938779558854965,0.28411062742844156,0.394482288445238,0.4473684210526316,15.618911504745483,-2.9378815701133327e-06,-2.9378815701133327e-06,0.49275879542294304,0.04395332069773419,0.9994635697846949,0.9736829424185891,0.9630692591333565,0.9736829424185891,0.9799955786463123,1.0,76,0
xception,2024,NeuralTextures,683_607,1,darkening_sev3,darkening,3,0.999996575870012,1.0,1.0,0.39599323447514523,0.4357403547239504,0.39599323447514523,0.34563913659307033,0.2496063392097099,0.14803154930293033,0.2496063392097099,0.28478477343828534,0.39504159014525664,0.4473684210526316,15.615168910277518,-3.422561444734272e-06,-3.422561444734272e-06,0.46832773677612605,0.06272504204197929,0.9991279659373205,0.9662260697945855,0.9540895377435787,0.9662260697945855,0.974643567774429,1.0,76,0
xception,2024,NeuralTextures,683_607,1,jpeg_sev1,jpeg,1,0.9999951594754269,1.0,1.0,0.3973612050831015,0.43592367182084446,0.3973612050831015,0.3462273012138612,0.2509650826392877,0.14809358812422446,0.2509650826392877,0.285576103520874,0.3961822934980052,0.4473684210526316,15.605226604562057,-4.840524573075144e-06,-4.840524573075144e-06,0.5468586328390398,0.025711244658419907,0.9995178385613446,0.975015091116575,0.9634224240958728,0.975015091116575,0.9821268050271127,1.0,76,0
xception,2024,NeuralTextures,683_607,1,jpeg_sev2,jpeg,2,0.999922043398807,1.0,1.0,0.39482745708873623,0.4356559457516376,0.39482745708873623,0.33892190939584327,0.24850642024224726,0.14796140291667015,0.24850642024224726,0.2760393165695725,0.3966643921153768,0.4342105263157895,15.543792486190796,-7.795660119307168e-05,-7.795660119307168e-05,0.5187462587889872,0.019240218557809486,0.9979331793415579,0.9538620592027947,0.9387374766380756,0.9538620592027947,0.9539071804200923,1.0,76,0
xception,2024,NeuralTextures,683_607,1,jpeg_sev3,jpeg,3,0.18020391999131163,0.09210526315789473,0.09210526315789473,0.2457327683302074,0.29574171262968163,0.2457327683302074,0.20392075963317352,0.1356182458763392,0.09518418423206339,0.1356182458763392,0.14301749957361473,0.1890394976877398,0.3684210526315789,16.742135625136527,-0.012198577032234599,-0.012198577032234599,0.16410093886464122,0.11691390630451338,0.24339800160512146,0.1156778702577015,0.0875328013406237,0.1156778702577015,0.18424093335843292,0.09210526315789473,76,0
xception,2024,NeuralTextures,683_607,1,resize_sev1,resize,1,0.9999930152767583,1.0,1.0,0.39677480140346016,0.4363677332533273,0.39677480140346016,0.3457530324636665,0.2503693560905192,0.14830798897453024,0.2503693560905192,0.28493596276753214,0.3958889264884184,0.4473684210526316,15.604805419319554,-6.984723241705325e-06,-6.984723241705325e-06,0.5897049292137748,0.034360182128454465,0.9998843134476418,0.9880413956005526,0.9826129501917228,0.9880413956005526,0.9908192747974762,1.0,76,0
xception,2024,NeuralTextures,683_607,1,resize_sev2,resize,2,0.9999939501285553,1.0,1.0,0.39643955858594493,0.4358572555251295,0.39643955858594493,0.34550081484222145,0.25003538782264484,0.14808018208102466,0.25003538782264484,0.2845672535939303,0.3955114852501503,0.4473684210526316,15.60650930906597,-6.0498714447012235e-06,-6.0498714447012235e-06,0.5918318841018175,0.03347469552567126,0.9998099271711917,0.9840984551297609,0.9771655667855179,0.9840984551297609,0.9883588052550268,1.0,76,0
xception,2024,NeuralTextures,683_607,1,resize_sev3,resize,3,0.9999888602056002,1.0,1.0,0.39649871043743845,0.4359766909130191,0.39649871043743845,0.3457660438157227,0.25013400349506576,0.14814563385482854,0.25013400349506576,0.2849443452105713,0.3953141765209627,0.4473684210526316,15.61361423291658,-1.1139794399862355e-05,-1.1139794399862355e-05,0.6172310641329539,0.03645704765068852,0.999511412457588,0.9739854519209924,0.9646681605445072,0.9739854519209924,0.9797189628412036,1.0,76,0
xception,2024,NeuralTextures,876_891,1,brightening_sev1,brightening,1,0.6644711728975479,0.6756756756756757,0.6756756756756757,0.11579827446400719,0.1443729603746958,0.11579827446400719,0.09993991269652683,0.06309647031389556,0.04678523729620358,0.06309647031389556,0.06865408249283873,0.115709649372392,0.21621621621621623,14.313623067494985,-0.04923471065263287,-0.04923471065263287,0.6130524249110257,0.6200172666549161,0.9899904430294983,0.8426810919808847,0.8488482891633335,0.8426810919808847,0.857503227845072,0.9324324324324325,74,0
xception,2024,NeuralTextures,876_891,1,brightening_sev2,brightening,2,0.6662291332173187,0.6891891891891891,0.6891891891891891,0.11007454755282951,0.13348565640493743,0.11007454755282951,0.0945675808793486,0.05980127203286767,0.04285726641376391,0.05980127203286767,0.06438464309728353,0.11044317968823339,0.20270270270270271,14.321961067818307,-0.03778014089157049,-0.03778014089157049,0.6077617985240461,0.5916171198997118,0.9762478753268217,0.7661964905046897,0.7772850380149245,0.7661964905046897,0.7779915712251531,0.8918918918918919,74,0
xception,2024,NeuralTextures,876_891,1,brightening_sev3,brightening,3,0.4271396456500264,0.4189189189189189,0.4189189189189189,0.06405407657341781,0.07509289813117737,0.06405407657341781,0.05930494741740515,0.03125373006513558,0.02242786082951581,0.03125373006513558,0.03648641638893321,0.0640635385717273,0.13513513513513514,14.677254174206707,-0.0803184259283306,-0.0803184259283306,0.38735809297469204,0.36603398579117724,0.8837193215200629,0.5948107135397875,0.5607057348417042,0.5948107135397875,0.634233561558362,0.7567567567567568,74,0
xception,2024,NeuralTextures,876_891,1,clean,clean,0,0.6302237227319967,0.6351351351351351,0.6351351351351351,0.1094301310426879,0.13854048508187175,0.1094301310426879,0.09528630709458859,0.059281772702705196,0.04514947134817813,0.059281772702705196,0.0650880762384124,0.11265226585279006,0.20270270270270271,14.341070252495843,-0.036884273874346854,-0.036884273874346854,0.5779319913118662,0.6000336758804986,,,,,,,74,0
xception,2024,NeuralTextures,876_891,1,darkening_sev1,darkening,1,0.6366666399722768,0.6351351351351351,0.6351351351351351,0.11277059800786995,0.13660337148904977,0.11277059800786995,0.10383398761428567,0.06114879409621376,0.04516568798861838,0.06114879409621376,0.07138526536050532,0.1182421310951191,0.17567567567567569,14.364038286982355,-0.03340198973042738,-0.03340198973042738,0.5959880246861045,0.6149524682440568,0.9880416332525686,0.8297169078145032,0.8435685280226791,0.8297169078145032,0.8341287993313063,0.972972972972973,74,0
xception,2024,NeuralTextures,876_891,1,darkening_sev2,darkening,2,0.7017688305192703,0.7027027027027027,0.7027027027027027,0.1182847975735039,0.14283330241674957,0.1182847975735039,0.1084741589639718,0.06419585502024047,0.047075981775519284,0.06419585502024047,0.07449602740120267,0.12457152201066324,0.20270270270270271,14.403468969705942,0.03509538770477113,0.03509538770477113,0.6573584193176577,0.6747059533577034,0.9635751401485909,0.7229115974594637,0.7498272370581672,0.7229115974594637,0.7325329555983194,0.9054054054054054,74,0
xception,2024,NeuralTextures,876_891,1,darkening_sev3,darkening,3,0.8507279510030875,0.8648648648648649,0.8648648648648649,0.12352036585631954,0.15758577076854818,0.12352036585631954,0.11856147518507143,0.06681928065915108,0.0524116871026498,0.06681928065915108,0.082014369823372,0.1328295650001443,0.1891891891891892,14.442565299369193,0.04667565765211714,0.04667565765211714,0.777473964772464,0.7736243060884394,0.9184456901269786,0.627756103310326,0.6485005533960858,0.627756103310326,0.6456576829649724,0.7702702702702703,74,0
xception,2024,NeuralTextures,876_891,1,jpeg_sev1,jpeg,1,0.13253016524312614,0.06756756756756757,0.06756756756756757,0.057778388600101385,0.06649480300825704,0.057778388600101385,0.05085913596529799,0.027077830071869313,0.019027762914096684,0.027077830071869313,0.029881223917306753,0.0531604186395974,0.1891891891891892,14.816479322072622,-0.044457363609753185,-0.044457363609753185,0.12935894925376976,0.12984014756059603,0.6628766123265054,0.33282206272164677,0.2736642372017831,0.33282206272164677,0.43702116941452473,0.43243243243243246,74,0
xception,2024,NeuralTextures,876_891,1,jpeg_sev2,jpeg,2,0.0014725513303002144,0.0,0.0,0.030363919212373428,0.03177150727487181,0.030363919212373428,0.0288743406897043,0.013287456344399644,0.008634366669233477,0.013287456344399644,0.01583555799489489,0.031866396490776744,0.04054054054054054,15.240190351331556,0.0013654565283177853,0.0013654565283177853,0.001428609081131025,0.0014221395512739874,0.36145521813130044,0.09632561407735866,0.04246612793686647,0.09632561407735866,0.18345511796922268,0.36486486486486486,74,0
xception,2024,NeuralTextures,876_891,1,jpeg_sev3,jpeg,3,0.0003073957357972024,0.0,0.0,0.015957439507637266,0.019028276720191528,0.015957439507637266,0.01680733816631545,0.006805896012974439,0.005079202268166461,0.006805896012974439,0.00898361626916499,0.025063298822469503,0.12162162162162163,15.15988202997156,0.00024685502516194396,0.00024685502516194396,0.00028673533673807794,0.00028202383504858156,0.34244426976860287,0.08312649408985925,0.04025819799578529,0.08312649408985925,0.1716780511590112,0.36486486486486486,74,0
xception,2024,NeuralTextures,876_891,1,resize_sev1,resize,1,0.7645845251610955,0.7972972972972973,0.7972972972972973,0.13735925785675326,0.16663736929996598,0.13735925785675326,0.1141200718108062,0.07982335515311367,0.055605168415566716,0.07982335515311367,0.08071825975985952,0.14479727693171243,0.21621621621621623,14.197080973032358,-0.03438929141171878,-0.03438929141171878,0.6284839456910394,0.707390223404808,0.9395849394514549,0.6621594489648553,0.7032706034607613,0.6621594489648553,0.6699902940044791,0.8108108108108109,74,0
xception,2024,NeuralTextures,876_891,1,resize_sev2,resize,2,0.8203721173308991,0.8783783783783784,0.8783783783783784,0.13155748951733612,0.16869558875407384,0.13155748951733612,0.11242053611636238,0.07469999118836161,0.05707444994852503,0.07469999118836161,0.07791239624959903,0.14048142365637603,0.1891891891891892,14.360493608423182,-0.04117157677742272,-0.04117157677742272,0.6595014634674314,0.7464844931256831,0.9074568567058326,0.5989616862626373,0.6175044159109278,0.5989616862626373,0.6166603979329844,0.7567567567567568,74,0
xception,2024,NeuralTextures,876_891,1,resize_sev3,resize,3,0.16915339081724348,0.14864864864864866,0.14864864864864866,0.0428544579365777,0.03419530109444967,0.0428544579365777,0.04942276945392324,0.01940439792302658,0.009483936568384583,0.01940439792302658,0.02898408621909915,0.051320709842525916,0.12162162162162163,14.754641623110384,-0.12142934263809707,-0.12142934263809707,0.08823078475275858,0.11684232400856107,0.5325247656488225,0.24322756529530395,0.13158651322746773,0.24322756529530395,0.3414486184607176,0.5135135135135135,74,0
xception,2024,NeuralTextures,891_876,1,brightening_sev1,brightening,1,0.9969905630962269,1.0,1.0,0.25861379412517577,0.2876654156151127,0.25861379412517577,0.21882319478746134,0.16394904766167426,0.09952699891701852,0.16394904766167426,0.1767052422732305,0.255860724285101,0.3108108108108108,14.597680697569976,-0.003009436903773116,-0.003009436903773116,0.7306926480016193,0.4132936369325664,0.9976040207051046,0.9614192002084997,0.9560131177445564,0.9614192002084997,0.945766158002819,1.0,74,0
xception,2024,NeuralTextures,891_876,1,brightening_sev2,brightening,2,0.9924571586621774,1.0,1.0,0.25189088100694096,0.27650979466379294,0.25189088100694096,0.21561976917473413,0.1598009756553816,0.09577205603532551,0.1598009756553816,0.17441586950343496,0.2508058438128589,0.2972972972972973,14.625737241796545,0.005339535809046529,0.005339535809046529,0.7094288616869096,0.2880299351857723,0.9884218971800717,0.9237594731997408,0.9111290423099334,0.9237594731997408,0.9053367854178918,1.0,74,0
xception,2024,NeuralTextures,891_876,1,brightening_sev3,brightening,3,0.9883762122811498,0.9864864864864865,0.9864864864864865,0.2532304963049131,0.276786729178406,0.2532304963049131,0.21624756822596686,0.16168113589756794,0.09595017813857533,0.16168113589756794,0.17653399949470683,0.2510926615953502,0.2972972972972973,14.628357036693677,0.0002296108853172785,0.0002296108853172785,0.6796770648074311,0.19325690233224144,0.9810785388443651,0.8994014692869188,0.8747893132701426,0.8994014692869188,0.8865334321831747,0.9864864864864865,74,0
xception,2024,NeuralTextures,891_876,1,clean,clean,0,0.9990693322710089,1.0,1.0,0.2604939901072272,0.28674018486333547,0.2604939901072272,0.2227509897757471,0.1654713862266501,0.09914935973777118,0.1654713862266501,0.18139860628763776,0.26012272273535236,0.3108108108108108,14.579206969286945,-0.0009306677289911126,-0.0009306677289911126,0.6977673562595973,0.506753524815714,,,,,,,74,0
xception,2024,NeuralTextures,891_876,1,darkening_sev1,darkening,1,0.9992772324665172,1.0,1.0,0.26264916783527104,0.2870031110562741,0.26264916783527104,0.22459249795249214,0.16760418022193188,0.09926698330720561,0.16760418022193188,0.18379623153564936,0.26105091459234253,0.3108108108108108,14.589795086834881,-0.0007227675334827266,-0.0007227675334827266,0.6621855932313043,0.558594893362071,0.999374883179664,0.9734679867454634,0.9660323961693491,0.9734679867454634,0.9683728945509135,1.0,74,0
xception,2024,NeuralTextures,891_876,1,darkening_sev2,darkening,2,0.9992842642036645,1.0,1.0,0.26489619959662053,0.28754010165007376,0.26489619959662053,0.2265915469895107,0.16982983744829125,0.09950143152568633,0.16982983744829125,0.18631360207080483,0.26175992876976106,0.3108108108108108,14.609251524951008,-0.0007157357963355759,-0.0007157357963355759,0.6055937107350375,0.5873026996850967,0.9979433237172565,0.9500596932648014,0.9410201130522046,0.9500596932648014,0.9424261888234632,1.0,74,0
xception,2024,NeuralTextures,891_876,1,darkening_sev3,darkening,3,0.9995684003507769,1.0,1.0,0.2675821395478786,0.2883699829818204,0.2675821395478786,0.22908097188430407,0.17251732741806874,0.09988331736708707,0.17251732741806874,0.189648421233784,0.26238504703135135,0.3108108108108108,14.640778270927635,-0.00043159964922311837,-0.00043159964922311837,0.4835310594455616,0.5701195114367718,0.9955745012462316,0.922074602692616,0.9095624682066916,0.922074602692616,0.9158919540284172,1.0,74,0
xception,2024,NeuralTextures,891_876,1,jpeg_sev1,jpeg,1,0.9795782364703514,1.0,1.0,0.24256880076601212,0.27411383514728216,0.24256880076601212,0.20485670874157774,0.15051538096434552,0.09460546229531408,0.15051538096434552,0.1613383197283024,0.24318267074032168,0.2972972972972973,14.53106639191911,-0.007419023511780252,-0.007419023511780252,0.7635440397504214,0.5538915325887501,0.9789742716046114,0.8994851270368527,0.8837262293072938,0.8994851270368527,0.8804707780129537,1.0,74,0
xception,2024,NeuralTextures,891_876,1,jpeg_sev2,jpeg,2,0.3346574866036708,0.2972972972972973,0.2972972972972973,0.06488112145930611,0.06974191134019042,0.06488112145930611,0.06393298487698702,0.0341730266206153,0.022447822091798048,0.0341730266206153,0.04286662595414084,0.08454657887194365,0.08108108108108109,15.68770679267677,0.024314962650572147,0.024314962650572147,0.30757072933271484,0.2632499389614708,0.30067674778754927,0.1599701689309174,0.14361645963801353,0.1599701689309174,0.186667144115182,0.2972972972972973,74,0
xception,2024,NeuralTextures,891_876,1,jpeg_sev3,jpeg,3,0.0019401014234627918,0.0,0.0,0.0009374278813271082,4.0077262674847296e-05,0.0009374278813271082,0.002330072860094746,0.0003679645577914162,9.632753858413101e-06,0.0003679645577914162,0.0011782650238478527,0.017523784034612355,0.0,15.970526708138955,0.0010545392952563107,0.0010545392952563107,0.001637860603013116,0.0014941700658193324,0.031076506987397057,0.00010878315158535946,0.0,0.00010878315158535946,0.014272576075439624,0.0,74,0
xception,2024,NeuralTextures,891_876,1,resize_sev1,resize,1,0.999047731225555,1.0,1.0,0.2618762669802338,0.2870263784869787,0.2618762669802338,0.2235412618946419,0.16675657725526613,0.09927410315350403,0.16675657725526613,0.18231244301061417,0.2612169170576262,0.3108108108108108,14.557824070389206,-0.0009522687744449875,-0.0009522687744449875,0.7127945574151503,0.6277849766853694,0.9989390194145694,0.9680387495878222,0.9549709492821895,0.9680387495878222,0.9646888960522556,1.0,74,0
xception,2024,NeuralTextures,891_876,1,resize_sev2,resize,2,0.9994668324251432,1.0,1.0,0.2624662639746566,0.28753645219592927,0.2624662639746566,0.22367962116395942,0.16728170002828877,0.09949898386552965,0.16728170002828877,0.18254906402374094,0.2617561855102627,0.3108108108108108,14.548135035746807,-0.0005331675748567255,-0.0005331675748567255,0.7007773242689468,0.6627054085602632,0.9978152770798029,0.9561396346028916,0.9386493695794089,0.9561396346028916,0.952904669726696,1.0,74,0
xception,2024,NeuralTextures,891_876,1,resize_sev3,resize,3,0.9712344359707188,1.0,1.0,0.23259735031532136,0.2559468774730596,0.23259735031532136,0.20050589439915653,0.14513879344906866,0.08701100517631419,0.14513879344906866,0.1588812958210361,0.24094809357986297,0.28378378378378377,14.590829050218737,-0.003813503964527201,-0.003813503964527201,0.735572650021798,0.7192274910976758,0.9401718108147703,0.8287781168054912,0.7954386226007172,0.8287781168054912,0.8042477887113787,1.0,74,0
xception,2024,Original,033,0,brightening_sev1,brightening,1,0.0017232894564666065,0.0,1.0,,,,,,,,,,,,,,,,,,,,,1.0,203,0
xception,2024,Original,033,0,brightening_sev2,brightening,2,0.0011056145109259302,0.0,1.0,,,,,,,,,,,,,,,,,,,,,1.0,203,0
xception,2024,Original,033,0,brightening_sev3,brightening,3,0.0011982279298320493,0.0,1.0,,,,,,,,,,,,,,,,,,,,,1.0,203,0
xception,2024,Original,033,0,clean,clean,0,0.007664744106016361,0.0,1.0,,,,,,,,,,,,,,,,,,,,,,203,0
xception,2024,Original,033,0,darkening_sev1,darkening,1,0.005951225843333261,0.0,1.0,,,,,,,,,,,,,,,,,,,,,1.0,203,0
xception,2024,Original,033,0,darkening_sev2,darkening,2,0.015384336430484754,0.009852216748768473,0.9901477832512315,,,,,,,,,,,,,,,,,,,,,0.9901477832512315,203,0
xception,2024,Original,033,0,darkening_sev3,darkening,3,0.061463771130803015,0.034482758620689655,0.9655172413793104,,,,,,,,,,,,,,,,,,,,,0.9655172413793104,203,0
xception,2024,Original,033,0,jpeg_sev1,jpeg,1,0.005803993724176401,0.0,1.0,,,,,,,,,,,,,,,,,,,,,1.0,203,0
xception,2024,Original,033,0,jpeg_sev2,jpeg,2,0.0013430369806775371,0.0,1.0,,,,,,,,,,,,,,,,,,,,,1.0,203,0
xception,2024,Original,033,0,jpeg_sev3,jpeg,3,0.00057513436804758,0.0,1.0,,,,,,,,,,,,,,,,,,,,,1.0,203,0
xception,2024,Original,033,0,resize_sev1,resize,1,0.23168334759097414,0.19704433497536947,0.8029556650246306,,,,,,,,,,,,,,,,,,,,,0.8029556650246306,203,0
xception,2024,Original,033,0,resize_sev2,resize,2,0.33092400892118673,0.3103448275862069,0.6896551724137931,,,,,,,,,,,,,,,,,,,,,0.6896551724137931,203,0
xception,2024,Original,033,0,resize_sev3,resize,3,0.32364111003039286,0.27586206896551724,0.7241379310344828,,,,,,,,,,,,,,,,,,,,,0.7241379310344828,203,0
xception,2024,Original,097,0,brightening_sev1,brightening,1,0.013332642003539707,0.008333333333333333,0.9916666666666667,,,,,,,,,,,,,,,,,,,,,1.0,120,0
xception,2024,Original,097,0,brightening_sev2,brightening,2,0.01115831247971068,0.008333333333333333,0.9916666666666667,,,,,,,,,,,,,,,,,,,,,1.0,120,0
xception,2024,Original,097,0,brightening_sev3,brightening,3,0.006124919971383202,0.0,1.0,,,,,,,,,,,,,,,,,,,,,0.9916666666666667,120,0
xception,2024,Original,097,0,clean,clean,0,0.021213239072433932,0.008333333333333333,0.9916666666666667,,,,,,,,,,,,,,,,,,,,,,120,0
xception,2024,Original,097,0,darkening_sev1,darkening,1,0.02886783969176269,0.008333333333333333,0.9916666666666667,,,,,,,,,,,,,,,,,,,,,1.0,120,0
xception,2024,Original,097,0,darkening_sev2,darkening,2,0.10393295234922936,0.075,0.925,,,,,,,,,,,,,,,,,,,,,0.9333333333333333,120,0
xception,2024,Original,097,0,darkening_sev3,darkening,3,0.39482722367392853,0.39166666666666666,0.6083333333333333,,,,,,,,,,,,,,,,,,,,,0.6166666666666667,120,0
xception,2024,Original,097,0,jpeg_sev1,jpeg,1,0.010390623287942874,0.0,1.0,,,,,,,,,,,,,,,,,,,,,0.9916666666666667,120,0
xception,2024,Original,097,0,jpeg_sev2,jpeg,2,0.0020396303849944276,0.0,1.0,,,,,,,,,,,,,,,,,,,,,0.9916666666666667,120,0
xception,2024,Original,097,0,jpeg_sev3,jpeg,3,0.0014725783967150551,0.0,1.0,,,,,,,,,,,,,,,,,,,,,0.9916666666666667,120,0
xception,2024,Original,097,0,resize_sev1,resize,1,0.5723526423952232,0.5833333333333334,0.4166666666666667,,,,,,,,,,,,,,,,,,,,,0.425,120,0
xception,2024,Original,097,0,resize_sev2,resize,2,0.6403686013247352,0.65,0.35,,,,,,,,,,,,,,,,,,,,,0.35833333333333334,120,0
xception,2024,Original,097,0,resize_sev3,resize,3,0.38011961582427223,0.35833333333333334,0.6416666666666667,,,,,,,,,,,,,,,,,,,,,0.65,120,0
xception,2024,Original,360,0,brightening_sev1,brightening,1,0.11764840352512201,0.010309278350515464,0.9896907216494846,,,,,,,,,,,,,,,,,,,,,0.979381443298969,97,0
xception,2024,Original,360,0,brightening_sev2,brightening,2,0.07807987418563399,0.0,1.0,,,,,,,,,,,,,,,,,,,,,0.9896907216494846,97,0
xception,2024,Original,360,0,brightening_sev3,brightening,3,0.01901779135151464,0.0,1.0,,,,,,,,,,,,,,,,,,,,,0.9896907216494846,97,0
xception,2024,Original,360,0,clean,clean,0,0.07136102178681292,0.010309278350515464,0.9896907216494846,,,,,,,,,,,,,,,,,,,,,,97,0
xception,2024,Original,360,0,darkening_sev1,darkening,1,0.08133579258682183,0.010309278350515464,0.9896907216494846,,,,,,,,,,,,,,,,,,,,,1.0,97,0
xception,2024,Original,360,0,darkening_sev2,darkening,2,0.12215879394375168,0.041237113402061855,0.9587628865979382,,,,,,,,,,,,,,,,,,,,,0.9690721649484536,97,0
xception,2024,Original,360,0,darkening_sev3,darkening,3,0.37903695841579094,0.30927835051546393,0.6907216494845361,,,,,,,,,,,,,,,,,,,,,0.7010309278350515,97,0
xception,2024,Original,360,0,jpeg_sev1,jpeg,1,0.04086936659602079,0.0,1.0,,,,,,,,,,,,,,,,,,,,,0.9896907216494846,97,0
xception,2024,Original,360,0,jpeg_sev2,jpeg,2,0.0325104437754057,0.0,1.0,,,,,,,,,,,,,,,,,,,,,0.9896907216494846,97,0
xception,2024,Original,360,0,jpeg_sev3,jpeg,3,0.0022943625472648744,0.0,1.0,,,,,,,,,,,,,,,,,,,,,0.9896907216494846,97,0
xception,2024,Original,360,0,resize_sev1,resize,1,0.06020204075276079,0.010309278350515464,0.9896907216494846,,,,,,,,,,,,,,,,,,,,,1.0,97,0
xception,2024,Original,360,0,resize_sev2,resize,2,0.0639315948571971,0.020618556701030927,0.979381443298969,,,,,,,,,,,,,,,,,,,,,0.9690721649484536,97,0
xception,2024,Original,360,0,resize_sev3,resize,3,0.07406010106205936,0.030927835051546393,0.9690721649484536,,,,,,,,,,,,,,,,,,,,,0.9587628865979382,97,0
xception,2024,Original,435,0,brightening_sev1,brightening,1,0.02868197431779039,0.0,1.0,,,,,,,,,,,,,,,,,,,,,1.0,119,0
xception,2024,Original,435,0,brightening_sev2,brightening,2,0.05165266055181352,0.01680672268907563,0.9831932773109243,,,,,,,,,,,,,,,,,,,,,0.9831932773109243,119,0
xception,2024,Original,435,0,brightening_sev3,brightening,3,0.03840530751676082,0.008403361344537815,0.9915966386554622,,,,,,,,,,,,,,,,,,,,,0.9915966386554622,119,0
xception,2024,Original,435,0,clean,clean,0,0.02487477864064917,0.0,1.0,,,,,,,,,,,,,,,,,,,,,,119,0
xception,2024,Original,435,0,darkening_sev1,darkening,1,0.024076594428541754,0.0,1.0,,,,,,,,,,,,,,,,,,,,,1.0,119,0
xception,2024,Original,435,0,darkening_sev2,darkening,2,0.036852826002374744,0.0,1.0,,,,,,,,,,,,,,,,,,,,,1.0,119,0
xception,2024,Original,435,0,darkening_sev3,darkening,3,0.18320092108851968,0.12605042016806722,0.8739495798319328,,,,,,,,,,,,,,,,,,,,,0.8739495798319328,119,0
xception,2024,Original,435,0,jpeg_sev1,jpeg,1,0.006165182047612533,0.0,1.0,,,,,,,,,,,,,,,,,,,,,1.0,119,0
xception,2024,Original,435,0,jpeg_sev2,jpeg,2,0.0011185570895141134,0.0,1.0,,,,,,,,,,,,,,,,,,,,,1.0,119,0
xception,2024,Original,435,0,jpeg_sev3,jpeg,3,0.00042376461467688684,0.0,1.0,,,,,,,,,,,,,,,,,,,,,1.0,119,0
xception,2024,Original,435,0,resize_sev1,resize,1,0.1329981562507362,0.10084033613445378,0.8991596638655462,,,,,,,,,,,,,,,,,,,,,0.8991596638655462,119,0
xception,2024,Original,435,0,resize_sev2,resize,2,0.2370967937744919,0.19327731092436976,0.8067226890756303,,,,,,,,,,,,,,,,,,,,,0.8067226890756303,119,0
xception,2024,Original,435,0,resize_sev3,resize,3,0.08331463818767049,0.05042016806722689,0.9495798319327731,,,,,,,,,,,,,,,,,,,,,0.9495798319327731,119,0
xception,2024,Original,437,0,brightening_sev1,brightening,1,0.0032100903999339988,0.0,1.0,,,,,,,,,,,,,,,,,,,,,0.9932885906040269,149,0
xception,2024,Original,437,0,brightening_sev2,brightening,2,0.0023337406351038328,0.0,1.0,,,,,,,,,,,,,,,,,,,,,0.9932885906040269,149,0
xception,2024,Original,437,0,brightening_sev3,brightening,3,0.017916114366517178,0.0,1.0,,,,,,,,,,,,,,,,,,,,,0.9932885906040269,149,0
xception,2024,Original,437,0,clean,clean,0,0.027999245465289473,0.006711409395973154,0.9932885906040269,,,,,,,,,,,,,,,,,,,,,,149,0
xception,2024,Original,437,0,darkening_sev1,darkening,1,0.07709376066813753,0.040268456375838924,0.959731543624161,,,,,,,,,,,,,,,,,,,,,0.9664429530201343,149,0
xception,2024,Original,437,0,darkening_sev2,darkening,2,0.2920225411173012,0.2684563758389262,0.7315436241610739,,,,,,,,,,,,,,,,,,,,,0.738255033557047,149,0
xception,2024,Original,437,0,darkening_sev3,darkening,3,0.8603265730776642,0.8859060402684564,0.11409395973154363,,,,,,,,,,,,,,,,,,,,,0.12080536912751678,149,0
xception,2024,Original,437,0,jpeg_sev1,jpeg,1,0.007966802999741094,0.0,1.0,,,,,,,,,,,,,,,,,,,,,0.9932885906040269,149,0
xception,2024,Original,437,0,jpeg_sev2,jpeg,2,0.00023457190102344616,0.0,1.0,,,,,,,,,,,,,,,,,,,,,0.9932885906040269,149,0
xception,2024,Original,437,0,jpeg_sev3,jpeg,3,4.320762134787577e-05,0.0,1.0,,,,,,,,,,,,,,,,,,,,,0.9932885906040269,149,0
xception,2024,Original,437,0,resize_sev1,resize,1,0.025390829326933158,0.006711409395973154,0.9932885906040269,,,,,,,,,,,,,,,,,,,,,1.0,149,0
xception,2024,Original,437,0,resize_sev2,resize,2,0.029305278154754307,0.006711409395973154,0.9932885906040269,,,,,,,,,,,,,,,,,,,,,0.9865771812080537,149,0
xception,2024,Original,437,0,resize_sev3,resize,3,0.015901799987018645,0.006711409395973154,0.9932885906040269,,,,,,,,,,,,,,,,,,,,,0.9865771812080537,149,0
xception,2024,Original,456,0,brightening_sev1,brightening,1,0.09167925649384602,0.06578947368421052,0.9342105263157895,,,,,,,,,,,,,,,,,,,,,0.9342105263157895,152,0
xception,2024,Original,456,0,brightening_sev2,brightening,2,0.0835747399532441,0.05263157894736842,0.9473684210526315,,,,,,,,,,,,,,,,,,,,,0.9210526315789473,152,0
xception,2024,Original,456,0,brightening_sev3,brightening,3,0.04120063143148539,0.019736842105263157,0.9802631578947368,,,,,,,,,,,,,,,,,,,,,0.9144736842105263,152,0
xception,2024,Original,456,0,clean,clean,0,0.13163962880269917,0.10526315789473684,0.8947368421052632,,,,,,,,,,,,,,,,,,,,,,152,0
xception,2024,Original,456,0,darkening_sev1,darkening,1,0.1273397980783939,0.10526315789473684,0.8947368421052632,,,,,,,,,,,,,,,,,,,,,0.9736842105263158,152,0
xception,2024,Original,456,0,darkening_sev2,darkening,2,0.1586463779597244,0.15789473684210525,0.8421052631578947,,,,,,,,,,,,,,,,,,,,,0.9342105263157895,152,0
xception,2024,Original,456,0,darkening_sev3,darkening,3,0.37674785453112375,0.3684210526315789,0.631578947368421,,,,,,,,,,,,,,,,,,,,,0.7368421052631579,152,0
xception,2024,Original,456,0,jpeg_sev1,jpeg,1,0.060012916719929976,0.039473684210526314,0.9605263157894737,,,,,,,,,,,,,,,,,,,,,0.9210526315789473,152,0
xception,2024,Original,456,0,jpeg_sev2,jpeg,2,0.013745816688050963,0.006578947368421052,0.993421052631579,,,,,,,,,,,,,,,,,,,,,0.9013157894736842,152,0
xception,2024,Original,456,0,jpeg_sev3,jpeg,3,0.001133966364345914,0.0,1.0,,,,,,,,,,,,,,,,,,,,,0.8947368421052632,152,0
xception,2024,Original,456,0,resize_sev1,resize,1,0.45087163612831654,0.45394736842105265,0.5460526315789473,,,,,,,,,,,,,,,,,,,,,0.6513157894736842,152,0
xception,2024,Original,456,0,resize_sev2,resize,2,0.7013462892883628,0.6973684210526315,0.3026315789473684,,,,,,,,,,,,,,,,,,,,,0.40789473684210525,152,0
xception,2024,Original,456,0,resize_sev3,resize,3,0.8518391575504977,0.875,0.125,,,,,,,,,,,,,,,,,,,,,0.23026315789473684,152,0
xception,2024,Original,607,0,brightening_sev1,brightening,1,0.2987831827383815,0.21929824561403508,0.7807017543859649,,,,,,,,,,,,,,,,,,,,,0.8245614035087719,114,0
xception,2024,Original,607,0,brightening_sev2,brightening,2,0.1825679321364875,0.09649122807017543,0.9035087719298246,,,,,,,,,,,,,,,,,,,,,0.7017543859649122,114,0
xception,2024,Original,607,0,brightening_sev3,brightening,3,0.12230694592979391,0.02631578947368421,0.9736842105263158,,,,,,,,,,,,,,,,,,,,,0.631578947368421,114,0
xception,2024,Original,607,0,clean,clean,0,0.45903430071969825,0.39473684210526316,0.6052631578947368,,,,,,,,,,,,,,,,,,,,,,114,0
xception,2024,Original,607,0,darkening_sev1,darkening,1,0.7853049106503788,0.8245614035087719,0.17543859649122806,,,,,,,,,,,,,,,,,,,,,0.5701754385964912,114,0
xception,2024,Original,607,0,darkening_sev2,darkening,2,0.9836003869249109,0.9912280701754386,0.008771929824561403,,,,,,,,,,,,,,,,,,,,,0.40350877192982454,114,0
xception,2024,Original,607,0,darkening_sev3,darkening,3,0.9996624228201414,1.0,0.0,,,,,,,,,,,,,,,,,,,,,0.39473684210526316,114,0
xception,2024,Original,607,0,jpeg_sev1,jpeg,1,0.49291520582087206,0.45614035087719296,0.543859649122807,,,,,,,,,,,,,,,,,,,,,0.8859649122807017,114,0
xception,2024,Original,607,0,jpeg_sev2,jpeg,2,0.2414445774466322,0.16666666666666666,0.8333333333333334,,,,,,,,,,,,,,,,,,,,,0.7192982456140351,114,0
xception,2024,Original,607,0,jpeg_sev3,jpeg,3,0.003859524950696506,0.0,1.0,,,,,,,,,,,,,,,,,,,,,0.6052631578947368,114,0
xception,2024,Original,607,0,resize_sev1,resize,1,0.4862003896973635,0.47368421052631576,0.5263157894736842,,,,,,,,,,,,,,,,,,,,,0.9210526315789473,114,0
xception,2024,Original,607,0,resize_sev2,resize,2,0.5365426874343764,0.543859649122807,0.45614035087719296,,,,,,,,,,,,,,,,,,,,,0.8508771929824561,114,0
xception,2024,Original,607,0,resize_sev3,resize,3,0.6470568512092557,0.6578947368421053,0.34210526315789475,,,,,,,,,,,,,,,,,,,,,0.7368421052631579,114,0
xception,2024,Original,671,0,brightening_sev1,brightening,1,0.004742426989968209,0.0,1.0,,,,,,,,,,,,,,,,,,,,,1.0,86,0
xception,2024,Original,671,0,brightening_sev2,brightening,2,0.002644572758622043,0.0,1.0,,,,,,,,,,,,,,,,,,,,,1.0,86,0
xception,2024,Original,671,0,brightening_sev3,brightening,3,0.0012703949908659772,0.0,1.0,,,,,,,,,,,,,,,,,,,,,1.0,86,0
xception,2024,Original,671,0,clean,clean,0,0.006965788309042687,0.0,1.0,,,,,,,,,,,,,,,,,,,,,,86,0
xception,2024,Original,671,0,darkening_sev1,darkening,1,0.018031570715234067,0.0,1.0,,,,,,,,,,,,,,,,,,,,,1.0,86,0
xception,2024,Original,671,0,darkening_sev2,darkening,2,0.15812631954200734,0.11627906976744186,0.8837209302325582,,,,,,,,,,,,,,,,,,,,,0.8837209302325582,86,0
xception,2024,Original,671,0,darkening_sev3,darkening,3,0.6841595742504957,0.6744186046511628,0.32558139534883723,,,,,,,,,,,,,,,,,,,,,0.32558139534883723,86,0
xception,2024,Original,671,0,jpeg_sev1,jpeg,1,0.002868658215278537,0.0,1.0,,,,,,,,,,,,,,,,,,,,,1.0,86,0
xception,2024,Original,671,0,jpeg_sev2,jpeg,2,0.0007497650047425032,0.0,1.0,,,,,,,,,,,,,,,,,,,,,1.0,86,0
xception,2024,Original,671,0,jpeg_sev3,jpeg,3,0.00025393800521222035,0.0,1.0,,,,,,,,,,,,,,,,,,,,,1.0,86,0
xception,2024,Original,671,0,resize_sev1,resize,1,0.007662272128495774,0.0,1.0,,,,,,,,,,,,,,,,,,,,,1.0,86,0
xception,2024,Original,671,0,resize_sev2,resize,2,0.01110994583435709,0.0,1.0,,,,,,,,,,,,,,,,,,,,,1.0,86,0
xception,2024,Original,671,0,resize_sev3,resize,3,0.01552729860664243,0.011627906976744186,0.9883720930232558,,,,,,,,,,,,,,,,,,,,,0.9883720930232558,86,0
xception,2024,Original,677,0,brightening_sev1,brightening,1,0.022627707501531456,0.012658227848101266,0.9873417721518988,,,,,,,,,,,,,,,,,,,,,1.0,79,0
xception,2024,Original,677,0,brightening_sev2,brightening,2,0.027694620882069546,0.0,1.0,,,,,,,,,,,,,,,,,,,,,0.9873417721518988,79,0
xception,2024,Original,677,0,brightening_sev3,brightening,3,0.023595593488757456,0.0,1.0,,,,,,,,,,,,,,,,,,,,,0.9873417721518988,79,0
xception,2024,Original,677,0,clean,clean,0,0.03662089331560362,0.012658227848101266,0.9873417721518988,,,,,,,,,,,,,,,,,,,,,,79,0
xception,2024,Original,677,0,darkening_sev1,darkening,1,0.054933940730193184,0.0379746835443038,0.9620253164556962,,,,,,,,,,,,,,,,,,,,,0.9746835443037974,79,0
xception,2024,Original,677,0,darkening_sev2,darkening,2,0.1794982069861615,0.13924050632911392,0.8607594936708861,,,,,,,,,,,,,,,,,,,,,0.8734177215189873,79,0
xception,2024,Original,677,0,darkening_sev3,darkening,3,0.47931476830964603,0.46835443037974683,0.5316455696202531,,,,,,,,,,,,,,,,,,,,,0.5443037974683544,79,0
xception,2024,Original,677,0,jpeg_sev1,jpeg,1,0.03254952140320441,0.012658227848101266,0.9873417721518988,,,,,,,,,,,,,,,,,,,,,0.9746835443037974,79,0
xception,2024,Original,677,0,jpeg_sev2,jpeg,2,0.011672894817981765,0.0,1.0,,,,,,,,,,,,,,,,,,,,,0.9873417721518988,79,0
xception,2024,Original,677,0,jpeg_sev3,jpeg,3,0.0022253344685378125,0.0,1.0,,,,,,,,,,,,,,,,,,,,,0.9873417721518988,79,0
xception,2024,Original,677,0,resize_sev1,resize,1,0.029217392141353053,0.012658227848101266,0.9873417721518988,,,,,,,,,,,,,,,,,,,,,1.0,79,0
xception,2024,Original,677,0,resize_sev2,resize,2,0.02494693303972926,0.0,1.0,,,,,,,,,,,,,,,,,,,,,0.9873417721518988,79,0
xception,2024,Original,677,0,resize_sev3,resize,3,0.012832278856393075,0.0,1.0,,,,,,,,,,,,,,,,,,,,,0.9873417721518988,79,0
xception,2024,Original,683,0,brightening_sev1,brightening,1,0.12894368158824934,0.05263157894736842,0.9473684210526315,,,,,,,,,,,,,,,,,,,,,0.868421052631579,76,0
xception,2024,Original,683,0,brightening_sev2,brightening,2,0.06703916192973812,0.013157894736842105,0.9868421052631579,,,,,,,,,,,,,,,,,,,,,0.8289473684210527,76,0
xception,2024,Original,683,0,brightening_sev3,brightening,3,0.008847414051782979,0.0,1.0,,,,,,,,,,,,,,,,,,,,,0.8157894736842105,76,0
xception,2024,Original,683,0,clean,clean,0,0.22935064299350696,0.18421052631578946,0.8157894736842105,,,,,,,,,,,,,,,,,,,,,,76,0
xception,2024,Original,683,0,darkening_sev1,darkening,1,0.3316968926963837,0.27631578947368424,0.7236842105263158,,,,,,,,,,,,,,,,,,,,,0.9078947368421053,76,0
xception,2024,Original,683,0,darkening_sev2,darkening,2,0.538457004549472,0.4868421052631579,0.5131578947368421,,,,,,,,,,,,,,,,,,,,,0.6973684210526315,76,0
xception,2024,Original,683,0,darkening_sev3,darkening,3,0.7203225920859136,0.7368421052631579,0.2631578947368421,,,,,,,,,,,,,,,,,,,,,0.4473684210526316,76,0
xception,2024,Original,683,0,jpeg_sev1,jpeg,1,0.2407590617719841,0.21052631578947367,0.7894736842105263,,,,,,,,,,,,,,,,,,,,,0.9736842105263158,76,0
xception,2024,Original,683,0,jpeg_sev2,jpeg,2,0.19140214753631302,0.15789473684210525,0.8421052631578947,,,,,,,,,,,,,,,,,,,,,0.9210526315789473,76,0
xception,2024,Original,683,0,jpeg_sev3,jpeg,3,0.0025473306804518103,0.0,1.0,,,,,,,,,,,,,,,,,,,,,0.8157894736842105,76,0
xception,2024,Original,683,0,resize_sev1,resize,1,0.23496808378197445,0.18421052631578946,0.8157894736842105,,,,,,,,,,,,,,,,,,,,,1.0,76,0
xception,2024,Original,683,0,resize_sev2,resize,2,0.25594829948079817,0.21052631578947367,0.7894736842105263,,,,,,,,,,,,,,,,,,,,,0.9736842105263158,76,0
xception,2024,Original,683,0,resize_sev3,resize,3,0.31899238978267497,0.27631578947368424,0.7236842105263158,,,,,,,,,,,,,,,,,,,,,0.9078947368421053,76,0
xception,2024,Original,876,0,brightening_sev1,brightening,1,6.484577419587263e-05,0.0,1.0,,,,,,,,,,,,,,,,,,,,,1.0,79,0
xception,2024,Original,876,0,brightening_sev2,brightening,2,0.00012789557227801273,0.0,1.0,,,,,,,,,,,,,,,,,,,,,1.0,79,0
xception,2024,Original,876,0,brightening_sev3,brightening,3,0.000114159060621748,0.0,1.0,,,,,,,,,,,,,,,,,,,,,1.0,79,0
xception,2024,Original,876,0,clean,clean,0,4.331080336220115e-05,0.0,1.0,,,,,,,,,,,,,,,,,,,,,,79,0
xception,2024,Original,876,0,darkening_sev1,darkening,1,4.483583930040736e-05,0.0,1.0,,,,,,,,,,,,,,,,,,,,,1.0,79,0
xception,2024,Original,876,0,darkening_sev2,darkening,2,8.142626880218478e-05,0.0,1.0,,,,,,,,,,,,,,,,,,,,,1.0,79,0
xception,2024,Original,876,0,darkening_sev3,darkening,3,0.0008086208332614352,0.0,1.0,,,,,,,,,,,,,,,,,,,,,1.0,79,0
xception,2024,Original,876,0,jpeg_sev1,jpeg,1,4.4570402085900506e-05,0.0,1.0,,,,,,,,,,,,,,,,,,,,,1.0,79,0
xception,2024,Original,876,0,jpeg_sev2,jpeg,2,7.534683740967802e-05,0.0,1.0,,,,,,,,,,,,,,,,,,,,,1.0,79,0
xception,2024,Original,876,0,jpeg_sev3,jpeg,3,0.00014915332871211546,0.0,1.0,,,,,,,,,,,,,,,,,,,,,1.0,79,0
xception,2024,Original,876,0,resize_sev1,resize,1,0.00021116329622321834,0.0,1.0,,,,,,,,,,,,,,,,,,,,,1.0,79,0
xception,2024,Original,876,0,resize_sev2,resize,2,0.0012150723318018386,0.0,1.0,,,,,,,,,,,,,,,,,,,,,1.0,79,0
xception,2024,Original,876,0,resize_sev3,resize,3,0.00042308866973082176,0.0,1.0,,,,,,,,,,,,,,,,,,,,,1.0,79,0
xception,2024,Original,891,0,brightening_sev1,brightening,1,0.008422349945494909,0.0,1.0,,,,,,,,,,,,,,,,,,,,,1.0,74,0
xception,2024,Original,891,0,brightening_sev2,brightening,2,0.007691716855431919,0.0,1.0,,,,,,,,,,,,,,,,,,,,,1.0,74,0
xception,2024,Original,891,0,brightening_sev3,brightening,3,0.01107730005389528,0.0,1.0,,,,,,,,,,,,,,,,,,,,,1.0,74,0
xception,2024,Original,891,0,clean,clean,0,0.020709665579635942,0.0,1.0,,,,,,,,,,,,,,,,,,,,,,74,0
xception,2024,Original,891,0,darkening_sev1,darkening,1,0.0603989004392477,0.02702702702702703,0.972972972972973,,,,,,,,,,,,,,,,,,,,,0.972972972972973,74,0
xception,2024,Original,891,0,darkening_sev2,darkening,2,0.1504949301440344,0.0945945945945946,0.9054054054054054,,,,,,,,,,,,,,,,,,,,,0.9054054054054054,74,0
xception,2024,Original,891,0,darkening_sev3,darkening,3,0.4148455740367943,0.3783783783783784,0.6216216216216216,,,,,,,,,,,,,,,,,,,,,0.6216216216216216,74,0
xception,2024,Original,891,0,jpeg_sev1,jpeg,1,0.005836788121873556,0.0,1.0,,,,,,,,,,,,,,,,,,,,,1.0,74,0
xception,2024,Original,891,0,jpeg_sev2,jpeg,2,0.0011775985325141877,0.0,1.0,,,,,,,,,,,,,,,,,,,,,1.0,74,0
xception,2024,Original,891,0,jpeg_sev3,jpeg,3,0.0004349660468161466,0.0,1.0,,,,,,,,,,,,,,,,,,,,,1.0,74,0
xception,2024,Original,891,0,resize_sev1,resize,1,0.08877770617992434,0.04054054054054054,0.9594594594594594,,,,,,,,,,,,,,,,,,,,,0.9594594594594594,74,0
xception,2024,Original,891,0,resize_sev2,resize,2,0.16866733107324122,0.10810810810810811,0.8918918918918919,,,,,,,,,,,,,,,,,,,,,0.8918918918918919,74,0
xception,2024,Original,891,0,resize_sev3,resize,3,0.07960773747598408,0.05405405405405406,0.9459459459459459,,,,,,,,,,,,,,,,,,,,,0.9459459459459459,74,0
