model,seed,video_id,transformation,prob_fake,correct,SO,IoU,saliency_mass,hit_rate,saliency_entropy,faithfulness,faithfulness_blur,faithfulness_zero,faithfulness_mean,ES_cos,explanation_IoU
xception,2024,033_097,brightening_sev1,0.3186685030737844,0.2942733990147783,0.1331477575151133,0.09475593416987547,0.13743300129274913,0.10439244663382591,12.532173778975539,-0.08225494345245479,-0.08225494345245479,0.2805755056917835,0.26977292880879494,0.8200497305746348,0.5512202037786911
xception,2024,033_097,brightening_sev2,0.15236613921999387,0.11499384236453195,0.09957382754289977,0.06580545147264177,0.10190745793072645,0.0719930213464696,12.720096661392692,-0.17379506930956973,-0.17379506930956973,0.12944902018204837,0.1204926857554911,0.7061953699572121,0.47100448715521465
xception,2024,033_097,brightening_sev3,0.11025233679763265,0.05683497536945807,0.06770930087349686,0.04324316914113752,0.07787021407816015,0.03665845648604267,12.83412132404121,-0.13372480504727766,-0.13372480504727766,0.08778652415508763,0.07882128942126587,0.6627166848996192,0.4724833575563183
xception,2024,033_097,clean,0.754488611414345,0.7830357142857143,0.16580263795105415,0.1216419643939846,0.1792812963277731,0.18195812807881767,12.388438135532324,0.11838097414560957,0.11838097414560957,0.6609039257180493,0.6340606308287425,,
xception,2024,033_097,darkening_sev1,0.80126832365477,0.8279248768472907,0.17825923577581593,0.12788113275800328,0.18956955277863624,0.20648604269293921,12.317667835627873,0.1039919519642416,0.1039919519642416,0.7034019692165512,0.6941138736667898,0.9810766875376203,0.8356530691807577
xception,2024,033_097,darkening_sev2,0.8915631810372944,0.8952586206896551,0.2272033213594031,0.1626268486980753,0.23638840794382823,0.2691810344827586,12.041647762206974,0.053529081759536225,0.053529081759536225,0.7721614549176772,0.7742575018104895,0.8718814501423859,0.627444866442856
xception,2024,033_097,darkening_sev3,0.9792796526985068,0.9850369458128078,0.28573295685775346,0.20408403836008265,0.29272134448440734,0.34551518883415433,11.686871223819667,0.0405127498022455,0.0405127498022455,0.8416329100306101,0.8434911146603141,0.668250975962514,0.4290475046697846
xception,2024,033_097,jpeg_sev1,0.3204682429825553,0.2618842364532019,0.11505860321770017,0.08539257792096613,0.1310036489085002,0.0874384236453202,12.571736478130218,0.06998996649656737,0.06998996649656737,0.28122838301429065,0.2687458377999772,0.7758722267088698,0.5764081679078676
xception,2024,033_097,jpeg_sev2,0.04497819289626298,0.0295566502463054,0.04756384251566258,0.028382985613291924,0.062435783266586824,0.01600985221674875,12.804218162955909,0.013218837710771375,0.013218837710771375,0.04077870415860797,0.0403654641450595,0.6195134947716799,0.4470604672352044
xception,2024,033_097,jpeg_sev3,0.003015405610564075,0.0,0.0444093227037716,0.02585463451873105,0.04814778243488053,0.04583333333333332,12.956711047564822,0.001709161129510175,0.001709161129510175,0.00231927713507815,0.002446688426689925,0.547092085816355,0.25700061860663737
xception,2024,033_097,resize_sev1,0.9956268117712636,1.0,0.3035731205033317,0.22327646017130748,0.3060291501648893,0.355931855500821,11.698069241716357,0.0289179922237515,0.0289179922237515,0.8092977277159213,0.8023903143525656,0.6313169265886762,0.4029959796274215
xception,2024,033_097,resize_sev2,0.898831606823022,0.9177032019704432,0.2541735495752895,0.18527256873283868,0.25811089203369236,0.2852832512315271,12.036095485781214,0.07304496752078703,0.07304496752078703,0.7320630517962889,0.7248014947207096,0.7255398752181658,0.4645042944352226
xception,2024,033_097,resize_sev3,0.8077080034007424,0.8329433497536946,0.22461094555464517,0.1640693559604855,0.22383455386708345,0.225615763546798,12.1938111072397,-0.08547998862513077,-0.08547998862513077,0.5244851714339602,0.5311957168664664,0.7517334902497889,0.4995251077734664
xception,2024,097_033,brightening_sev1,0.891568777089578,0.9134236453201972,0.19132072819533574,0.1421862898787888,0.19424007793239614,0.22454844006568142,11.905499571767345,0.036775055295759626,0.036775055295759626,0.7672013202751389,0.7206483831466183,0.9260996831724297,0.8254534838351195
xception,2024,097_033,brightening_sev2,0.7588239034353652,0.7852832512315271,0.1472133226057194,0.10393858502573812,0.14884916297657474,0.15863095238095234,12.15358618988192,0.06427222538123566,0.06427222538123566,0.6770448051461988,0.6410894937679439,0.7706606589486791,0.6269885753851451
xception,2024,097_033,brightening_sev3,0.446910718853332,0.42142857142857143,0.09050913066658364,0.059182203582693146,0.08590701747288809,0.07150041050903115,12.643879799273215,0.013913475021812775,0.013913475021812775,0.41164119906571933,0.38861363268590554,0.44861879764779256,0.30128993687343475
xception,2024,097_033,clean,0.9533509805308497,0.9568965517241379,0.22148016125501901,0.16699235891276487,0.22440429019671188,0.27579022988505747,11.771767470636979,-0.005972573532220424,-0.005972573532220424,0.7935541423416859,0.7526339543850652,,
xception,2024,097_033,darkening_sev1,0.9586650454944168,0.958128078817734,0.22198237556351114,0.1671326432613746,0.2235210759633073,0.2862068965517241,11.786844362766285,0.0054404487831373,0.0054404487831373,0.791791212484924,0.7561352719663496,0.993647681193793,0.948744979307839
xception,2024,097_033,darkening_sev2,0.9756411248570299,0.979064039408867,0.23534004731911357,0.17875280320918946,0.23603840828665384,0.3075225779967159,11.75866066085294,0.0052660237435766,0.0052660237435766,0.7916666373677737,0.7686226509555055,0.9779600803831316,0.9013702613837378
xception,2024,097_033,darkening_sev3,0.9948230624290669,0.9963054187192117,0.26255070440115974,0.2041240765975016,0.25737548151788775,0.32590311986863707,11.783774412001295,0.0001340973479994417,0.0001340973479994417,0.8063777984532854,0.7634629273814668,0.9470081562071699,0.8439562154082116
xception,2024,097_033,jpeg_sev1,0.5746872364920438,0.5471982758620689,0.12367721987676372,0.0880879041839507,0.1259309947369743,0.11506568144499173,12.483294892457906,0.07491274847880718,0.07491274847880718,0.5114737407958834,0.4817479750387881,0.5564838764287307,0.41168072726911187
xception,2024,097_033,jpeg_sev2,0.018345029642914297,0.0,0.043208702176221477,0.025842480374576926,0.04006566363268725,0.00625,13.106166490075623,0.009423157545391025,0.009423157545391025,0.0161294967818757,0.015478495423335174,0.11048163304348198,0.04635425073305423
xception,2024,097_033,jpeg_sev3,0.0033007607942662004,0.0,0.027551511107514175,0.016113199241602275,0.033758035974826725,0.008333333333333325,13.162846065389697,0.002562518245243975,0.002562518245243975,0.002637006409488175,0.00261097435693565,0.09849931475549567,0.02550705257894685
xception,2024,097_033,resize_sev1,0.9949637706955812,0.9963054187192117,0.2589004631077122,0.2002999999290612,0.25222045377099866,0.32467159277504104,11.789327735619004,0.0028197859702952972,0.0028197859702952972,0.7805778896584052,0.7996193136212421,0.9524723886076195,0.8371820453263029
xception,2024,097_033,resize_sev2,0.9692315654553877,0.9741379310344828,0.21530941728773037,0.16123924877380014,0.20639353729589288,0.2677442528735632,12.161293393520298,0.005430473110597226,0.005430473110597226,0.7266791784751637,0.7700946093439422,0.9064762407512059,0.7278028357768879
xception,2024,097_033,resize_sev3,0.6470612313262912,0.6342364532019704,0.09925271674813638,0.06652449444048714,0.10531308702236765,0.09053776683087023,12.591142856986652,-0.2675464451102553,-0.2675464451102553,0.19562057321042442,0.20831660530799442,0.4917968708413786,0.2796164278110548
xception,2024,360_437,brightening_sev1,0.9968725286379312,1.0,0.4331957510163686,0.2828313324328964,0.4301493188800264,0.4481768490970732,15.570394769619224,-0.00312719889341365,-0.00312719889341365,0.753812047806327,0.257828916908692,0.9951347043435768,0.9424757665577085
xception,2024,360_437,brightening_sev2,0.9560721677750615,0.9838787794921471,0.3950571611419047,0.2501097715704571,0.3959656688847883,0.39621531861897186,15.633379001926897,-0.03832462200858725,-0.03832462200858725,0.7045207271276502,0.22552892309992095,0.9570109225602939,0.8302550456541571
xception,2024,360_437,brightening_sev3,0.20313880215870328,0.09475541410087865,0.06237765123927505,0.02911756060616895,0.09401360363960327,0.016121220507853,17.15647748360739,-0.03153509173194225,-0.03153509173194225,0.15669858408586387,0.12393586047353675,0.15373571841676353,0.04683203874792247
xception,2024,360_437,clean,0.9896895912423238,0.9889123365391268,0.4332113640007966,0.2829703217963217,0.4308111017100906,0.44985470144606654,15.550238444534115,-0.008658986815474225,-0.008658986815474225,0.7753878666963311,0.4202769244781658,,
xception,2024,360_437,darkening_sev1,0.9869051775464937,0.9889123365391268,0.43176152996268025,0.2812922899702105,0.43098356019584383,0.45500934062132425,15.532467093705586,-0.005925050120918474,-0.005925050120918474,0.7831714448431351,0.5727390783278897,0.9963627726337299,0.9484643260831529
xception,2024,360_437,darkening_sev2,0.9872127635897934,0.9872344841901336,0.4296851519037602,0.2789570540999341,0.42907251906377564,0.4370891856362001,15.538294056827269,-0.002056736252402375,-0.002056736252402375,0.769651119766406,0.6076294256762543,0.9882499115225523,0.9082414416525928
xception,2024,360_437,darkening_sev3,0.9936400702172791,0.9905901888881201,0.43219795254761134,0.2811685299260998,0.4286561789486699,0.45500934062132425,15.586559319920106,-0.0037532678673129,-0.0037532678673129,0.7276984054054211,0.5454224432324803,0.9843197210193398,0.8912627690008871
xception,2024,360_437,jpeg_sev1,0.9673482354206873,0.9872344841901336,0.4163622988682876,0.2685439278788179,0.41551939647346164,0.43025669411194906,15.546970218240633,-0.0296972720187662,-0.0296972720187662,0.7985338494836968,0.444904485757174,0.9842100885678818,0.9048207720672434
xception,2024,360_437,jpeg_sev2,0.47114187874165936,0.4415346294886874,0.19086263019427374,0.11152624379728526,0.2089867625246259,0.20101363038815467,16.395627323322326,-0.2105676309049136,-0.2105676309049136,0.4013219052125212,0.26910961362690045,0.5655458957612217,0.38118756903063766
xception,2024,360_437,jpeg_sev3,0.006270308352634825,0.0,0.0490207406477701,0.0219430610872144,0.06276237877170868,0.07569362762056317,17.09559915087705,0.003450934257552325,0.003450934257552325,0.006039047287953325,0.0052573463674695994,0.0309421955528052,0.0009115091256384249
xception,2024,360_437,resize_sev1,0.9798464540126419,0.9855566318411403,0.43082156769954555,0.2804029654259823,0.42860774290843306,0.4541098733826887,15.55053676620599,-0.009867325031560575,-0.009867325031560575,0.777040578336135,0.5149793400953908,0.9961266301900031,0.9588035148572182
xception,2024,360_437,resize_sev2,0.9792269552808925,0.9855566318411403,0.42840565451619045,0.2779889339483034,0.42564924567783485,0.44985470144606654,15.557657663511883,-0.010010168230471425,-0.010010168230471425,0.7698933992296841,0.547526187181915,0.9916078308955237,0.9268390402794693
xception,2024,360_437,resize_sev3,0.9298624682501743,0.921729052791808,0.41091453415869694,0.26298313964997194,0.40796890217261317,0.407302982079845,15.58498081612948,-0.04307617015955827,-0.04307617015955827,0.7214932843828457,0.5934085540695547,0.9588545750481051,0.8364528479431705
xception,2024,435_456,brightening_sev1,0.9329029783648595,0.942171605484299,0.20706280545839645,0.15125105424669366,0.20893992692891297,0.2619139761167625,12.814347243425013,-0.02821268370833865,-0.02821268370833865,0.8072047607115913,0.5941660654668144,0.988848670456359,0.9118803984228
xception,2024,435_456,brightening_sev2,0.95800489468043,0.9613555948695266,0.21670861329798816,0.16113496585041454,0.21861820322839853,0.2560675586023883,12.789486331150943,-0.020551523381797672,-0.020551523381797672,0.8388464027721354,0.5486580029451482,0.969888970581777,0.8656846387217992
xception,2024,435_456,brightening_sev3,0.8973454048346379,0.9150403582485627,0.2031574072643095,0.15013848846787564,0.2027996046047878,0.24199745687748783,12.907066671195047,-0.05982851704516623,-0.05982851704516623,0.788724077139024,0.4830001905649051,0.9609808215432394,0.8339138167917768
xception,2024,435_456,clean,0.9266119949926495,0.942171605484299,0.20072024648231462,0.14548426752344737,0.20430248554102523,0.24409829721362228,12.829621279677266,-0.02362587274760315,-0.02362587274760315,0.7657765988241972,0.6047404867908192,,
xception,2024,435_456,darkening_sev1,0.9353271189785437,0.9566978107032287,0.2038068696128645,0.14783092921744476,0.2085200520291599,0.24784387439186198,12.81641110884621,-0.02285865146223645,-0.02285865146223645,0.753173745590577,0.6092972188083912,0.9813837153109971,0.9099521654494256
xception,2024,435_456,darkening_sev2,0.9432430456553934,0.9662898053958424,0.20281048459809808,0.14614469243106007,0.20700752724346977,0.24574303405572753,12.852229726006108,-0.030359096545643626,-0.030359096545643626,0.7457605166713714,0.610363960459713,0.9629312298932022,0.8652934234476344
xception,2024,435_456,darkening_sev3,0.978769342609043,0.983829057938965,0.21125907161774785,0.15475654456444804,0.21556573490120665,0.2457430340557275,12.810794703217534,-0.00562660158127315,-0.00562660158127315,0.7529418477234553,0.5495609983089809,0.9524191163280386,0.8510870322634465
xception,2024,435_456,jpeg_sev1,0.42698938818858595,0.37873175586023883,0.119121628616906,0.0817422133239438,0.1119703298535851,0.16197202565236618,13.621135535624004,0.00575672437675245,0.00575672437675245,0.39341565153201863,0.33378280981469544,0.5096571566622178,0.3652785806043999
xception,2024,435_456,jpeg_sev2,0.0085034291540672,0.0,0.03463311648559765,0.020814372781606624,0.03147873692996255,0.011236731534719125,14.333710387078916,0.0075119770208821246,0.0075119770208821246,0.008105719716076275,0.00797426204420535,0.0863577915263902,0.019860389956879
xception,2024,435_456,jpeg_sev3,0.000716362741176875,0.0,0.0145285425100637,0.00958540843676265,0.023771288816046524,0.01050420168067225,14.333578924711485,0.0005221523690114749,0.0005221523690114749,0.0006370087286720251,0.000624058362101075,0.07366765979086555,0.01358686328151815
xception,2024,435_456,resize_sev1,0.9807023010037472,0.9821843210968598,0.2092729249227092,0.15217662056326645,0.21420607423795995,0.25323418841220696,12.803605695561147,-0.0104700806256167,-0.0104700806256167,0.7264583611067228,0.7105021075475224,0.9495101848390195,0.8475752490124805
xception,2024,435_456,resize_sev2,0.9470912075793777,0.9662898053958424,0.19926886382311804,0.14245909888726038,0.20465640658426662,0.2473877708978328,12.981472937763396,-0.0343571417577904,-0.0343571417577904,0.710149600538901,0.7095933791949023,0.8866297918102607,0.7260129524150758
xception,2024,435_456,resize_sev3,0.5753131837386286,0.558782065457762,0.08803108399188263,0.05697095973440685,0.09345970695290165,0.08450353825740818,13.597156131573346,-0.2930798946851048,-0.2930798946851048,0.3004896007167376,0.3293340781471044,0.48454368432598116,0.2911204966175963
xception,2024,437_360,brightening_sev1,0.9875350904214804,0.9983221476510067,0.5590995588097732,0.3202100466617357,0.5572788804731672,0.5302878295163634,15.693056476575599,-0.01069901419833715,-0.01069901419833715,0.716009674313807,0.6650637413952863,0.9780131307812788,0.8386360624687692
xception,2024,437_360,brightening_sev2,0.8190559374324069,0.8703037431675085,0.4609797553646723,0.25293978416464685,0.46953858628678,0.45668719297031757,15.955270868069258,-0.09304177089943103,-0.09304177089943103,0.5904731293115575,0.48837732655447413,0.8147044308337248,0.5822853788659772
xception,2024,437_360,brightening_sev3,0.7040921305016083,0.7534421919324708,0.4061742032801519,0.21371844267159887,0.4192652946826397,0.41461980211720745,16.044399483710485,-0.12588269118349843,-0.12588269118349843,0.5037720687461955,0.4436309395297693,0.7189741958681463,0.49072123791792055
xception,2024,437_360,clean,0.9995751935345059,1.0,0.597163884468028,0.35147564278889354,0.5825669789374794,0.5328651491039923,15.700659089473458,-0.00042480646549420764,-0.00042480646549420764,0.703824951761989,0.5984667350702972,,
xception,2024,437_360,darkening_sev1,0.9997125438449376,1.0,0.5977199626957415,0.3518737512664468,0.582719540256956,0.5328651491039923,15.698887267278023,-0.000287456155062477,-0.000287456155062477,0.6481771931891964,0.5593732414862643,0.9995500500006111,0.9781595305394757
xception,2024,437_360,darkening_sev2,0.9999450590382362,1.0,0.5988944451235942,0.353200688702427,0.5820147297816658,0.5328651491039923,15.728942428469567,-5.494096176372975e-05,-5.494096176372975e-05,0.5553128096142096,0.4634847048091915,0.998334036369144,0.9585239475980478
xception,2024,437_360,darkening_sev3,0.9999989837373011,1.0,0.6035569065322708,0.35754885161565436,0.5817082425179979,0.5277105099287345,15.802923108404222,-1.0162626988480495e-06,-1.0162626988480495e-06,0.43179138999651157,0.31195621405332696,0.9939826041328503,0.9235425030201043
xception,2024,437_360,jpeg_sev1,0.9968664847133415,1.0,0.5892966487202043,0.34465966625302424,0.5785621823734293,0.5302878295163634,15.664364537359365,-0.003133514686611575,-0.003133514686611575,0.7519562379967083,0.6572857595802835,0.9972793485396959,0.9443568890891809
xception,2024,437_360,jpeg_sev2,0.28082223770880804,0.2586660208953158,0.35494528456058344,0.1893169766759114,0.34696484709838493,0.3782951636338476,16.684815954091448,-0.08425789787664865,-0.08425789787664865,0.25616349884453865,0.24132678585078438,0.3492668468181478,0.22581460544608248
xception,2024,437_360,jpeg_sev3,0.000432467144926,0.0,0.3214542056784171,0.15927397033980195,0.23998915184680686,0.3902476994395627,17.17446839028326,0.00037037130522455,0.00037037130522455,0.0003830695993337,0.00037831082807369997,0.017811020355887625,0.00041510477628475
xception,2024,437_360,resize_sev1,0.9995691382976946,1.0,0.5947634344753334,0.34948285690386427,0.580772583332422,0.5328651491039923,15.692852544923113,-0.000430861702305425,-0.000430861702305425,0.7537975562777954,0.6491649294808061,0.9996289034633681,0.9792769798685443
xception,2024,437_360,resize_sev2,0.999139411267315,1.0,0.5931639710612704,0.34798042641583005,0.5800923770642057,0.5328651491039923,15.691847373282366,-0.0008605883326537001,-0.0008605883326537001,0.7761447338213001,0.6896495750384123,0.9989063001915442,0.9636396818140612
xception,2024,437_360,resize_sev3,0.9904952947892408,1.0,0.5789596242636859,0.33637763782259017,0.571592460455988,0.5302878295163634,15.720843493200244,-0.009504669758511849,-0.009504669758511849,0.7770019197247684,0.7280110376864792,0.9848785316781818,0.8850531617619264
xception,2024,456_435,brightening_sev1,0.9787069801912569,0.9821843210968598,0.21104674754898237,0.14129537100958645,0.21925542797435846,0.24592271118973902,12.779215925881845,-0.0039033100467191504,-0.0039033100467191504,0.9088180865502772,0.805080077624535,0.9852383109671692,0.8838565889903334
xception,2024,456_435,brightening_sev2,0.9495078008951456,0.9630003317116319,0.1938335368076286,0.1264593208906615,0.20214453445813202,0.25268133569217155,12.81068400580606,-0.0095585434013618,-0.0095585434013618,0.8925842394368051,0.7534727220489322,0.9490726794703709,0.7858224480014326
xception,2024,456_435,brightening_sev3,0.8663861401372828,0.8813301636444051,0.15554644039359902,0.09554436157081404,0.1587494561349979,0.21211576735957538,12.98445657350383,-0.043092839300524904,-0.043092839300524904,0.8232039874689627,0.6828495270033716,0.8700673721685541,0.6436934086525342
xception,2024,456_435,clean,0.9919643199078703,0.9950657894736842,0.22102155908838733,0.15028617809036515,0.22819620809005534,0.2534138655462185,12.761955463743906,3.4373337921950057e-05,3.4373337921950057e-05,0.8947838695561073,0.7535090024693434,,
xception,2024,456_435,darkening_sev1,0.9902352958631137,0.993421052631579,0.2156628293993599,0.14513179759700454,0.2234596293762747,0.24546660769570983,12.753042995916537,-0.00272558153041495,-0.00272558153041495,0.8896624953838528,0.8299266210166328,0.9950815105282448,0.9341266874280578
xception,2024,456_435,darkening_sev2,0.9873219875803968,0.9901315789473684,0.2148041432136509,0.14427217160215522,0.22511556046178305,0.23843155683325956,12.696906034817795,0.001424229816783525,0.001424229816783525,0.8813746256859656,0.8545716619395927,0.9888002816670338,0.8992159078334929
xception,2024,456_435,darkening_sev3,0.9942301587314517,0.9967105263157895,0.22860474059130198,0.15631556898894305,0.2373008366784427,0.24784387439186195,12.660927047169562,-0.00052447200383925,-0.00052447200383925,0.8234216623942869,0.773012005267568,0.9832504069503649,0.8752575445953876
xception,2024,456_435,jpeg_sev1,0.9065672075245135,0.9325796107916852,0.184347184631573,0.1194866402186049,0.19109993468370745,0.2093791463954002,12.956796271315405,0.04500483298477548,0.04500483298477548,0.8555028795454439,0.7686715604222337,0.8880975555778063,0.7372397343787915
xception,2024,456_435,jpeg_sev2,0.24035197754809506,0.19073418841220693,0.061756676355021425,0.03245377131356995,0.058431412641331275,0.07636278195488717,13.917625441086182,0.07138350041853575,0.07138350041853575,0.23558826081240816,0.22696144667829268,0.2707017505343668,0.14463748844128416
xception,2024,456_435,jpeg_sev3,0.003360907561955,0.0,0.033885569981546924,0.01640821195979595,0.030626814133164773,0.03781512605042015,14.200739018240105,0.0026078124074792,0.0026078124074792,0.003044820265323975,0.0027526432737038,0.05882485293996202,0.010722837370807274
xception,2024,456_435,resize_sev1,0.9974084914409033,0.9983552631578947,0.23417547444220313,0.16225310596958736,0.23892464887967718,0.2548789252543122,12.71393974441071,-0.0010651617122699334,-0.0010651617122699334,0.784012861308837,0.7744759495238486,0.9861079483355435,0.8880494630143254
xception,2024,456_435,resize_sev2,0.9983650115308299,1.0,0.22649590244415288,0.15485589702429955,0.22979077623670374,0.2520455550641309,12.784303108684155,0.00099515610908755,0.00099515610908755,0.7437955695410906,0.7614964600799455,0.9769714612710858,0.855219436768777
xception,2024,456_435,resize_sev3,0.9951724859134964,0.9983552631578947,0.22979190539777786,0.15848302568881206,0.23002194698621525,0.24738777089783276,12.785371080166152,-0.002964008559976525,-0.002964008559976525,0.7351217649443333,0.7760959976334318,0.9653447763442977,0.8279281868961663
xception,2024,607_683,brightening_sev1,0.931598710398631,0.9232456140350878,0.3050670814641398,0.1755764893976543,0.29226102496154416,0.29166666666666663,16.077118208533836,0.0034514150950902497,0.0034514150950902497,0.36318231143645546,0.05234231444774185,0.9971212686025094,0.9493298186273208
xception,2024,607_683,brightening_sev2,0.929730874559793,0.9254385964912281,0.3075386061194903,0.1759256825615518,0.2957213961172311,0.293859649122807,16.075108247890807,-0.00017675251256782484,-0.00017675251256782484,0.4127626850207442,0.06160346306492812,0.9865477544348741,0.8702394704847509
xception,2024,607_683,brightening_sev3,0.9257805575923015,0.9232456140350878,0.304079003281864,0.17190253039094816,0.2951726550706839,0.2982456140350877,16.030109536229517,-0.006717609275303875,-0.006717609275303875,0.4877682017196141,0.07913050790911683,0.9659359059719497,0.7794682205965875
xception,2024,607_683,clean,0.9346105113621442,0.9254385964912281,0.30741840253862196,0.1770788653827072,0.29387946275838794,0.2850877192982456,16.08629548131374,0.0009826424117036592,0.0009826424117036592,0.2789311258121303,0.046867452576151825,,
xception,2024,607_683,darkening_sev1,0.9499842694739957,0.9473684210526316,0.31476993207837123,0.18216309943932857,0.30225519181299837,0.29605263157894735,16.068213496291847,-0.007016847155203944,-0.007016847155203944,0.2809944132530833,0.07260018937788046,0.9897286028046519,0.9358918660524245
xception,2024,607_683,darkening_sev2,0.9659549846607995,0.9649122807017544,0.32217560838906767,0.18814533344074347,0.3105405629314178,0.3114035087719298,16.099737324212725,-0.0051556094467901286,-0.0051556094467901286,0.23351509245357616,0.06664607794791973,0.9742697448874805,0.8847675915530933
xception,2024,607_683,darkening_sev3,0.9789482684185107,0.9780701754385965,0.3286969577163107,0.19400799896337353,0.31878565661604547,0.3223684210526315,16.073771343942276,-0.0027447085288402257,-0.0027447085288402257,0.2323809255878522,0.09302248439767896,0.9499699093045818,0.8194621497350885
xception,2024,607_683,jpeg_sev1,0.9364758753605809,0.9298245614035088,0.3080600419097506,0.1778507524352655,0.29450160957752564,0.2872807017543859,16.066527109397086,0.003251968821706739,0.003251968821706739,0.31247163689215335,0.053901319133665075,0.9975171357322499,0.9466365211211656
xception,2024,607_683,jpeg_sev2,0.9050686806920312,0.9155701754385965,0.29316895964146594,0.16939885804511146,0.27960966810836024,0.29276315789473684,16.19424308810318,0.005415955994466075,0.005415955994466075,0.35775279639653346,0.08938657001565657,0.9439264923226138,0.8153524342601647
xception,2024,607_683,jpeg_sev3,0.027025792060604653,0.0,0.16111150072058647,0.0836103966082612,0.18095164909110342,0.2390350877192982,17.22095523591627,0.024371370300398376,0.024371370300398376,0.026561024454362973,0.026120019172857976,0.13356307785536836,0.03294537688733135
xception,2024,607_683,resize_sev1,0.9353005562790491,0.9254385964912281,0.30708546537469494,0.17675300354745105,0.29391232709836823,0.2828947368421052,16.078435264135663,0.001864398105617351,0.001864398105617351,0.28004027401626086,0.0510775892599076,0.9991698505468765,0.9723721901371952
xception,2024,607_683,resize_sev2,0.9360774689509223,0.9298245614035088,0.3073905975818415,0.176921180784409,0.2937494598793449,0.2763157894736842,16.078182055239093,0.00232561799266635,0.00232561799266635,0.2886492238250324,0.05110112501700448,0.998854158685604,0.9652630876035908
xception,2024,607_683,resize_sev3,0.9367799504206664,0.9298245614035088,0.3056519128681695,0.1756589855020526,0.2930411607738078,0.2741228070175438,16.06516558663887,0.0024810364192122867,0.0024810364192122867,0.3037231185252925,0.057223966148101824,0.9972939361102602,0.9468690084038875
xception,2024,671_677,brightening_sev1,0.9991957342072835,1.0,0.42274005997013575,0.2590977203199635,0.4182142746667383,0.4784000588754784,15.798846668729652,-0.0008042245546192841,-0.0008042245546192841,0.7893000016425409,0.29620582441938337,0.9988017972120811,0.9621626789948684
xception,2024,671_677,brightening_sev2,0.9963674950009018,0.997093023255814,0.4128605643042989,0.250288866710798,0.4120506578713382,0.4784000588754784,15.784180664265197,-0.0007592770133922881,-0.0007592770133922881,0.804212983465439,0.24113503981448547,0.991665541631213,0.9027455209634663
xception,2024,671_677,brightening_sev3,0.9748908638225444,0.9825581395348837,0.36437309496062903,0.2105940273117187,0.3783113111459347,0.46257727406535176,15.773420679663996,-0.0053408424655322995,-0.0053408424655322995,0.8144179753974121,0.18357430933059665,0.9079963168451832,0.6691990241540888
xception,2024,671_677,clean,0.9997770084369206,1.0,0.4260723076228934,0.26222027297388406,0.4195154565871897,0.4815646158375037,15.812049691698851,-0.00022299156307926235,-0.00022299156307926235,0.7448167711697038,0.3044239881831997,,
xception,2024,671_677,darkening_sev1,0.9998008635751563,1.0,0.42818430335298874,0.26412654765037347,0.4206159008692001,0.4784000588754784,15.815277803635507,-0.00019913642484368165,-0.00019913642484368165,0.6861550759152346,0.29104673459496444,0.9995727066782442,0.9767149802414947
xception,2024,671_677,darkening_sev2,0.9999884508960311,1.0,0.43038133348457164,0.2661227101979142,0.42106912010651687,0.4815646158375037,15.833688577519187,-1.1549103968909005e-05,-1.1549103968909005e-05,0.588263673739097,0.23438839683150728,0.9984590432876295,0.9554301061090512
xception,2024,671_677,darkening_sev3,0.9999999677719071,1.0,0.4337447897650411,0.2692660772508411,0.4212892639142787,0.4815646158375037,15.872979475885481,-3.222809281460074e-08,-3.222809281460074e-08,0.4473795734498346,0.17732586578732207,0.9959973176508591,0.9268533536606425
xception,2024,671_677,jpeg_sev1,0.9993125521784886,1.0,0.4234025440619836,0.2597877442094554,0.4202954844548623,0.4784000588754784,15.75488746955811,-0.00068744782151135,-0.00068744782151135,0.8307067176803051,0.4098598082783729,0.9984249942869796,0.9592975728899917
xception,2024,671_677,jpeg_sev2,0.7679701102696702,0.8089490727112159,0.3300784171614879,0.18859234286389615,0.32630973435464955,0.3923682661171622,16.063365779064807,-0.12422999850434768,-0.12422999850434768,0.6709167529087551,0.3208018473050972,0.840563035828515,0.6553248364185283
xception,2024,671_677,jpeg_sev3,0.004678431187662825,0.0,0.09329119784581745,0.042023902733045675,0.0733709242449079,0.03061524874889605,17.20232542900959,0.0025422990646003247,0.0025422990646003247,0.004183595010203,0.00409323853142725,0.035290607016376346,0.001119429920316725
xception,2024,671_677,resize_sev1,0.9995136269562063,1.0,0.4258410116785859,0.26198934818970165,0.41884426858468543,0.4784000588754784,15.810955090104464,-0.00048633804339184253,-0.00048633804339184253,0.7575774505594074,0.3378370200793215,0.9994204048420261,0.9767247768401508
xception,2024,671_677,resize_sev2,0.9990543985817761,1.0,0.42597484025988386,0.26210672164836435,0.4183587764381594,0.4815646158375037,15.816113186331753,-0.0009455851309082518,-0.0009455851309082518,0.7430219800204086,0.3553495610758995,0.998721286230875,0.9601381550364116
xception,2024,671_677,resize_sev3,0.9976539498368869,0.997093023255814,0.42372721697825066,0.26005836233298285,0.4191691307619446,0.4754930821312923,15.769770773326714,-0.002036690967492501,-0.002036690967492501,0.7825280432590722,0.4252730106262115,0.9963157310492128,0.9393800547974203
xception,2024,677_671,brightening_sev1,0.9999992681893666,1.0,0.2460167382966155,0.17233204136168578,0.22646798681642966,0.2551884015307624,15.856193887334662,-7.318106334909814e-07,-7.318106334909814e-07,0.41377828498627284,0.0078542549859469,0.9913762121259264,0.8781250780370864
xception,2024,677_671,brightening_sev2,0.9999388153803219,1.0,0.23948609091807607,0.1654227703283097,0.22470401651335237,0.2580953782749485,15.806860333159982,-6.118461967812931e-05,-6.118461967812931e-05,0.4969656683629598,0.014483063230891324,0.9820961775811803,0.8309479385520843
xception,2024,677_671,brightening_sev3,0.9996798698200104,1.0,0.23159189573276137,0.1573191241863638,0.22175505507498022,0.25783779805710916,15.76038864948906,-0.0003201301799895,-0.0003201301799895,0.5631843321798503,0.03407659800106322,0.96469790127568,0.7652296024375831
xception,2024,677_671,clean,0.9999999948019205,1.0,0.2532589671580463,0.18020326742063764,0.22403110844659213,0.24013835737415362,16.00529628028791,-5.198079486225927e-09,-5.198079486225927e-09,0.29826360470803126,0.0064186273948177,,
xception,2024,677_671,darkening_sev1,0.999999997227691,1.0,0.2560039882478744,0.1831891962013597,0.22558544183087542,0.24013835737415362,16.008107752564165,-2.772309059320494e-09,-2.772309059320494e-09,0.2495111348664002,0.007311920677348675,0.9992770756160068,0.9649503249272398
xception,2024,677_671,darkening_sev2,0.9999999993069227,1.0,0.25912724491007066,0.18663025134023148,0.22784276971250061,0.24013835737415362,16.00151609402388,-6.930772648301235e-10,-6.930772648301235e-10,0.2607367242504681,0.007963153926509176,0.9978196597282961,0.9385810215113106
xception,2024,677_671,darkening_sev3,0.9999999982673069,1.0,0.26194812034059595,0.18979423753909114,0.23284765309830288,0.24330291433617893,15.956673091497358,-1.7326931620753088e-09,-1.7326931620753088e-09,0.30097243095829546,0.0186054204289864,0.9945621701736064,0.9046279906741992
xception,2024,677_671,jpeg_sev1,0.9999999361974126,1.0,0.25270591161701855,0.17962564388237517,0.22663500379944018,0.24330291433617893,15.94480334277149,-6.380258744907689e-08,-6.380258744907689e-08,0.3651626529070623,0.009061876391623975,0.998694102431592,0.9580462069698632
xception,2024,677_671,jpeg_sev2,0.9961215134908565,1.0,0.2407655316734702,0.1670449746296621,0.22879523806432855,0.22508831321754483,15.70939952098239,-0.0038784865091434,-0.0038784865091434,0.5852256763304541,0.0709680674736345,0.9781406077661683,0.85308189498953
xception,2024,677_671,jpeg_sev3,0.05903791257829068,0.012400647630261925,0.06353756914522403,0.03298424900648252,0.04918681010725985,0.052509567265233974,16.870023575115457,0.03190036277603402,0.03190036277603402,0.05713997772982303,0.050963281493887944,0.21307448881743282,0.05807560517649717
xception,2024,677_671,resize_sev1,0.9999999760888344,1.0,0.2521769801076034,0.1790105002466581,0.22333385519596302,0.24013835737415362,15.99966347550939,-2.3911165636639262e-08,-2.3911165636639262e-08,0.355712996382888,0.0100212490927972,0.9995270321774519,0.9700380648478735
xception,2024,677_671,resize_sev2,0.9999995668267095,1.0,0.2502197225938947,0.17689758451244214,0.22100933988060434,0.23723138062996757,16.01308903618353,-4.331732905187387e-07,-4.331732905187387e-07,0.3840345627923537,0.0136066572759864,0.9986378384101458,0.9472745871815558
xception,2024,677_671,resize_sev3,0.9999288056097312,1.0,0.25270567370845765,0.17964101306466257,0.228745556585363,0.24330291433617895,15.880018955755135,-7.11943902687029e-05,-7.11943902687029e-05,0.6024648669480943,0.04772133556404877,0.9955298079103093,0.9274098441936212
xception,2024,683_607,brightening_sev1,0.967884116430293,0.9649122807017544,0.40651441195666493,0.26325384630507365,0.40454850390111097,0.4649122807017544,15.557930501929501,-0.021840406402030475,-0.021840406402030475,0.6294242783220845,0.063782732018776,0.9885786123654723,0.9113936281301764
xception,2024,683_607,brightening_sev2,0.9391559066839124,0.9364035087719298,0.3747798950819765,0.23810019551678085,0.37847349267906305,0.4364035087719298,15.542190732663137,-0.013374195581203924,-0.013374195581203924,0.6766471739219126,0.10668918298835157,0.9493697287694842,0.8428930126978511
xception,2024,683_607,brightening_sev3,0.8048153464516968,0.8804824561403508,0.33130056501974603,0.20076481755815465,0.3474171154257461,0.4605263157894737,15.36668024355905,-0.1130572645598205,-0.1130572645598205,0.6469141635216625,0.38560113254546496,0.8530111646726479,0.6540293361849677
xception,2024,683_607,clean,0.9866158084519075,0.9956140350877193,0.4187381427894354,0.2749149070612071,0.41564982594086347,0.48355263157894735,15.614447834198934,-0.011286869154948934,-0.011286869154948934,0.5796219505402341,0.039396854967140224,,
xception,2024,683_607,darkening_sev1,0.9927488469371669,0.9978070175438596,0.41671543188304483,0.2725566478669357,0.41574178688022106,0.4769736842105263,15.597799650409765,-0.0069696441162050565,-0.0069696441162050565,0.5515080876485036,0.045677534320898106,0.9985731997592902,0.9706057108215935
xception,2024,683_607,darkening_sev2,0.9978499913163352,1.0,0.4181142706467023,0.27392895647901055,0.4158887460824614,0.4769736842105263,15.617292114517145,-0.00214989313430951,-0.00214989313430951,0.5090257409600574,0.06374086282755187,0.9968079997445453,0.963276077950557
xception,2024,683_607,darkening_sev3,0.9993831801571345,1.0,0.4186052053803738,0.2744388953720818,0.41642664891281234,0.47368421052631576,15.614926000436148,-0.0006167972296999008,-0.0006167972296999008,0.48391073223268777,0.0818069412520056,0.9959325255169734,0.9549366151119144
xception,2024,683_607,jpeg_sev1,0.9850168316706753,0.9912280701754386,0.4195755651451505,0.27576505290627684,0.4162332061608122,0.48355263157894735,15.614644950941988,-0.012124705308100607,-0.012124705308100607,0.551403336132991,0.03129641057335225,0.9988089274051034,0.9696639860324652
xception,2024,683_607,jpeg_sev2,0.9732527227484082,0.9736842105263158,0.41402337738301875,0.2707525921063642,0.41118503078244534,0.48793859649122806,15.576091006136776,-0.01847858711864733,-0.01847858711864733,0.5160355525838799,0.01982242574817245,0.9918959301082246,0.9398398085182756
xception,2024,683_607,jpeg_sev3,0.16621775577343145,0.08442982456140348,0.23352569631604303,0.13054605753469167,0.17657689385697137,0.35197368421052627,16.765094671333046,-0.01038766716099635,-0.01038766716099635,0.1514206037660873,0.10814560742787033,0.23616420615503772,0.11053483744724407
xception,2024,683_607,resize_sev1,0.986526254041676,0.993421052631579,0.41871158133965475,0.27483695311698575,0.4159343143438924,0.48355263157894735,15.612401240750362,-0.011496533084203253,-0.011496533084203253,0.5920049537447069,0.044182975613103526,0.9996893488862683,0.9853134664351892
xception,2024,683_607,resize_sev2,0.9886419163003825,0.9956140350877193,0.4183755407600633,0.2744666533092875,0.415524685863681,0.48026315789473684,15.614094288725603,-0.009391890969454177,-0.009391890969454177,0.5963703373103942,0.044034122554748624,0.9995780658438492,0.9808217233517191
xception,2024,683_607,resize_sev3,0.9858094728633501,0.993421052631579,0.4185886412636775,0.27457861379092063,0.414809311810788,0.48026315789473684,15.623652968490333,-0.012220683556638247,-0.012220683556638247,0.6176641660338071,0.049066296443669874,0.9983170474110394,0.9668596771709721
xception,2024,876_891,brightening_sev1,0.6697784994921507,0.6808073896681491,0.106581743171423,0.0628905679666061,0.10641887088289828,0.175419089976052,14.298672912465843,-0.0484573542550207,-0.0484573542550207,0.6187414232238391,0.6255433106805804,0.9901449522377059,0.8448613581817817
xception,2024,876_891,brightening_sev2,0.6714906005640944,0.6941070817653096,0.10156298310868772,0.0598220980513886,0.10194462500081236,0.16528395484091685,14.306316586173727,-0.03720207110636298,-0.03720207110636298,0.613433828791282,0.5973981959372793,0.9766075667051191,0.7693972741226227
xception,2024,876_891,brightening_sev3,0.43420895995214004,0.4281132398221006,0.0636853220027053,0.035778890153098125,0.06387629933268522,0.12624016421484774,14.66160004076956,-0.08104245658167113,-0.08104245658167113,0.3946531450993419,0.37358061461139475,0.8850763262344885,0.5981870613887883
xception,2024,876_891,clean,0.6360728292054452,0.6409083133766678,0.10153437106581634,0.05986731058125845,0.10407512529859195,0.16528395484091685,14.325470348600245,-0.03630244593560805,-0.03630244593560805,0.5840891100255151,0.6058124826537878,,
xception,2024,876_891,darkening_sev1,0.6424141380548547,0.6409083133766678,0.1040838458324678,0.0612330136328528,0.10851040386663302,0.1454413274033527,14.348269574739247,-0.03287492472217372,-0.03287492472217372,0.6016697177079282,0.6204023332496713,0.9882284666345539,0.8321998685609284
xception,2024,876_891,darkening_sev2,0.706486711071137,0.7074067738624701,0.10934317647490605,0.06425649226184024,0.11407635345388017,0.16507013342456378,14.387334314103898,0.03453911424803588,0.03453911424803588,0.6615191944224915,0.6786286600777873,0.9641402595879379,0.7267667357449532
xception,2024,876_891,darkening_sev3,0.8530888404401502,0.8670030790283956,0.1152513260388816,0.0675717996015387,0.1217107760634329,0.1547211768730756,14.427011997700554,0.0459361090700789,0.0459361090700789,0.7783420384334254,0.7745174488360771,0.9196807661730646,0.6323401479811877
xception,2024,876_891,jpeg_sev1,0.14624280038073878,0.08232124529592878,0.05941295289222423,0.0334195311582135,0.056841130326353975,0.15707321245295927,14.792999162928437,-0.04376707769915185,-0.04376707769915185,0.14269408826517885,0.14305025717141762,0.6681930150366655,0.3428946406760042
xception,2024,876_891,jpeg_sev2,0.0163001774517409,0.015822784810126576,0.0406943913810313,0.02400032649570065,0.04116576976460393,0.05636332535066708,15.21104803437694,0.00037199237763790003,0.00037199237763790003,0.016050354367443575,0.01598268516740035,0.37142627000788875,0.10903195544356564
xception,2024,876_891,jpeg_sev3,0.00032867878076259997,0.0,0.01606100590674335,0.0082750609459805,0.021497640326156874,0.1081081081081081,15.159117574606944,0.0002610963227235,0.0002610963227235,0.000306060159324575,0.00030041963719435003,0.3373591511004214,0.0818112014618551
xception,2024,876_891,resize_sev1,0.7683076897533779,0.8005046185425932,0.1268345192828555,0.07848399385804924,0.1312154457976772,0.17499144714334586,14.183732626334551,-0.03384692086100573,-0.03384692086100573,0.6322029101547845,0.7103848184773578,0.9405245906910964,0.6668637438653076
xception,2024,876_891,resize_sev2,0.8232126332522509,0.880302771125556,0.12167066867220787,0.0738525537526316,0.12710127550022646,0.1578857338351009,14.345340207224222,-0.04052182518979997,-0.04052182518979997,0.661196606474542,0.7477614201998695,0.9088586610692413,0.6041117407071391
xception,2024,876_891,resize_sev3,0.1820527128753781,0.1621193978788915,0.0502758032542098,0.028863481662554223,0.057297708415290055,0.1268816284639069,14.733153540632149,-0.11975497732908666,-0.11975497732908666,0.10035178178267253,0.12916313069790109,0.5397552092135698,0.25323177202906305
xception,2024,891_876,brightening_sev1,0.9876737948564421,0.9873417721518987,0.19650540614197828,0.13479897281494607,0.19512634255663422,0.23135477249401298,14.61491992964632,-0.0019762038337362998,-0.0019762038337362998,0.7244806984295954,0.4100598606349167,0.997290972679502,0.9585157688933525
xception,2024,891_876,brightening_sev2,0.9833882362073593,0.990506329113924,0.19292758761585305,0.1321944754238952,0.19178161172255745,0.22143345877523093,14.64241056747319,0.005176792899098875,0.005176792899098875,0.7042079172342184,0.28700432578524554,0.9878493288504447,0.9182505355641334
xception,2024,891_876,brightening_sev3,0.9795699548288501,0.9772066370167635,0.19433835589346057,0.13391054296235955,0.1924540180245041,0.22143345877523093,14.644818899364779,-0.0008616558082715499,-0.0008616558082715499,0.6749868855539316,0.1937506134166811,0.9797607253411662,0.8929445987316449
xception,2024,891_876,clean,0.9910823093179844,0.9873417721518987,0.19750615669717148,0.13577440500223298,0.19891224508041894,0.23135477249401298,14.595879515229615,1.2072189378075032e-05,1.2072189378075032e-05,0.6928225343539072,0.5035652116589755,,
xception,2024,891_876,darkening_sev1,0.9923428938537071,0.9936708860759493,0.1995390975751515,0.13755684889836542,0.19984093196320407,0.23135477249401298,14.60576842584065,0.0022501664155259,0.0022501664155259,0.6573726674321985,0.5546827458668522,0.9988441859396676,0.9702683180599782
xception,2024,891_876,darkening_sev2,0.9948004684473121,1.0,0.20410502692348553,0.14067170822516784,0.2026570657514108,0.24084844338008893,14.622121587298809,-0.0021853459807156,-0.0021853459807156,0.604386661324065,0.5857163058664603,0.9949519248407512,0.9426684598932555
xception,2024,891_876,darkening_sev3,0.9978081156543334,1.0,0.2103608920192353,0.14556427864110122,0.20679008137623084,0.24401300034211426,14.642262790001627,-0.002191882459443575,-0.002191882459443575,0.4858322559759974,0.5708076703657528,0.9866797707581523,0.9109452949480248
xception,2024,891_876,jpeg_sev1,0.9687366468256471,0.9873417721518987,0.18396039002927378,0.12361565041267135,0.1850338023073797,0.22143345877523093,14.55460078835365,-0.0070651611271006,-0.0070651611271006,0.7552198820629228,0.5482970182945999,0.9754460967465785,0.8936524868203749
xception,2024,891_876,jpeg_sev2,0.33032142415211324,0.2925932261375299,0.049762619474180175,0.0284858233072326,0.06351306166933775,0.06269243927471771,15.693804169206883,0.02459113090156495,0.02459113090156495,0.3035752104594847,0.2598226230340304,0.30773311375314416,0.16579962165964518
xception,2024,891_876,jpeg_sev3,0.0019551468801044,0.0,0.0006666087082857758,0.00027160300153989975,0.01189849075575785,0.0,15.971427136441433,0.001062753927163025,0.001062753927163025,0.001652782503563,0.0015078155176393,0.04038086939678717,0.002310614692118075
xception,2024,891_876,resize_sev1,0.9906969053866396,0.990506329113924,0.19956046717110887,0.13736274499986326,0.19998208343946577,0.23451932945603832,14.574555360777428,-0.000914689112649575,-0.000914689112649575,0.7064873252772598,0.6225769573244644,0.9986424453946083,0.9654231925117768
xception,2024,891_876,resize_sev2,0.9910095795209057,0.990506329113924,0.1991702940100885,0.13690091376504734,0.19971878290628658,0.23135477249401298,14.567297237277481,-0.0020671426520908497,-0.0020671426520908497,0.69338926650441,0.6559398367164929,0.9971078942668107,0.9527511214352103
xception,2024,891_876,resize_sev3,0.9572393585773413,0.9841772151898733,0.17187368155645522,0.11559665095745132,0.1797257340867772,0.2083475880944235,14.613445053922774,-0.003644672571800875,-0.003644672571800875,0.7239985303280846,0.7080942539870516,0.9374888028118507,0.8254105145408591
efficientnet_b0,2024,033_097,brightening_sev1,0.7224311233149484,0.7547105911330049,0.06331565148555585,0.03672169162971365,0.056582084366941426,0.06364942528735627,9.448303380593877,0.4758065636670177,0.4758065636670177,0.5088872727066602,0.4832691934455061,0.6735365372479427,0.48056067079911186
efficientnet_b0,2024,033_097,brightening_sev2,0.5642488276947513,0.5528940886699507,0.031692817299837577,0.016638628887688824,0.0288486211209086,0.026518883415435103,9.289812172839207,0.3702861040163375,0.3702861040163375,0.3733935515944825,0.3444823995849927,0.48072437248510375,0.3042117978490201
efficientnet_b0,2024,033_097,brightening_sev3,0.4577577376708083,0.38706896551724135,0.018539891621154225,0.009641201156316625,0.013182137259099575,0.0182779146141215,8.955768861970292,0.2803193353866617,0.2803193353866617,0.26597591715311714,0.2514132501466716,0.34483721332236594,0.20290511949813284
efficientnet_b0,2024,033_097,clean,0.9282613097818504,0.9501847290640394,0.11706258647382572,0.07300472947392002,0.10345839273493755,0.14264162561576355,11.745267980615493,0.5261947013775811,0.5261947013775811,0.5389512621006513,0.5840623249317101,,
efficientnet_b0,2024,033_097,darkening_sev1,0.9287684783183515,0.9439347290640394,0.15008672117315253,0.09620887728693048,0.1348663869154987,0.16111453201970444,11.304717933544385,0.6061775028216567,0.6061775028216567,0.5869310464904262,0.6304355080862125,0.8862814653337607,0.7279766515368586
efficientnet_b0,2024,033_097,darkening_sev2,0.9355655995664403,0.9463977832512316,0.18058605820506002,0.1174519298400943,0.17574588163461283,0.22163382594417075,11.082862873118497,0.6606476431126167,0.6606476431126167,0.5950402611285734,0.6688786157654303,0.7953548759786442,0.5934581151418286
efficientnet_b0,2024,033_097,darkening_sev3,0.9654591349272397,0.9838054187192117,0.21038147667980156,0.13523940214894029,0.21701999766680535,0.27182881773399015,11.369650393137206,0.7445176521665506,0.7445176521665506,0.5823668727958621,0.726752434198001,0.6874116642189734,0.47291664107405423
efficientnet_b0,2024,033_097,jpeg_sev1,0.7496475389383256,0.7957204433497537,0.0766001301576098,0.0452922743184171,0.06826652412496667,0.08391830870279142,9.253761026894518,0.4966912187463426,0.4966912187463426,0.509376365425446,0.5068798160568405,0.6027833677488401,0.4243584693195786
efficientnet_b0,2024,033_097,jpeg_sev2,0.25257652974004363,0.1930110837438423,0.0149660323144959,0.00758085678128855,0.0112954953315472,0.009092775041050875,5.861673581365294,0.1547753313683293,0.1547753313683293,0.15668474047115477,0.1342557182134616,0.18822583715007124,0.11311475055129286
efficientnet_b0,2024,033_097,jpeg_sev3,0.024783014789462248,0.0,0.0,0.0,0.0,0.0,4.258925900876228,0.00811962275894695,0.00811962275894695,0.00782177930541085,0.005334942874189675,0.08167568830387262,0.0288150426030283
efficientnet_b0,2024,033_097,resize_sev1,0.9827973450768024,0.9987684729064039,0.1640513908015971,0.10063848375093998,0.15917836519835613,0.17531814449917896,11.905633109250092,0.32405270144029114,0.32405270144029114,0.5682139844071921,0.706037790434909,0.7657882525880934,0.5563008967239482
efficientnet_b0,2024,033_097,resize_sev2,0.9687194900119246,0.9975369458128079,0.16706564463134674,0.0993716913268419,0.16355461051400091,0.17028940886699506,11.926573857092505,0.29588353527389266,0.29588353527389266,0.5824678571771648,0.6403201813899932,0.7123549694487127,0.5005875692030229
efficientnet_b0,2024,033_097,resize_sev3,0.8912094773385177,1.0,0.25319992506830197,0.17030412649326462,0.24344151453703816,0.2791050903119868,11.403635753815985,0.028509114228482527,0.028509114228482527,0.23045026620510461,0.22653398743000225,0.43785914597127107,0.2488077632133358
efficientnet_b0,2024,097_033,brightening_sev1,0.9819227823446244,0.9950738916256158,0.1807333258746477,0.12103090509637637,0.1615154445183461,0.22882799671592774,12.504849621462705,0.3979183223408766,0.3979183223408766,0.46742323782975126,0.5934516607199629,0.9212688007397538,0.6771582689163839
efficientnet_b0,2024,097_033,brightening_sev2,0.9556106600598454,0.9839901477832512,0.15436269518628726,0.09889422084836796,0.14461088643277636,0.18497536945812804,12.019586921061201,0.46982650096962675,0.46982650096962675,0.5050852017341672,0.6196498685422,0.7944767504093679,0.5157188955619445
efficientnet_b0,2024,097_033,brightening_sev3,0.9273180570031327,0.9741379310344828,0.14679654267641054,0.09297085680038765,0.1420689873654898,0.18535509031198683,11.745633129592015,0.5171471175730225,0.5171471175730225,0.5417163854158582,0.6527434568913513,0.6971164566939705,0.4274219584876731
efficientnet_b0,2024,097_033,clean,0.9954506567711461,0.9987684729064039,0.20643396898129218,0.14262137064989716,0.17878951422215783,0.27978243021346466,12.605973063490076,0.2232944761338675,0.2232944761338675,0.340113278065253,0.3599934229339654,,
efficientnet_b0,2024,097_033,darkening_sev1,0.9978103550545541,1.0,0.2177844824789797,0.1533235606014817,0.1932538937007734,0.29635673234811166,12.49244717344862,0.20208657908992,0.20208657908992,0.4159758059106069,0.29007154925605344,0.9757500756771296,0.7959020904262338
efficientnet_b0,2024,097_033,darkening_sev2,0.9987178098061696,1.0,0.22358650650952266,0.15850112423528157,0.20616229998231902,0.30298645320197043,12.331780128203002,0.24864368472486875,0.24864368472486875,0.459158118861943,0.25740113683008203,0.9430123134493531,0.7096294887078769
efficientnet_b0,2024,097_033,darkening_sev3,0.9995702716205361,1.0,0.21771791627099,0.15161342767467362,0.20803786486823017,0.3141625615763547,12.168326560822614,0.46335295322718184,0.46335295322718184,0.5877556353981785,0.38167168449500366,0.9127340017478422,0.6563453416083629
efficientnet_b0,2024,097_033,jpeg_sev1,0.9421396876515573,0.9839901477832512,0.15596245644643622,0.10156593913164232,0.1383991650178623,0.190938013136289,12.018100210598536,0.5426968971594079,0.5426968971594079,0.5645719905455999,0.6779851634071281,0.7319639535707413,0.46443576417424504
efficientnet_b0,2024,097_033,jpeg_sev2,0.20461588646398088,0.12216748768472903,0.01096703967163025,0.005322398015525625,0.008450251989500699,0.00123152709359605,5.163445410440708,0.08357044107525377,0.08357044107525377,0.09890530866099892,0.09472009325373265,0.0476455171428114,0.0291338758490524
efficientnet_b0,2024,097_033,jpeg_sev3,0.00276653037148425,0.0,0.0003896259941499388,0.000166088223436535,3.2767362850831995e-05,0.0,6.034809149309919,-0.0005075885006745251,-0.0005075885006745251,0.0005134143674878,0.00043465496955625,0.007694271240305851,0.002511754997264525
efficientnet_b0,2024,097_033,resize_sev1,0.9999117277305701,1.0,0.20197166653995346,0.13674144788228676,0.18146413987058357,0.3182368637110016,12.45291894888643,0.026633513261898875,0.026633513261898875,0.3525673193205606,0.26479661848047387,0.9251000635767986,0.6398637878550653
efficientnet_b0,2024,097_033,resize_sev2,0.9950709837851266,0.9987684729064039,0.16970080711949453,0.10864787386245953,0.14182646123905118,0.18630952380952376,12.811081302665137,0.19980818866912656,0.19980818866912656,0.4663606885641703,0.5011367304465077,0.8668739899648138,0.5824822167414105
efficientnet_b0,2024,097_033,resize_sev3,0.8080967664938843,0.9652401477832512,0.1997703762132032,0.13789632673066063,0.17101063094386426,0.28394909688013137,12.364388490985768,-0.022087459258386427,-0.022087459258386427,0.21340997091889047,0.211176127518339,0.814964150313718,0.5308866391621726
efficientnet_b0,2024,360_437,brightening_sev1,0.8930272744256622,0.942226527364561,0.0673264238875942,0.03534931810858238,0.06719259650779087,0.06448488203141213,16.37568969376185,0.44284351762526636,0.44284351762526636,0.5204474734802622,0.6169793093378276,0.8058352223428152,0.5057385964307622
efficientnet_b0,2024,360_437,brightening_sev2,0.7700660683453633,0.8058188611360964,0.007014068072793575,0.0030307862537501,0.01201083804944185,0.005933024285615425,15.927051193696162,0.6345111353224308,0.6345111353224308,0.7043470206272953,0.6873098999754895,0.5717175693982166,0.3299118050658325
efficientnet_b0,2024,360_437,brightening_sev3,0.1551419815989577,0.09409811111879883,0.0004526659468042114,0.00019332671073362474,0.00076173168907095,0.0,15.26815443735737,0.14822739130087548,0.14822739130087548,0.15124916165760713,0.1510908557512438,0.4163212443857849,0.23421108138224614
efficientnet_b0,2024,360_437,clean,0.9338302485508725,0.9522936414585208,0.15591680524518772,0.08707278580732825,0.15200746575520502,0.19729467930533445,16.24935924638178,0.2899870558497413,0.2899870558497413,0.4034661337284732,0.5255585924117218,,
efficientnet_b0,2024,360_437,darkening_sev1,0.9559615358961855,0.970092714315367,0.23567478278857282,0.13475789790499748,0.22640706029857682,0.2870165363592333,16.11243760862095,0.1163263904483468,0.1163263904483468,0.2771357770705575,0.3594672206722397,0.8734827284970146,0.6023016792668537
efficientnet_b0,2024,360_437,darkening_sev2,0.9542064089440173,0.9811803777762402,0.24921921463806374,0.14005431323454876,0.23829633595641586,0.27220992181554,15.882812923587647,0.0840898047499748,0.0840898047499748,0.32380773923048733,0.34507891578259864,0.7416685504839671,0.4357632626044179
efficientnet_b0,2024,360_437,darkening_sev3,0.5453543181366879,0.5154293226319795,0.08042652999775331,0.04482842326750953,0.0805139031187757,0.09468622431329132,14.143688237222513,0.19767155449515633,0.19767155449515633,0.3642684674372234,0.3699936547579634,0.4820149508572191,0.2634756075147465
efficientnet_b0,2024,360_437,jpeg_sev1,0.6000613024644387,0.6155815401646716,0.04033665817276508,0.0214195323179477,0.04043979477590407,0.03613436656749462,15.623795896139654,0.4619949571382704,0.4619949571382704,0.48048139059327,0.5155512553515877,0.6645935692014906,0.38943552507369206
efficientnet_b0,2024,360_437,jpeg_sev2,0.030947912209527847,0.0,0.0008578347909257023,0.0003643206654380946,0.0005910093207424138,0.0,15.009229680720328,0.0302046732626075,0.0302046732626075,0.02925024852290245,0.030264376996516927,0.438268244725891,0.2672730420716919
efficientnet_b0,2024,360_437,jpeg_sev3,0.049156391670950206,0.009409811111879825,0.000639227499612225,0.00027274195043740403,0.0005281264752910655,0.0,14.8277360714489,0.04319694922689407,0.04319694922689407,0.0474766386300368,0.04739839576368665,0.4155644242268177,0.2451988781541075
efficientnet_b0,2024,360_437,resize_sev1,0.903036611401473,0.9240642081228811,0.13355770628862246,0.07417563408989775,0.13185390270487773,0.18710648308309685,16.188880437188995,0.29489165758880653,0.29489165758880653,0.4064017539825197,0.5207667703242105,0.9406193145373192,0.701772049772442
efficientnet_b0,2024,360_437,resize_sev2,0.886401623549333,0.9146543970110012,0.12597664035986225,0.06905471514105879,0.1236336952478442,0.15306510759011965,16.26235923217439,0.24901272531649454,0.24901272531649454,0.39026773946808035,0.5021047392176043,0.8841748764993421,0.59853975496802
efficientnet_b0,2024,360_437,resize_sev3,0.7388650314512653,0.7829170414446828,0.08533592132539,0.045944535500629026,0.08133696709308168,0.11632533038123567,15.975303500661848,0.3171347356254143,0.3171347356254143,0.3173965419175161,0.37741656741932844,0.6679971575172241,0.3732044677156585
efficientnet_b0,2024,435_456,brightening_sev1,0.7037632480063463,0.7615684431667404,0.052270133781234754,0.02694947440034145,0.045016550655081276,0.0383679787704555,11.583978158177553,0.531925471014787,0.531925471014787,0.5947110989576649,0.5683316028299464,0.8715106480348576,0.6766252438460765
efficientnet_b0,2024,435_456,brightening_sev2,0.6913718364704613,0.7393714064573198,0.04046412335767038,0.02056537550215845,0.03533420726363708,0.032977664750110526,11.362048339192608,0.5134783668943964,0.5134783668943964,0.5658145060371916,0.5423734199770809,0.7659267647293321,0.5637431612817704
efficientnet_b0,2024,435_456,brightening_sev3,0.6990430026759668,0.7615684431667404,0.048188624707514074,0.024443530841360726,0.04482221976428988,0.03133292790800525,10.377989480106349,0.42936786749198574,0.42936786749198574,0.5240126236378816,0.49052672070859615,0.6438870244929258,0.4633739276439155
efficientnet_b0,2024,435_456,clean,0.8011700307958082,0.8698170057496682,0.0675753329516304,0.03928125812748335,0.05782954776322005,0.047959973463069426,12.279988072183162,0.5626284874828482,0.5626284874828482,0.6460893988721734,0.6122827795397604,,
efficientnet_b0,2024,435_456,darkening_sev1,0.8366338005365832,0.8857115214506854,0.08319417574098467,0.04912474314849295,0.0735997185740566,0.05919670499778855,12.49631281300542,0.6264684760060617,0.6264684760060617,0.6817134887044694,0.6618100091714176,0.9229992268103435,0.749231698855484
efficientnet_b0,2024,435_456,darkening_sev2,0.8064032959740306,0.8539224900486511,0.08700547825286407,0.0520811569171974,0.07965207868928648,0.06924480318443163,12.039865725839734,0.671020647801425,0.671020647801425,0.6814710092083955,0.6694489558702598,0.8342114007740685,0.6150398750898862
efficientnet_b0,2024,435_456,darkening_sev3,0.5998335364125349,0.6533198805838125,0.06236942196537705,0.034941532525737375,0.06043504176076815,0.048416076957098604,8.457538265706901,0.49140707773636827,0.49140707773636827,0.4679127226451032,0.48452877980989834,0.5373277177629879,0.3778616552080651
efficientnet_b0,2024,435_456,jpeg_sev1,0.17519131650949377,0.11920886775762932,0.00605894995549115,0.001882023114063775,0.00191893061587165,0.0,5.2233131669333215,0.1070440456074321,0.1070440456074321,0.12497102327161047,0.12235449462127741,0.23143377134703477,0.15517209529511877
efficientnet_b0,2024,435_456,jpeg_sev2,0.001548264256201525,0.0,0.0,0.0,0.0,0.0,1.8542491284580898,0.000147619064230275,0.000147619064230275,0.0001358624506202,0.0001477977135098,0.05251914872312542,0.04986194723896255
efficientnet_b0,2024,435_456,jpeg_sev3,3.833827727270192e-05,0.0,0.000103059711804675,6.0178463032075e-05,2.240342487873829e-06,0.0,2.0597572276835843,2.012627900349416e-06,2.012627900349416e-06,2.0835232105707835e-06,2.83627791331557e-06,0.04396104436321685,0.0442153908951679
efficientnet_b0,2024,435_456,resize_sev1,0.9629980599221825,0.9901315789473684,0.13573088948947315,0.08843204019065687,0.11595220571596437,0.13081877487837237,13.401073675709771,0.2639051967754912,0.2639051967754912,0.6177683831530414,0.516275044402992,0.7464766843224324,0.4966046535525454
efficientnet_b0,2024,435_456,resize_sev2,0.7854577981397114,0.7944631800088457,0.11139706081208642,0.06691388218197575,0.10374982017653762,0.12689352056612116,12.49645427676072,0.19414219092564303,0.19414219092564303,0.6081842312708563,0.5080397376223031,0.7017248930585738,0.47324378876673423
efficientnet_b0,2024,435_456,resize_sev3,0.48810564621577895,0.4921909553295002,0.11635025588910032,0.07376679163756204,0.1200049088659757,0.1282618310482087,8.519518653582493,0.10051653634629162,0.10051653634629162,0.295122303659313,0.35616373480280894,0.3054673074650202,0.19936269399001189
efficientnet_b0,2024,437_360,brightening_sev1,0.9879804888596744,1.0,0.1919965272467293,0.09896533641391228,0.16354773267926137,0.09665813325953082,15.678382234673,0.18416013886963528,0.18416013886963528,0.6608351460523789,0.5691213602585361,0.7869858390119164,0.48095209667052974
efficientnet_b0,2024,437_360,brightening_sev2,0.7815878087066906,0.8118037777624022,0.13751427286909187,0.0748372426903561,0.11213130257767982,0.087248322147651,15.232230404359797,0.4621435701372168,0.4621435701372168,0.7497693401805928,0.7455469400607113,0.6473405949500877,0.33422748712049966
efficientnet_b0,2024,437_360,brightening_sev3,0.467089708764713,0.4535736525288867,0.12227448729222605,0.06271706433818038,0.0870957028596918,0.07718120805369127,14.705878126805178,0.19172928207788154,0.19172928207788154,0.4451395122777477,0.44412776693270056,0.627517364529715,0.3178261651233751
efficientnet_b0,2024,437_360,clean,0.9994555075820372,1.0,0.32404049689614906,0.1669957692042005,0.30263076306758346,0.27454507714661314,16.159366111363422,-0.000378244840207125,-0.000378244840207125,0.1463744839880065,0.06649615950764505,,
efficientnet_b0,2024,437_360,darkening_sev1,0.999460693985164,1.0,0.38628197363443084,0.20388505026490597,0.3763146834457196,0.4584861274475887,16.096371680900216,-0.00033638044487582504,-0.00033638044487582504,0.08971334104504493,0.06607908723521592,0.9530037875299111,0.7808940500744641
efficientnet_b0,2024,437_360,darkening_sev2,0.9993463423999298,1.0,0.39106552836037917,0.2072588683230927,0.3838619700239132,0.4422438248114578,16.153785519720998,-0.0006478238454666976,-0.0006478238454666976,0.1195643498827567,0.08920077983115193,0.9303300854910442,0.7390322954815861
efficientnet_b0,2024,437_360,darkening_sev3,0.9983332446152375,0.9983221476510067,0.41697816481355365,0.22051885342623417,0.4238640966333147,0.5551615581540165,16.202704907403902,-0.0005487537629206722,-0.0005487537629206722,0.6241592662218212,0.663934204717367,0.7508607951704391,0.4779069489504836
efficientnet_b0,2024,437_360,jpeg_sev1,0.9985814447055463,1.0,0.31974184714939174,0.16471101151962209,0.29547496063406864,0.22839548882584926,16.11196463020468,0.007936050026777849,0.007936050026777849,0.2748042561787147,0.1854982138396153,0.9700981299164358,0.8054138100988388
efficientnet_b0,2024,437_360,jpeg_sev2,0.9297033174470297,0.9717705666643603,0.25314039587491893,0.12769463122012525,0.22682900617278767,0.14874074586591013,15.757440023419601,0.23356449242633837,0.23356449242633837,0.8751261483868357,0.8551088358412249,0.6654948149788118,0.3542591443360483
efficientnet_b0,2024,437_360,jpeg_sev3,0.34248868817526534,0.2714315367051823,0.15163949605874416,0.07368236193945135,0.11075323893678257,0.07652390507161139,14.889670458267545,0.10075293588615064,0.10075293588615064,0.3331563139101766,0.3370553161556617,0.5839897361095654,0.28919407255966517
efficientnet_b0,2024,437_360,resize_sev1,0.9993907371687325,1.0,0.3316062580909992,0.17089457522749818,0.307112121785607,0.3121843215941327,16.063972370769545,0.0004066853028617688,0.0004066853028617688,0.13929420378637022,0.0743033519275174,0.9905050717223608,0.8856621293784969
efficientnet_b0,2024,437_360,resize_sev2,0.9991336190551241,1.0,0.32641721275395774,0.16772449590792549,0.30347480957159534,0.33100394381789244,16.02747181739839,-0.0002422728959494,-0.0002422728959494,0.1285898248638099,0.06847521454857618,0.9795265145001554,0.8301673294291412
efficientnet_b0,2024,437_360,resize_sev3,0.9988367265038927,1.0,0.3716835007624186,0.19402087294698012,0.3492268427497481,0.4156922438248114,15.999737185507442,-0.0011563080708427,-0.0011563080708427,0.19813172673239618,0.07993869628894615,0.9423274251422232,0.7219526864195444
efficientnet_b0,2024,456_435,brightening_sev1,0.5163858697583076,0.517953892083149,0.06716413062874535,0.04016087210014955,0.06450707682961468,0.06688135780628038,10.359790349971506,0.3162489705807497,0.3162489705807497,0.3827714339430466,0.3849679640025388,0.5827725479497683,0.4191906852852594
efficientnet_b0,2024,456_435,brightening_sev2,0.42632414113102396,0.37161377708978327,0.07000126757682783,0.039168221694609824,0.06810922201061355,0.0874336576735957,9.868620221420286,0.20636024345548667,0.20636024345548667,0.30570702342685285,0.29365080527576304,0.3885946784947189,0.2551391854116742
efficientnet_b0,2024,456_435,brightening_sev3,0.4515748344282041,0.45136278195488716,0.06664259347132005,0.040497706891930024,0.060652055898890105,0.06194714727996457,10.204812073789306,0.33342906167767733,0.33342906167767733,0.3741886176554151,0.3607005436709234,0.29664966771412976,0.2069197358137237
efficientnet_b0,2024,456_435,clean,0.7284549845666308,0.7519902697921275,0.06833678081413097,0.04452705711598698,0.062062621383097295,0.074828615656789,11.937175660112798,0.39073333766677065,0.39073333766677065,0.5234655080328755,0.5696162881569976,,
efficientnet_b0,2024,456_435,darkening_sev1,0.689363208074506,0.7185565015479877,0.10087730980950198,0.06299317143403997,0.08992395339953388,0.0961134453781512,11.492578666421597,0.3107457956261577,0.3107457956261577,0.41628753882357683,0.4879945395054417,0.7461829255111115,0.5763937170389214
efficientnet_b0,2024,456_435,darkening_sev2,0.5216148897017017,0.5127432551968155,0.10054710507806115,0.0548554901123976,0.09977567207395793,0.10871848739495796,9.20757105374484,0.20303635793274996,0.20303635793274996,0.32731914977037374,0.37310857772717926,0.48021370470958447,0.34017335715756025
efficientnet_b0,2024,456_435,darkening_sev3,0.3560661946462127,0.3148772666961521,0.0544328074511084,0.026002339261398125,0.05703423571133472,0.060385338345864625,5.6137406351370185,0.23538063315813748,0.23538063315813748,0.2128060643611977,0.2509639672972531,0.25654017618409447,0.18662948714963173
efficientnet_b0,2024,456_435,jpeg_sev1,0.2082502688394712,0.18060316231755852,0.039621497679510474,0.0227114109022305,0.04241333416635515,0.048609575409111,8.5608009131463,0.10877614468887306,0.10877614468887306,0.1576443648140767,0.1627606052810211,0.45907306018514843,0.28497475802003397
efficientnet_b0,2024,456_435,jpeg_sev2,0.00452547833406655,0.0,0.00184446880970055,0.0004399580883333225,0.0009857052618542337,0.0,4.234128200325065,0.000785479008781275,0.000785479008781275,0.00087864320968175,0.0009051942135450751,0.15131721386253538,0.0773432974052143
efficientnet_b0,2024,456_435,jpeg_sev3,5.262374180687397e-05,0.0,3.1512605042016806e-05,3.947711248608403e-06,5.26345829069748e-07,0.0,1.5297938498681964,-9.36044561144363e-06,-9.36044561144363e-06,-8.144599952973408e-07,-1.3110278899539417e-06,0.09772555197972066,0.06537514781673558
efficientnet_b0,2024,456_435,resize_sev1,0.8892293775322663,0.9205274214949137,0.1377690239671365,0.08900579633013662,0.1349531488408342,0.16763876603272887,12.34578357741718,0.2505611829268941,0.2505611829268941,0.41578603598880065,0.4739891770082379,0.6647304725151368,0.4728467773767242
efficientnet_b0,2024,456_435,resize_sev2,0.8359515655185157,0.8629754533392304,0.15646574786224302,0.09889037089811348,0.15828770661206726,0.18535769570986282,11.874052411447002,0.10181054436649682,0.10181054436649682,0.6088300799103432,0.5829399106943237,0.4705012229440775,0.3189006810267181
efficientnet_b0,2024,456_435,resize_sev3,0.541082099162242,0.6040054179566563,0.15311215557104874,0.0830860843443261,0.15657472944573578,0.16900707651481645,8.502136430688687,-0.021225570693114076,-0.021225570693114076,0.2659287001706998,0.3195709661311248,0.21858093754574096,0.1555826754090136
efficientnet_b0,2024,607_683,brightening_sev1,0.9769220600934013,0.9802631578947368,0.08062621781237353,0.037914471636452875,0.10674505095484638,0.015350877192982448,16.527523065868177,0.02306347841952452,0.02306347841952452,0.14178525427792396,0.2558020767199259,0.9844342463003419,0.8218581107678014
efficientnet_b0,2024,607_683,brightening_sev2,0.9741168772115519,0.9758771929824561,0.07101594300906325,0.033299734880669826,0.09669952225607538,0.0175438596491228,16.42591930585995,0.02355825667792374,0.02355825667792374,0.20834458900265557,0.37833018499345356,0.9609283071930489,0.7225904428133312
efficientnet_b0,2024,607_683,brightening_sev3,0.9750089928867263,0.9780701754385965,0.07528291553648175,0.03653612377240663,0.09342282874336486,0.01973684210526315,16.241397060846026,0.01999141129648737,0.01999141129648737,0.18845716777018656,0.3337550340005882,0.8763541388489309,0.5230285778301281
efficientnet_b0,2024,607_683,clean,0.9753673493845814,0.9802631578947368,0.07054138831832607,0.03227340660298545,0.09813890399662897,0.0043859649122807,16.448213415187702,0.020635905265583433,0.020635905265583433,0.1275340590327048,0.28219770667100524,,
efficientnet_b0,2024,607_683,darkening_sev1,0.971286259070774,0.9649122807017544,0.08058989330176888,0.03731589678252852,0.10567507336244612,0.049342105263157875,16.45944134394328,0.019391967374790566,0.019391967374790566,0.10489748430049255,0.2514583040702155,0.9810028670365961,0.8230844609757972
efficientnet_b0,2024,607_683,darkening_sev2,0.9684785383328665,0.9692982456140351,0.0977428635708262,0.0461167690935638,0.12107170357890412,0.07346491228070173,16.506434618381032,0.021549781708847388,0.021549781708847388,0.09699513035389305,0.15065697361033487,0.9324540436616512,0.6763462879270693
efficientnet_b0,2024,607_683,darkening_sev3,0.9548659000735682,0.9495614035087719,0.13593486207882544,0.06727737103845145,0.14923445259225415,0.17105263157894735,16.587574513334978,0.010151178580136928,0.010151178580136928,0.1481427163418725,0.1885129234836775,0.7751808770444645,0.4361451213657451
efficientnet_b0,2024,607_683,jpeg_sev1,0.984111936485166,0.986842105263158,0.07239398428085073,0.03330567600942848,0.0997767327065694,0.01096491228070175,16.456104602730065,0.021103583544844,0.021103583544844,0.10932383983163153,0.28219470916072864,0.9897473084028218,0.8732518069262477
efficientnet_b0,2024,607_683,jpeg_sev2,0.9938061624896108,0.9956140350877193,0.07954742325501032,0.03667611537598478,0.11453114837846601,0.0175438596491228,16.56002398122821,0.02098626326034335,0.02098626326034335,0.09664995762776865,0.16728543828082215,0.9665048856458881,0.7609325052728909
efficientnet_b0,2024,607_683,jpeg_sev3,0.9882057225495054,0.9978070175438596,0.1186943680828387,0.056001407852871624,0.1378566763155086,0.11074561403508767,16.601051379714097,0.005918711211467051,0.005918711211467051,0.32361392772617625,0.625236432183444,0.847299704728562,0.5240559413588196
efficientnet_b0,2024,607_683,resize_sev1,0.977482111544528,0.9802631578947368,0.07106386752081541,0.03260990691512885,0.09874802915287806,0.0131578947368421,16.45661790642822,0.02048980218068319,0.02048980218068319,0.1200899029285401,0.2600730970069681,0.9965375913058521,0.9205451030208905
efficientnet_b0,2024,607_683,resize_sev2,0.9784534339498925,0.9824561403508771,0.06966336001544986,0.0318463539552115,0.095840715363242,0.00219298245614035,16.449795597477962,0.019704812357463578,0.019704812357463578,0.10777690407172605,0.24610941207445866,0.996030888916143,0.9155393819868091
efficientnet_b0,2024,607_683,resize_sev3,0.9849843429238128,0.986842105263158,0.07852804108997323,0.036263308781783875,0.1050606282462379,0.0087719298245614,16.46753855232607,0.0154776524450107,0.0154776524450107,0.08752487581315146,0.20489438879533395,0.9883661924823666,0.8586485595672781
efficientnet_b0,2024,671_677,brightening_sev1,0.9999999933938332,1.0,0.25460697292463486,0.13560244794899395,0.22016652405953202,0.37816455696202533,16.850459721708145,-6.60616684072257e-09,-6.60616684072257e-09,0.2355573221609053,0.1401095282443225,0.952582566139314,0.7013019535058428
efficientnet_b0,2024,671_677,brightening_sev2,0.9999987950237632,1.0,0.14830024446375725,0.07466740388598185,0.15749410901608935,0.24543715042684716,16.844492747217267,0.0008924158598732251,0.0008924158598732251,0.3116251890864776,0.25981525682222145,0.8293193576670372,0.4494134243597935
efficientnet_b0,2024,671_677,brightening_sev3,0.9854579996702819,0.9875993523697381,0.14328280758071066,0.07088235652158001,0.1522210746992637,0.2311598469237562,16.73928622852749,0.03772540750078,0.03772540750078,0.7361998290313396,0.7265620059486971,0.6875259610662592,0.28019281281153685
efficientnet_b0,2024,671_677,clean,1.0,1.0,0.2934378091216939,0.16052899137853507,0.2511497924706429,0.41220194289078593,16.647956078741036,0.0,0.0,0.13387472122745325,0.11710713808812706,,
efficientnet_b0,2024,671_677,darkening_sev1,1.0,1.0,0.319244448006222,0.17803211180788409,0.27362040586080383,0.3961215778628201,16.601983061074016,0.0,0.0,0.13804096569988977,0.12335889291786985,0.9778990881682241,0.7884363067530894
efficientnet_b0,2024,671_677,darkening_sev2,1.0,1.0,0.3387239455452854,0.19004436522878332,0.282113474252669,0.38029879305269354,16.664269232349884,0.0,0.0,0.3794568439823303,0.33540012538932046,0.891955483074869,0.5678057222180574
efficientnet_b0,2024,671_677,darkening_sev3,0.999998607467405,1.0,0.3267522926111532,0.17986608623082434,0.2976211891585699,0.41510891963497204,16.415450481130407,-1.3659236920311552e-06,-1.3659236920311552e-06,0.49108804813165335,0.5525526495611754,0.7274769710413603,0.3794719074860873
efficientnet_b0,2024,671_677,jpeg_sev1,1.0,1.0,0.25307112573139856,0.13483307627513536,0.22138914283755068,0.38740064763026194,16.84152895828047,0.0,0.0,0.17865248271920744,0.1258233632346242,0.95141806206605,0.7189252604694459
efficientnet_b0,2024,671_677,jpeg_sev2,0.9837577110414126,0.9875993523697381,0.14758071057665767,0.07432578930159603,0.1462304890484541,0.16231233441271709,16.722887160008113,0.07136791048410805,0.07136791048410805,0.560054886511256,0.6105168371141019,0.7599493460482838,0.37806271299132793
efficientnet_b0,2024,671_677,jpeg_sev3,0.9448413895226495,0.975198704739476,0.1415345469021987,0.06764179565553355,0.1379257352778289,0.16198115984692368,16.578537308962723,0.024713283595197876,0.024713283595197876,0.8662974406787963,0.9209081126143805,0.477700331364902,0.14385068386846817
efficientnet_b0,2024,671_677,resize_sev1,1.0,1.0,0.2991387444972784,0.1636363210568523,0.2541681148851558,0.3995437150426847,16.681261169198052,0.0,0.0,0.12306103620991822,0.09490960058562885,0.9901178686277192,0.8493161562985403
efficientnet_b0,2024,671_677,resize_sev2,1.0,1.0,0.2982649801301837,0.16348405262326726,0.25294416877086534,0.41220194289078593,16.707622123003215,0.0,0.0,0.10453482985843052,0.0640188076549552,0.9807412562604118,0.8122604058877929
efficientnet_b0,2024,671_677,resize_sev3,1.0,1.0,0.28941150566816604,0.15640026205789315,0.24752227735304622,0.41194436267294665,16.74937586974564,0.0,0.0,0.10377415229805181,0.07141949115104446,0.9380023128360208,0.6793447637577116
efficientnet_b0,2024,677_671,brightening_sev1,1.0,1.0,0.16362078607708652,0.10239896235817397,0.1273194675716408,0.22825287017957013,16.8762416636063,5.9130895758924466e-09,5.9130895758924466e-09,0.0099718823989489,0.003718415230802075,0.9548714916665582,0.6403559927882577
efficientnet_b0,2024,677_671,brightening_sev2,0.9999995124464636,1.0,0.12028021165923897,0.07142752089262443,0.10699583633502445,0.193700323815131,16.818522973940727,3.32325789063042e-05,3.32325789063042e-05,0.03489643126980565,0.026115534794762196,0.8838999525753866,0.4542372330125362
efficientnet_b0,2024,677_671,brightening_sev3,0.9999310349804847,1.0,0.09666314865122261,0.05438182182668927,0.09323162621541767,0.12775978804827787,16.7285253346791,-2.8198238923873263e-05,-2.8198238923873263e-05,0.1089585877084226,0.1339198324554082,0.7422330390091954,0.27021814037744046
efficientnet_b0,2024,677_671,clean,1.0,1.0,0.1750740118781779,0.11124150970366195,0.13479945029065554,0.25014718869590813,16.774763732508138,0.0,0.0,0.0011780206284033,0.00033298399313638,,
efficientnet_b0,2024,677_671,darkening_sev1,1.0,1.0,0.17716242567200763,0.11323710750415064,0.14262097811338567,0.22534589343538414,16.659494348262946,0.0,0.0,0.00112869169191285,0.0010238174576074287,0.9789818994864283,0.7846760942724746
efficientnet_b0,2024,677_671,darkening_sev2,1.0,1.0,0.20038520098806523,0.13182885845503672,0.15701072817116257,0.2533117456579334,16.670061835759803,0.0,0.0,0.005876774562170125,0.008212999544636324,0.9407804309754272,0.6313458184543824
efficientnet_b0,2024,677_671,darkening_sev3,0.9999999948721056,1.0,0.2238039878129345,0.1523133569180312,0.18138819319234847,0.2812775978804828,16.463508768961784,-5.127894446749458e-09,-5.127894446749458e-09,0.09028078649661304,0.15616983917539323,0.8360768352899138,0.45247483233085783
efficientnet_b0,2024,677_671,jpeg_sev1,1.0,1.0,0.17592887624064113,0.11275315127843018,0.1331228851949932,0.25621872240211946,16.843005101119978,0.0,0.0,0.0023829894541184003,0.000769322058682125,0.9807838516924285,0.7501465041902597
efficientnet_b0,2024,677_671,jpeg_sev2,0.9998946648912461,1.0,0.15565627812982988,0.09806493187384488,0.1350648796350564,0.1662496320282602,16.620454904188787,0.000668947014399425,0.000668947014399425,0.1604074159610225,0.21736610825355862,0.8100696405318036,0.37409151698319215
efficientnet_b0,2024,677_671,jpeg_sev3,0.7647736949254922,0.8672725934648219,0.04140903517145718,0.022213805167139798,0.039494930479344374,0.03377980571092135,15.396739897813593,0.34513662040626625,0.34513662040626625,0.5550125071149142,0.6597749714481165,0.3173142007342862,0.11021694960508563
efficientnet_b0,2024,677_671,resize_sev1,1.0,1.0,0.18018052326002712,0.11626379926466557,0.13711634454481986,0.2654548130703561,16.7826705367768,0.0,0.0,0.001219589091028025,0.0003027825591351414,0.9927628942504845,0.8434802032185569
efficientnet_b0,2024,677_671,resize_sev2,1.0,1.0,0.1839053691953395,0.1199365587924249,0.1373680508041756,0.2778554607006182,16.82160955525371,0.0,0.0,0.00090605126897265,0.00013782711486307387,0.983895668872071,0.7768207082181486
efficientnet_b0,2024,677_671,resize_sev3,0.9999999941088432,1.0,0.1938848572115694,0.12969749680262435,0.14157272503898552,0.2533117456579334,16.82796718177986,-5.89115675105605e-09,-5.89115675105605e-09,0.0061848367755469,0.00315658671604305,0.9466774491539492,0.6180056103264852
efficientnet_b0,2024,683_607,brightening_sev1,0.9553618801455421,0.9473684210526316,0.28476817372697816,0.16014178448346617,0.27347680967613297,0.4122807017543859,16.22393780842162,-0.012444762782634865,-0.012444762782634865,0.43430779502000005,0.15415164950051496,0.9464480008805678,0.7152227453327605
efficientnet_b0,2024,683_607,brightening_sev2,0.9462975469140107,0.9364035087719298,0.21623093247045033,0.11490087094021152,0.1992909367305269,0.23355263157894732,16.085886018318043,-0.00347825814561355,-0.00347825814561355,0.3643605837434032,0.2862910220609862,0.8603116120420634,0.5964786692754614
efficientnet_b0,2024,683_607,brightening_sev3,0.894563440386647,0.9221491228070176,0.1749707856996331,0.09082453070324067,0.1529225309220843,0.09758771929824558,15.151850900106263,-0.0201939476037136,-0.0201939476037136,0.6242542853144921,0.6241720713789395,0.621884227394328,0.4325180209362307
efficientnet_b0,2024,683_607,clean,0.9505684132674472,0.9451754385964912,0.22786566950762216,0.12074728797265125,0.22386226611564594,0.31798245614035087,16.336669396935847,-0.0198627035483297,-0.0198627035483297,0.26838217046787843,0.06538229496902453,,
efficientnet_b0,2024,683_607,darkening_sev1,0.9551057367153637,0.9539473684210527,0.2534767803670077,0.138260300368104,0.24959164190448274,0.35416666666666663,16.22363669098469,-0.0273547066157845,-0.0273547066157845,0.25529896612983727,0.09394816734282732,0.9832661492385403,0.8461787814670721
efficientnet_b0,2024,683_607,darkening_sev2,0.9698478518086567,0.9714912280701754,0.29000016411631085,0.16465857919316104,0.28663845753853084,0.41228070175438597,16.049469249290333,-0.018508124071287727,-0.018508124071287727,0.3272386186739854,0.1686921604324883,0.9377688767725271,0.708643875077661
efficientnet_b0,2024,683_607,darkening_sev3,0.9878382934420779,0.9912280701754386,0.31894778317272965,0.1864028731346749,0.3227189295334152,0.4320175438596491,15.840716182139882,0.004939407330790549,0.004939407330790549,0.7112937638211358,0.7653357091991909,0.842653311026397,0.5676992899227717
efficientnet_b0,2024,683_607,jpeg_sev1,0.947250103557803,0.9407894736842105,0.22613041887055998,0.1194751212075835,0.22141080650120992,0.32346491228070173,16.356206040633353,-0.020599454902095873,-0.020599454902095873,0.2136671864552721,0.04254201947575583,0.9932618517797538,0.9037569991080181
efficientnet_b0,2024,683_607,jpeg_sev2,0.9690098382405969,0.9714912280701754,0.238768589778039,0.12785155247983582,0.23017821419945111,0.3530701754385964,16.42290873067421,-0.0043507740068762,-0.0043507740068762,0.22600604720942652,0.07079081267032669,0.9760761922035035,0.8126786584811667
efficientnet_b0,2024,683_607,jpeg_sev3,0.9862869491049073,0.9956140350877193,0.23032225211658952,0.1217827200269839,0.22200565564985972,0.30372807017543857,16.589457047613042,0.008592700504027901,0.008592700504027901,0.5817794130115337,0.6488025264487461,0.6571460537721392,0.3674980766832665
efficientnet_b0,2024,683_607,resize_sev1,0.9510668118861136,0.9517543859649122,0.22855263721882865,0.12126549652948225,0.22383641580395558,0.3245614035087719,16.325690500568925,-0.018914566988538,-0.018914566988538,0.2567005689452982,0.055653855677902306,0.997547146929487,0.9381169052193629
efficientnet_b0,2024,683_607,resize_sev2,0.9503121015844507,0.9495614035087719,0.2294620345089357,0.12183653104393827,0.2248922918103589,0.3070175438596491,16.32719244768745,-0.01949041747164365,-0.01949041747164365,0.23192260321229688,0.047342451996978674,0.9962016708382319,0.9270014412067951
efficientnet_b0,2024,683_607,resize_sev3,0.9582785792820352,0.9517543859649122,0.22284847033424374,0.11777224012699827,0.21866989312646523,0.29824561403508765,16.324189574049228,-0.013116617784059275,-0.013116617784059275,0.1850585016573109,0.043717456711946275,0.989262567884662,0.8814629986521789
efficientnet_b0,2024,876_891,brightening_sev1,0.23318192088409545,0.20201847417037289,0.0172969172878998,0.009710417802766625,0.01626548207985075,0.015822784810126576,12.631961455175496,0.13316611430449743,0.13316611430449743,0.1812151242792769,0.15193099535226437,0.7830881377578749,0.6051285428597674
efficientnet_b0,2024,876_891,brightening_sev2,0.1154388436895344,0.09562093739308922,0.008788846940167976,0.004989643853451999,0.007731461973378679,0.00949367088607595,12.607051646346473,0.09275138338950856,0.09275138338950856,0.10775182441820365,0.0904994020709634,0.6396131776144985,0.4767917495590618
efficientnet_b0,2024,876_891,brightening_sev3,0.1899522280831255,0.15579028395484087,0.010124295827283424,0.004259004329842225,0.007905953492247254,0.006329113924050625,12.463470970650384,0.12351430914155145,0.12351430914155145,0.17616434655689597,0.1559190394760718,0.6655114446987368,0.4876935788317636
efficientnet_b0,2024,876_891,clean,0.4357606871020021,0.40151385562777964,0.04131720460687038,0.023569513619054825,0.041299070093021174,0.05234348272322953,13.050470049316818,0.13627496983483184,0.13627496983483184,0.30769631193361846,0.21875639340766148,,
efficientnet_b0,2024,876_891,darkening_sev1,0.5776098517122059,0.587709544988026,0.059157622890036024,0.03336614070361235,0.05441450140046612,0.05550803968525483,13.144187033767778,0.07784014820528208,0.07784014820528208,0.39067524520649477,0.30799926266468836,0.8465133915640313,0.6625857727027245
efficientnet_b0,2024,876_891,darkening_sev2,0.7069934031667935,0.7207064659596305,0.07682257005230483,0.04290136796243946,0.07069962299545066,0.07535066712281897,13.053785726871547,0.11480132329840408,0.11480132329840408,0.5793499722851835,0.4981979892762256,0.5902374667236088,0.45563774984302136
efficientnet_b0,2024,876_891,darkening_sev3,0.5670164597178582,0.5712452959288402,0.05472941619008985,0.028643712850567597,0.05490369177581653,0.06607081765309608,9.902543562877026,0.2845817568027782,0.2845817568027782,0.4415439483008759,0.4225305121751274,0.38931806640494443,0.3013082816612527
efficientnet_b0,2024,876_891,jpeg_sev1,0.0276402246396079,0.01265822784810125,0.01172714442673555,0.00687972709069898,0.013527740419979693,0.015822784810126576,11.75736662181648,0.014105735572483825,0.014105735572483825,0.022122557965913024,0.0201240084910214,0.42078610516174153,0.3511624656686737
efficientnet_b0,2024,876_891,jpeg_sev2,0.0017065591395613888,0.0,0.00011525526078306424,3.798142680759555e-05,2.079697431186006e-07,0.0,11.845414913520397,0.0010568825971663707,0.0010568825971663707,0.0009523276283859356,0.000968285023972177,0.3395044314754282,0.3139493562402198
efficientnet_b0,2024,876_891,jpeg_sev3,2.136284807726613e-06,0.0,0.00012049639522182531,3.161398371131043e-05,1.482343904370938e-07,0.0,11.536377064218431,1.9556600078017089e-07,1.9556600078017089e-07,1.0621502103274273e-06,1.2463340879179537e-06,0.25740770333171475,0.2092526465696317
efficientnet_b0,2024,876_891,resize_sev1,0.5808145725216877,0.587709544988026,0.0557141859544224,0.028677272122057475,0.04754238561509165,0.03228703386931232,13.285058932845983,0.10356193860713314,0.10356193860713314,0.4602374809390953,0.3529157290296013,0.7650898044399743,0.5899607994237632
efficientnet_b0,2024,876_891,resize_sev2,0.562928864866914,0.5611101607937051,0.059059149201470776,0.03113158713599695,0.05617558229837635,0.0692353746151214,13.387912852569187,0.001546259010942,0.001546259010942,0.44658652365323925,0.34706714741866007,0.6072286901101538,0.47621799022134426
efficientnet_b0,2024,876_891,resize_sev3,0.2321810878953105,0.13932603489565512,0.015652177776194275,0.006466889645930525,0.011074830907560375,0.00992131371878205,9.969901164712624,0.026518030086688026,0.026518030086688026,0.14447603125725855,0.1437432597531766,0.2604815391354367,0.2122778004063975
efficientnet_b0,2024,891_876,brightening_sev1,0.9835071516475916,0.990506329113924,0.16060808024408424,0.10115051383269752,0.14001545668008403,0.20834758809442352,15.449081833094226,0.024626138104035675,0.024626138104035675,0.2867248798495912,0.27487550564989655,0.9521566334720739,0.7075816858180195
efficientnet_b0,2024,891_876,brightening_sev2,0.984273307740413,0.990506329113924,0.15929324036209253,0.09981910644935169,0.13587846007710308,0.17858364693807727,15.440815328287417,0.0454419787919478,0.0454419787919478,0.3586295434821544,0.3768222708679373,0.8934578932023627,0.5847657433236392
efficientnet_b0,2024,891_876,brightening_sev3,0.9891523591335449,0.990506329113924,0.14213025101767074,0.08617854230524136,0.11440616197028086,0.19166951761888468,15.75958096120523,0.08049648341869664,0.08049648341869664,0.33775529688999395,0.4073718211746937,0.833499410106135,0.47817817486482544
efficientnet_b0,2024,891_876,clean,0.9797991728362332,0.990506329113924,0.15457637873271968,0.09666147118969665,0.13421613849954026,0.20159083133766673,15.507810979847056,0.023363134644835075,0.023363134644835075,0.2234213994613622,0.1850782827270021,,
efficientnet_b0,2024,891_876,darkening_sev1,0.9728833851637877,0.990506329113924,0.16544151613186933,0.10601865670106217,0.15088023569785328,0.2115121450564488,15.191349342266584,0.0184357574597011,0.0184357574597011,0.3552748168127409,0.2930431732159097,0.9470881500341637,0.7178576973296081
efficientnet_b0,2024,891_876,darkening_sev2,0.9146278172360925,0.934143003763257,0.1412172916474758,0.09097619381256129,0.1414238491041904,0.17836982552172423,14.328508536945334,0.05329546729007777,0.05329546729007777,0.6144219628819418,0.5580642134571657,0.7599740653623088,0.47404189972616384
efficientnet_b0,2024,891_876,darkening_sev3,0.662089470013711,0.7080482381115293,0.08542226265915655,0.05006487195778987,0.0903529702245434,0.09583475880944232,10.89165841456435,0.0317397563994023,0.0317397563994023,0.5184764648420547,0.4876664464573777,0.4956419635272059,0.3114724490209516
efficientnet_b0,2024,891_876,jpeg_sev1,0.8465743941071947,0.9208433116660963,0.11124877603192693,0.06540845524589757,0.11614632820531892,0.14544132740335272,13.512622431945278,0.014013550232940824,0.014013550232940824,0.4604028519520598,0.43264604910052046,0.6677620074523365,0.40874769044879394
efficientnet_b0,2024,891_876,jpeg_sev2,0.16002871103462968,0.026599384194320876,0.001598119794451625,0.000599049555164275,0.000388189478938825,0.0,8.366428645514397,0.021265699875101976,0.021265699875101976,0.06127162601131255,0.033086992959418075,0.1299364047452843,0.06448875912519103
efficientnet_b0,2024,891_876,jpeg_sev3,0.0033754623064095003,0.0,0.0,0.0,5.018714725141048e-08,0.0,10.455579500878628,0.0012425776106274,0.0012425776106274,0.0019056412287540752,0.0016075789235601,0.14038380328864314,0.0610875408661158
efficientnet_b0,2024,891_876,resize_sev1,0.9833663106601899,0.9772066370167635,0.17065176044974173,0.10856569963776733,0.14672876568663099,0.21467670201847416,15.463877363152754,0.0022876766866204504,0.0022876766866204504,0.23803348325661608,0.21227921627788804,0.964246087110024,0.7406164161432178
efficientnet_b0,2024,891_876,resize_sev2,0.9865512993394452,0.990506329113924,0.17296704023078072,0.10989029980111684,0.15703246760947004,0.22438419432090317,15.2230904736912,0.010864636576261324,0.010864636576261324,0.3337164899995285,0.3328754153470481,0.9165943010456575,0.6303617401717573
efficientnet_b0,2024,891_876,resize_sev3,0.7617022736938597,0.7910109476565172,0.10609136826899487,0.06500785245990053,0.10804100357142774,0.13825692781388982,13.49950984076527,-0.0034593799525219253,-0.0034593799525219253,0.5600064669754569,0.5498456383702426,0.5823211298787869,0.36111847659942886
resnet50,123,033_097,brightening_sev1,0.8494369093849429,0.9214901477832511,0.24026155619770653,0.15855724426346668,0.2615494962269311,0.351857553366174,11.509314232007624,0.3873722467608629,0.3873722467608629,0.7387433366187082,0.7328255354643001,0.9730240788353426,0.8663247556223215
resnet50,123,033_097,brightening_sev2,0.5189009348339582,0.532820197044335,0.14746160149733054,0.09610173683061572,0.17176408708198812,0.22286535303776678,11.529213179361644,0.22999747981995966,0.22999747981995966,0.40081224026348555,0.44932205105722844,0.6875412925497895,0.539090060873157
resnet50,123,033_097,brightening_sev3,0.2470911085221285,0.17407635467980295,0.0690514070749354,0.04549370007524513,0.0820070953790089,0.09197454844006564,11.72470154806311,0.1060556638470497,0.1060556638470497,0.12920451883528847,0.1985924977353027,0.3748873521033868,0.26040392405937374
resnet50,123,033_097,clean,0.8852665642865938,0.9389162561576354,0.2524539727644923,0.16863055704085067,0.2676061450181728,0.36720032840722494,11.600533204448634,0.42802403792842136,0.42802403792842136,0.801558535345635,0.6961984756604535,,
resnet50,123,033_097,darkening_sev1,0.7539341039811961,0.8005541871921182,0.2301572567693393,0.15374324369624487,0.2510115450509076,0.31984811165845645,11.605319949764338,0.4180804840395722,0.4180804840395722,0.6929256947625949,0.5350090890894862,0.9000088047812974,0.7761896248169458
resnet50,123,033_097,darkening_sev2,0.7183048240780794,0.79685960591133,0.2285562709104416,0.15231290241120116,0.252186648370561,0.3282738095238095,11.637773162449522,0.37127939444786545,0.37127939444786545,0.6353221997921756,0.47490230016547985,0.8740623646634651,0.7211183395059775
resnet50,123,033_097,darkening_sev3,0.6412606784082913,0.7289408866995074,0.1914839412038835,0.12347051387919561,0.19772018031985372,0.27305008210180626,11.900246527923152,0.2748744869476248,0.2748744869476248,0.423432104886404,0.343169120545476,0.8043575956312368,0.6364572426842371
resnet50,123,033_097,jpeg_sev1,0.7485257024138712,0.8330357142857142,0.2343494598488201,0.1552441127020334,0.2582501998887397,0.35356116584564856,11.578491674914149,0.3833570198481099,0.3833570198481099,0.6560379741116992,0.6006718454999778,0.902135994957703,0.7584409552048662
resnet50,123,033_097,jpeg_sev2,0.26208912883093083,0.19556650246305418,0.06532239574155947,0.03978658060261987,0.07728860352417942,0.09016830870279144,11.904392496441385,0.10623567291995505,0.10623567291995505,0.14213567692424442,0.13687859321315018,0.35038790484468985,0.24397301362791127
resnet50,123,033_097,jpeg_sev3,0.06650292520825495,0.0,0.011798502315400274,0.00597966333615905,0.013366065834236374,0.0,12.111505911209314,0.0004216451648219497,0.0004216451648219497,-0.02365869185697305,-0.0127146731880417,0.05377935054398305,0.0216109761985863
resnet50,123,033_097,resize_sev1,0.9924170839283707,1.0,0.281262286121596,0.19182256274759024,0.2876479974726373,0.3900246305418719,11.715535926290334,0.39160830083995907,0.39160830083995907,0.8779902141205186,0.6764413091760092,0.9474794738473806,0.8178480553452698
resnet50,123,033_097,resize_sev2,0.9695954915209504,0.992518472906404,0.28589475385853824,0.196634146625428,0.29615755764963114,0.39419129720853857,11.659401100580327,0.37902584613250395,0.37902584613250395,0.8468569194933564,0.6319991682227151,0.9396227926234384,0.7913522284940075
resnet50,123,033_097,resize_sev3,0.53979347672708,0.5753386699507389,0.18668703081943255,0.12089176349514726,0.18095791558614946,0.27769909688013134,12.36146648358829,0.028386554453668698,0.028386554453668698,0.30383016952815844,0.18204963100349222,0.5782539832548265,0.38780586051612387
resnet50,123,097_033,brightening_sev1,0.985552393751485,0.9938423645320197,0.22223385007962354,0.15688744341752686,0.2181480026109677,0.27855090311986863,12.11125592257589,0.060254488310781125,0.060254488310781125,0.7098613001878736,0.6873057050133822,0.99554255654393,0.9324187880965124
resnet50,123,097_033,brightening_sev2,0.9786836279675438,0.9889162561576355,0.22238883014069366,0.15754524497253813,0.22057458569110316,0.2731527093596059,12.068333179022876,0.07087912397892683,0.07087912397892683,0.6596443687382112,0.772910016196094,0.9890583341870516,0.8877892868396168
resnet50,123,097_033,brightening_sev3,0.9844610416334985,0.9938423645320197,0.22495705866581822,0.15985106077585196,0.22236327280466262,0.27855090311986863,12.062132001892099,0.1545822443394678,0.1545822443394678,0.682166605945126,0.8143471232849963,0.9860206707304326,0.871507108293305
resnet50,123,097_033,clean,0.9847869315904937,0.9950738916256158,0.22026380549527358,0.15461123894321244,0.21620802093748123,0.28063423645320196,12.123631851573295,0.07114223750133815,0.07114223750133815,0.747519489745793,0.5250488209962533,,
resnet50,123,097_033,darkening_sev1,0.982921831104262,0.9938423645320197,0.2258684909024969,0.16035390030312927,0.21983044004765198,0.2893472906403941,12.143001897434882,0.1543522514439568,0.1543522514439568,0.7636935629397906,0.46754187784740336,0.992644350870192,0.9265218675585862
resnet50,123,097_033,darkening_sev2,0.9816634200972142,0.9975369458128079,0.22870501034349883,0.16265548882553246,0.2238131251515399,0.30469006568144497,12.140815351338222,0.33752701015583253,0.33752701015583253,0.7186017441003597,0.4627447443073753,0.98588797977342,0.8982117541932919
resnet50,123,097_033,darkening_sev3,0.9223561590399796,0.9889162561576355,0.21348381357437185,0.1480781399349342,0.21288013183104437,0.3009031198686371,12.128738543171014,0.3989905502087451,0.3989905502087451,0.5870888288316358,0.46314434178834185,0.964727235756345,0.8357051045098193
resnet50,123,097_033,jpeg_sev1,0.9417982012859266,0.9517857142857141,0.20377765657696156,0.14136721565358307,0.205655622049223,0.2707820197044335,12.048782290966052,0.06253409254814263,0.06253409254814263,0.7093358225639327,0.5265601852098124,0.9685479907007509,0.8750451963475454
resnet50,123,097_033,jpeg_sev2,0.45591949593606107,0.42891009852216744,0.09933260661751347,0.06453356948661362,0.10375698790952437,0.11951970443349749,12.15286026520682,0.0416095491342257,0.0416095491342257,0.33631722317559654,0.27061476753676594,0.5402920565085683,0.38976126179946824
resnet50,123,097_033,jpeg_sev3,0.055928310972000024,0.0,0.0176604046283085,0.00995638436456335,0.019544979808121227,0.0182779146141215,12.366603314817834,-0.01010086987733325,-0.01010086987733325,0.00503391763216895,-0.0086095075227814,0.05307158113022083,0.011987725066249951
resnet50,123,097_033,resize_sev1,0.9983843050842067,1.0,0.22430291710225506,0.15792790215531263,0.21522835619956937,0.29474548440065684,12.183226930595971,0.07596525331693027,0.07596525331693027,0.6482112014175305,0.4406126717931311,0.9883824224744843,0.9068289093673103
resnet50,123,097_033,resize_sev2,0.9952756523755678,0.9987684729064039,0.2212424318900562,0.15485187702028982,0.21584950405449935,0.2972085385878489,12.140901462961299,0.09451059404522025,0.09451059404522025,0.6131376573646193,0.43224408221362254,0.9853302308611016,0.8891967232674507
resnet50,123,097_033,resize_sev3,0.7792378832609048,0.873091133004926,0.21361731868344402,0.14937720731338971,0.21605939393262613,0.274384236453202,12.0399639556267,0.07380972649865394,0.07380972649865394,0.551090852278537,0.34760377524292163,0.891422475342885,0.7107112262122126
resnet50,123,360_437,brightening_sev1,0.9814554025038035,0.9905901888881201,0.33050425815890383,0.1909161558014981,0.32153596320556,0.3481457136926589,16.10045052495191,-0.0123880489890503,-0.0123880489890503,0.3968791351369786,0.3968255966216159,0.9880936836301403,0.8886249222782376
resnet50,123,360_437,brightening_sev2,0.8096849610119486,0.8646128831384488,0.30440894323136625,0.1735177755377655,0.2923634452655185,0.3290320348716529,16.17852297888605,-0.14258759798809917,-0.14258759798809917,0.2004503899726621,0.26486820421876706,0.9134039136425167,0.7390408579139484
resnet50,123,360_437,brightening_sev3,0.24140278754084415,0.12903895385041164,0.11578401397128887,0.05729593744624373,0.1151036751816753,0.12454161765723375,16.165071296517034,-0.06803908056638097,-0.06803908056638097,-0.030009329046942874,0.1371422307924103,0.3614157212224791,0.20546241930423487
resnet50,123,360_437,clean,0.9811725579514056,1.0,0.34279893477919376,0.20098652588687085,0.32679370340167335,0.3565349754376254,16.18898162090893,-0.0128495984188224,-0.0128495984188224,0.35179403134859005,0.35923365456174744,,
resnet50,123,360_437,darkening_sev1,0.9099660869946836,0.9654224036532209,0.3214851668819848,0.1849922954339525,0.31166667702574996,0.3575555248045388,16.111400504941336,-0.07424663792758715,-0.07424663792758715,0.2598340825988294,0.19753058025422554,0.9585426457921385,0.8295033394085537
resnet50,123,360_437,darkening_sev2,0.23025323310900778,0.1223275444544385,0.12718113653242813,0.0627189559994929,0.11786567553525178,0.12519892063931357,16.221453735921273,-0.04532955068905152,-0.04532955068905152,-0.07768374840626603,-0.14074508876016273,0.34796515938345096,0.19994441978932415
resnet50,123,360_437,darkening_sev3,0.2606474240857246,0.011087663460873125,0.11040575044830968,0.052061111296029826,0.0967033970909761,0.06448488203141212,16.29836331612757,-0.11088334982525888,-0.11088334982525888,-0.08298519308387085,-0.02461538314025455,0.2578777764927692,0.1433691143110614
resnet50,123,360_437,jpeg_sev1,0.9337991269723294,0.9727911160312738,0.3321414256551485,0.19264427822329402,0.31934122498394496,0.3601328443921677,16.16694488306322,-0.0576761192624431,-0.0576761192624431,0.35059772559489244,0.3601441160810968,0.9833413259243327,0.8797569044717757
resnet50,123,360_437,jpeg_sev2,0.309610759194681,0.22984847436518366,0.16987671412933458,0.0872482390333781,0.17143108100999455,0.16439493530754862,16.095430482723042,-0.3717945626489444,-0.3717945626489444,-0.007303823424389901,0.0538340542915475,0.5999644900462389,0.3967351922117088
resnet50,123,360_437,jpeg_sev3,0.0046243573135314004,0.0,0.06459707146368168,0.028900255380662924,0.04374244982844878,0.006832491524251,15.716855192600152,-0.0008112618506153,-0.0008112618506153,0.000693649190198975,-0.0024836207691385,0.027773205138450077,0.0011317090901849
resnet50,123,360_437,resize_sev1,0.9875070460092763,1.0,0.3471734949798315,0.2045175965154649,0.32835839752980167,0.3616896146128831,16.202717472143853,-0.00667166724127805,-0.00667166724127805,0.33603648475218517,0.31377256533705394,0.9963026679605677,0.9356522053320581
resnet50,123,360_437,resize_sev2,0.9904728086503791,1.0,0.35060697344825936,0.2072182125370189,0.33009506703647196,0.35833390991489655,16.201157972522815,-0.00495741853852215,-0.00495741853852215,0.32035978746690075,0.2863979277007102,0.9936944045785446,0.9153286645753077
resnet50,123,360_437,resize_sev3,0.9753709089781374,0.9983221476510067,0.34652751072656585,0.20383777217602345,0.3334520038095965,0.3540787379782744,16.14051859134507,-0.022495765412467325,-0.022495765412467325,0.34394318942465946,0.2983780302643973,0.9788809899392674,0.8656306951785175
resnet50,123,435_456,brightening_sev1,0.7693968774728406,0.7826735957540911,0.14121086304817695,0.08831123503447315,0.153289977988657,0.21742315347191504,12.912260607761494,0.14775657981854193,0.14775657981854193,0.5907552996451085,0.589358064587155,0.898186093131445,0.7286183519436525
resnet50,123,435_456,brightening_sev2,0.8898208639947733,0.9292901371074747,0.1597034648540261,0.1035418740142807,0.16706037677313354,0.24528693056169834,13.027152641348898,0.0457742588423884,0.0457742588423884,0.6164133635639222,0.6584666118762654,0.8238532263548533,0.6207750646620356
resnet50,123,435_456,brightening_sev3,0.8283779167131673,0.8733829057938965,0.14813936638401048,0.09425915369454024,0.1592170188444124,0.22400210084033614,12.980235913194212,0.035824720108696174,0.035824720108696174,0.539535924413409,0.6429503502440993,0.8438331936871194,0.6424289549120255
resnet50,123,435_456,clean,0.565687119597045,0.5598739495798319,0.11097344692726613,0.06628494994424647,0.12442904178455283,0.17338843432109685,12.84298529999544,0.1984972315920825,0.1984972315920825,0.4459821226536228,0.4395560280552086,,
resnet50,123,435_456,darkening_sev1,0.3748718937493339,0.34036377708978327,0.07802225002416047,0.04584011989716402,0.08988366362199907,0.10578836797877042,13.011426966625839,0.18550800590128422,0.18550800590128422,0.267155796112607,0.23615531078397803,0.7474555605748405,0.5811537108538576
resnet50,123,435_456,darkening_sev2,0.39520751920669583,0.3291270455550641,0.07299677725048553,0.04325132725080525,0.07750165039952338,0.08450353825740818,13.170405641863802,0.12166331994065192,0.12166331994065192,0.21827467500556091,0.16476567709882425,0.616240478926911,0.44703251093142743
resnet50,123,435_456,darkening_sev3,0.1828526167993687,0.0,0.018875802873367376,0.010100152638089124,0.020948431220775474,0.007491154356479424,13.695011313208854,-0.021974676058716974,-0.021974676058716974,-0.038619529311603826,0.007985913324724224,0.07738900878533898,0.03527324013909223
resnet50,123,435_456,jpeg_sev1,0.2091956828433182,0.14003759398496235,0.053756026752726754,0.029393139125849024,0.0634593659886046,0.0669642857142857,12.988728724884702,0.053594629907070625,0.053594629907070625,0.14296700749075986,0.14857970451084787,0.6260129870291757,0.46848802629153347
resnet50,123,435_456,jpeg_sev2,0.007989865735088076,0.0,0.008607068167773676,0.0051219783113851496,0.01008374762906815,0.00584641751437415,13.356491974659168,0.001449089587140025,0.001449089587140025,0.002025061145988575,-0.00451178387459915,0.1167287245077273,0.07895510069167486
resnet50,123,435_456,jpeg_sev3,0.0314333020360707,0.0,0.0071854062833785,0.004358035573169325,0.008748613790089324,0.00210084033613445,13.316386920972928,0.0008262447973124486,0.0008262447973124486,0.01113504729760755,-0.01781111203834175,0.07515648325280205,0.04414422924943333
resnet50,123,435_456,resize_sev1,0.8763874314893457,0.9408032950022115,0.16173304090586968,0.10450866781110271,0.17628431155576305,0.2506772445820433,12.912991874358234,0.13879474357041804,0.13879474357041804,0.6408416940064757,0.5938041320981763,0.8149503973388059,0.6313486408615843
resnet50,123,435_456,resize_sev2,0.9388418871594683,0.9616320212295445,0.17788247593090933,0.11850442701605426,0.18663301123483023,0.25935703228659884,13.023405675377164,0.09897545854323818,0.09897545854323818,0.6788905370741956,0.5918900446443631,0.7718442646136242,0.5810077466405923
resnet50,123,435_456,resize_sev3,0.8762826297845328,0.9520400265369307,0.18200999003204177,0.12313395411485706,0.193711368094775,0.2535106147722247,12.953709598783895,0.18179116382227345,0.18179116382227345,0.6281708756309643,0.4995359790499896,0.738883457967113,0.5410327713673284
resnet50,123,437_360,brightening_sev1,0.9036076317686221,0.9439043797135543,0.43949080108563754,0.2322878230855837,0.4464547585177233,0.6258216287275997,16.0872439446024,-0.07792387865420605,-0.07792387865420605,0.6564723074281601,0.54343108148933,0.9670967148924583,0.8456647283757611
resnet50,123,437_360,brightening_sev2,0.44492154524651356,0.4472254895177472,0.2762358406269436,0.14222784991082912,0.2863811411513162,0.36258908185151867,15.889284424968865,-0.12573561026205482,-0.12573561026205482,0.3305430594629176,0.3315022553732696,0.6063084087167248,0.4202261811904432
resnet50,123,437_360,brightening_sev3,0.14986755916144656,0.09840517539611147,0.15610699206954948,0.07829882861061754,0.15081586696251628,0.09480730644156918,16.03246337527974,0.016036836896965573,0.016036836896965573,0.08899153339466037,0.11490633544857805,0.2937299326937543,0.1617790314849151
resnet50,123,437_360,clean,0.9393135277183359,0.9738116653981872,0.4747629414967801,0.25543915121848604,0.47142760903125686,0.669272815332457,16.20807419096748,-0.04045695948305528,-0.04045695948305528,0.6450030081296807,0.43316384277336195,,
resnet50,123,437_360,darkening_sev1,0.9600023406427638,0.972133813049194,0.49564841362226153,0.27013426763403253,0.4892935503248202,0.6598630042205771,16.244492405930547,-0.03199316162054365,-0.03199316162054365,0.61152961285169,0.34993018340498533,0.9794472193895464,0.8561290191237052
resnet50,123,437_360,darkening_sev2,0.8277767607168001,0.888829308794022,0.40902486128707516,0.21364165405226976,0.41657938195647015,0.5965716460250468,16.06827772109886,-0.11021774956242009,-0.11021774956242009,0.48807224015762185,0.3572270845902561,0.9113410640663435,0.7576129686911026
resnet50,123,437_360,darkening_sev3,0.609141695578898,0.6267383934131322,0.35845906114418385,0.18402789548286613,0.3750781460507417,0.5426382066007057,16.035224953349683,-0.15596979173332176,-0.15596979173332176,0.29720166778884116,0.26845097974996834,0.758824181714772,0.5504451557911171
resnet50,123,437_360,jpeg_sev1,0.915604477026827,0.9660797066353006,0.46657993772768025,0.25065307438602,0.46760666132172873,0.6530305126963261,16.173913027913084,-0.0645699068503891,-0.0645699068503891,0.6396850941163441,0.44091032028619925,0.9859117951944034,0.9054057229490683
resnet50,123,437_360,jpeg_sev2,0.6317502068764087,0.7033314882723309,0.3675302117758319,0.18977361552060729,0.38034948926317125,0.517401231578219,16.026693912292448,-0.22012383279453035,-0.22012383279453035,0.4635668018191677,0.3448856943737054,0.8243007356986377,0.6479062668007388
resnet50,123,437_360,jpeg_sev3,0.003900693310952575,0.001677852348993275,0.1270421731122025,0.06116239738261588,0.11830922322489272,0.04872690790839267,16.330574830131184,-0.001814580049350475,-0.001814580049350475,0.00177244234246775,-0.00053457204854505,0.05866503827073043,0.013389228451264999
resnet50,123,437_360,resize_sev1,0.9318090944408459,0.9704559607002007,0.4743418830260071,0.25539703882354825,0.4728812104658452,0.6598630042205771,16.193783315879486,-0.04722218843040218,-0.04722218843040218,0.5847024772093777,0.4042534619125929,0.9911487052843554,0.9162564517093706
resnet50,123,437_360,resize_sev2,0.9292761496167238,0.9704559607002007,0.47278176684954654,0.254395928774639,0.47443377476429477,0.6838372656195946,16.170257210525307,-0.048675721317157375,-0.048675721317157375,0.5648618946300732,0.3964884252853406,0.9808821157704211,0.8960773122304552
resnet50,123,437_360,resize_sev3,0.9081311553514582,0.9754895177471805,0.4527996389600726,0.24049634872021455,0.4658691655186281,0.6786826264443367,16.054764082149216,-0.07804795290044272,-0.07804795290044272,0.5355683811104814,0.4531786960418134,0.968356224279472,0.8439944863371667
resnet50,123,456_435,brightening_sev1,0.9585495397186155,0.9808160106147723,0.1914586558069145,0.12088323402553422,0.198145289246061,0.2706766917293233,13.06628633522186,0.006598204206461025,0.006598204206461025,0.554900516355299,0.5802883479971466,0.9755950711617112,0.8623521465668817
resnet50,123,456_435,brightening_sev2,0.9609519957706056,0.9871185316231756,0.19100803108185885,0.12044339035883803,0.19968786877903266,0.2706766917293233,12.981465704551265,0.021255972237053923,0.021255972237053923,0.5331013699414143,0.6531770235620672,0.9627272298171121,0.827246755046422
resnet50,123,456_435,brightening_sev3,0.9472743634122998,0.972592326404246,0.18575596344832065,0.1162765003079479,0.19863200651095558,0.26921163202122955,12.867182349470642,0.032801437919170826,0.032801437919170826,0.5203308972620893,0.740296440204501,0.9537968073763725,0.8125009568343962
resnet50,123,456_435,clean,0.9300383763558329,0.9569742370632464,0.18312745878432907,0.11409543411337145,0.19323785244334535,0.2711327952233525,13.033705211935292,0.05540531060124147,0.05540531060124147,0.5867949211869055,0.4829080870120633,,
resnet50,123,456_435,darkening_sev1,0.7601824728693267,0.7862394957983194,0.14360691200732248,0.08590004412621488,0.1531716325237597,0.2006993586908447,12.94625393884839,0.1824754964811044,0.1824754964811044,0.5143240153154436,0.40618993365712985,0.8857299905502051,0.7178623204531589
resnet50,123,456_435,darkening_sev2,0.5761934501688009,0.5645317337461301,0.09126874893248589,0.05135508873954893,0.09727386606682988,0.13437085360459966,12.978563255385348,0.22323240213611945,0.22323240213611945,0.36421828816208945,0.22810395636557368,0.7140730139652756,0.5138457904115961
resnet50,123,456_435,darkening_sev3,0.46364480735526503,0.2956932773109243,0.07548820694460583,0.04209506691294072,0.07769155288401844,0.09207762052189294,13.400941263002824,0.11059237111624275,0.11059237111624275,0.14866125210089876,0.08245914761073408,0.4873523248553647,0.3125407768938741
resnet50,123,456_435,jpeg_sev1,0.6935767431705908,0.6974513489606369,0.14551276105252808,0.08792864790661273,0.15459126261796227,0.2186947147279964,12.969952495883177,0.05162931844532723,0.05162931844532723,0.4782424373527746,0.43055990054710214,0.8110350136364054,0.6369173903987257
resnet50,123,456_435,jpeg_sev2,0.11787409893919455,0.07152532065457758,0.040836394930580826,0.020802761155536323,0.03943213427994197,0.0476835471030517,13.287810545574505,0.0002623951322921249,0.0002623951322921249,0.03255023528279498,0.048312405597311474,0.1896447347722064,0.10315650517049027
resnet50,123,456_435,jpeg_sev3,0.04847451681787102,0.0,0.015783544544913826,0.00724903230479265,0.017330437516589574,0.01004809818664305,13.298154593871685,-0.00452569451650385,-0.00452569451650385,-0.0208335352637755,-0.0005378051484953999,0.06122615252037687,0.02312477378748495
resnet50,123,456_435,resize_sev1,0.9879525205468918,1.0,0.19811833835347778,0.12546682149758825,0.19983485082258345,0.27442226890756305,13.091469297942625,0.0212686661048431,0.0212686661048431,0.5450665834343348,0.3986346596227493,0.9565554248647634,0.8129009150314528
resnet50,123,456_435,resize_sev2,0.9876911800498062,0.9983552631578947,0.19357132186501852,0.1212442729059618,0.194732622856744,0.2673872180451128,13.09181416614664,0.014418867222671425,0.014418867222671425,0.5017280135998211,0.3979825224020559,0.9514093356388533,0.7970308411709448
resnet50,123,456_435,resize_sev3,0.9302730422266393,0.981907894736842,0.20160117040039466,0.12895632796032305,0.2065921684704263,0.2739661654135338,12.937784396919303,0.043557804297822175,0.043557804297822175,0.5544417528501493,0.47428441855274645,0.9238893136116938,0.7219145294926912
resnet50,123,607_683,brightening_sev1,0.9304020485310741,0.9320175438596492,0.275481608455739,0.1528099076002353,0.2656468444007499,0.30921052631578944,16.565156702409713,-0.0020533650613128,-0.0020533650613128,0.22096252197712718,0.12543917767598345,0.9811315150156201,0.8533275303678265
resnet50,123,607_683,brightening_sev2,0.9346749833606289,0.9320175438596492,0.2881223401308266,0.15905302684800907,0.2753992564617905,0.3223684210526315,16.48216824782522,-0.0052681528542419,-0.0052681528542419,0.2143862707493928,0.22788826894273423,0.9516950525567294,0.7391611216851658
resnet50,123,607_683,brightening_sev3,0.9376022012308424,0.9364035087719298,0.27851331188604467,0.15171079504743784,0.2707813038532613,0.30701754385964913,16.427392091667443,-0.004552914379976351,-0.004552914379976351,0.2069866818429752,0.25211646455519293,0.9287959557308394,0.6899680113512032
resnet50,123,607_683,clean,0.9302371710817394,0.9276315789473684,0.2705899872269956,0.1498730967381493,0.2613356171035235,0.300438596491228,16.59797752530951,-0.0018140628207331,-0.0018140628207331,0.18464668247766536,0.05530404723175328,,
resnet50,123,607_683,darkening_sev1,0.9314841866971141,0.9298245614035088,0.2756405396403899,0.15371126487360337,0.2681087767092054,0.3442982456140351,16.615945247181674,-0.009180172686587499,-0.009180172686587499,0.2449300508668417,0.06886714848224067,0.9770717367401517,0.8460832486802907
resnet50,123,607_683,darkening_sev2,0.7541287692484299,0.8739035087719299,0.26885485447776786,0.14985067179939143,0.25364927193293363,0.32456140350877194,16.77788942320305,-0.13755734543021958,-0.13755734543021958,0.26054221506050806,0.08704685690616695,0.853104924835718,0.6053368905682152
resnet50,123,607_683,darkening_sev3,0.23494263489632616,0.03618421052631578,0.21743444534686684,0.12497629914976024,0.1976962558325405,0.168859649122807,16.714664404852346,-0.026635209415026225,-0.026635209415026225,-0.06272356047523775,0.0216436103505098,0.300676401751871,0.11821439112711647
resnet50,123,607_683,jpeg_sev1,0.9338891528551405,0.9298245614035088,0.2702993781594846,0.14946139053507818,0.26108828641190956,0.3048245614035088,16.593226660761918,-0.0009459683269756,-0.0009459683269756,0.18265958932731824,0.05080735512366795,0.9920167961751802,0.9122856969161156
resnet50,123,607_683,jpeg_sev2,0.9403843362072764,0.9385964912280702,0.2905613877782955,0.1632722633846305,0.27830401087522044,0.32456140350877194,16.580678278939764,0.0012481934773908,0.0012481934773908,0.2082714693747938,0.05503074201298748,0.9746699635304948,0.8519220645100595
resnet50,123,607_683,jpeg_sev3,0.32060515150895513,0.21710526315789463,0.17150299125287677,0.08796408869365475,0.17268632338314988,0.20175438596491227,16.491373548382207,-0.30582326046344843,-0.30582326046344843,0.13287864492980456,-0.10317371964144204,0.5478076391188087,0.2866330662061361
resnet50,123,607_683,resize_sev1,0.930984690439481,0.9254385964912281,0.2705446256351432,0.1496422322335217,0.26158290379926485,0.300438596491228,16.598566787284717,-0.0017658727896590499,-0.0017658727896590499,0.17819437283354708,0.053360541142051396,0.9970590698472218,0.9455375183093097
resnet50,123,607_683,resize_sev2,0.9334602022287998,0.9320175438596492,0.2677479814228624,0.14799960436520648,0.25956979525680934,0.30263157894736836,16.59730214821665,-0.0010425823775380403,-0.0010425823775380403,0.1712045318383484,0.051541053745287925,0.9961688969701268,0.9342312187071677
resnet50,123,607_683,resize_sev3,0.9352386394676981,0.9320175438596492,0.2738317135989201,0.1520457610160174,0.26502934736522066,0.31359649122807015,16.596886553262408,-0.000916447852975025,-0.000916447852975025,0.1587052607302259,0.04695215465790963,0.9933303229708587,0.9197156562566823
resnet50,123,671_677,brightening_sev1,0.9262167924556148,0.9627980571092141,0.3411631858056342,0.1908514357844131,0.34738645614862074,0.424602590521048,16.004519052038063,-0.07349303564013425,-0.07349303564013425,0.8040442968473197,0.8312582682964439,0.9909622206429658,0.9142110659031686
resnet50,123,671_677,brightening_sev2,0.9297561603579105,0.9693847512511039,0.335168735281516,0.1860621508051788,0.3424985836939264,0.43726081836914926,16.001122547171555,-0.06930635585843048,-0.06930635585843048,0.7926170359336718,0.8492546135726299,0.9780540914721814,0.8692438414984818
resnet50,123,671_677,brightening_sev3,0.6756896819005546,0.708971151015602,0.26560140155188244,0.13923484511225515,0.29647291306014956,0.4166544009420076,15.724655179651759,-0.2848419979165482,-0.2848419979165482,0.6055677137347606,0.6456200808596506,0.8878053725381392,0.6899693284221183
resnet50,123,671_677,clean,0.9575832393142393,0.975198704739476,0.345630876634293,0.19413281948470423,0.34695098298582794,0.4467544892552252,16.0664170260355,-0.04216098428923435,-0.04216098428923435,0.8262428170746405,0.8737258639073255,,
resnet50,123,671_677,darkening_sev1,0.9283080563795787,0.9627980571092141,0.35037757596357505,0.1980168693922204,0.3510979349773292,0.43435384162496316,16.043840695101267,-0.07085986237798604,-0.07085986237798604,0.7548265812458229,0.8047346233851786,0.987416301442213,0.8833038476630448
resnet50,123,671_677,darkening_sev2,0.7103765700717037,0.7643876950250221,0.3123828924737928,0.17298224759552816,0.32586103525982574,0.4258904916102443,15.884889170707307,-0.2754869973117006,-0.2754869973117006,0.4632147263465759,0.49330967182820196,0.9114199290075792,0.7580038006282008
resnet50,123,671_677,darkening_sev3,0.43553096537547076,0.3894612893729762,0.2002739604411638,0.10232412617201884,0.2238510953608041,0.3184795407712687,15.76794690488541,-0.22074995538609665,-0.22074995538609665,0.1480445178543114,0.26521456164739965,0.7222624240141945,0.5330304813261826
resnet50,123,671_677,jpeg_sev1,0.9320090806619165,0.9627980571092141,0.3382159799285984,0.18838696291536852,0.3449059184056912,0.4467544892552252,16.01092501472016,-0.06775968447631925,-0.06775968447631925,0.804281260021259,0.8505312118055296,0.9924528639767768,0.9203540703076079
resnet50,123,671_677,jpeg_sev2,0.42080191618961144,0.4084486311451281,0.23215236247422785,0.12407220528325102,0.2580031545569875,0.3488372093023256,15.816305507622573,-0.4682713048753604,-0.4682713048753604,0.3467275886534452,0.3743084558366283,0.7848161771764995,0.6144663367760903
resnet50,123,671_677,jpeg_sev3,0.0006743242284660499,0.0,0.0058123570794124755,0.00234631234032995,0.011925829262438275,0.0,16.18264270976322,-0.00027512712093190003,-0.00027512712093190003,0.000152950286619675,-9.702543191961332e-05,0.04321446058678693,0.009046908432694175
resnet50,123,671_677,resize_sev1,0.9804836934257475,0.9875993523697381,0.34906837118485423,0.1966126384502025,0.34711096087585386,0.4372608183691492,16.106742361906456,-0.019311238017754473,-0.019311238017754473,0.7338070855366299,0.8507188781444779,0.9962525930878136,0.9397384834452964
resnet50,123,671_677,resize_sev2,0.9848648840986458,0.9875993523697381,0.3512976856329929,0.19825025549096462,0.3464444173171168,0.43093170444509854,16.13730981415217,-0.01497065535592155,-0.01497065535592155,0.6648769638008167,0.8137001716017762,0.9939660121190302,0.9202166429630608
resnet50,123,671_677,resize_sev3,0.9921051783178497,1.0,0.3419091804473349,0.1908913924439537,0.34248528100678066,0.45624816014130115,16.110903821905325,-0.007551156258561925,-0.007551156258561925,0.6235394934297851,0.8227571248994471,0.9885715096420519,0.8931199778141178
resnet50,123,677_671,brightening_sev1,0.9800384583394159,0.984692375625552,0.19991887225590924,0.12806732849848013,0.19473156411786655,0.23012952605239914,15.945744228742036,-0.018226120603419577,-0.018226120603419577,0.8460222627004745,0.8097355075938653,0.9892254190307718,0.9053309600406743
resnet50,123,677_671,brightening_sev2,0.9481553042799339,0.9445834559905798,0.19136214151506825,0.12147257765413562,0.18943898843717033,0.2362010597586105,15.873330778573097,-0.04827941107254687,-0.04827941107254687,0.7944075542600014,0.7854811098043535,0.9643006303869057,0.8242969865569453
resnet50,123,677_671,brightening_sev3,0.8697342993283065,0.9015675596114219,0.18388919138899162,0.11730765665132153,0.1840184358397927,0.21507948189579035,15.762069589080339,-0.09551109826722208,-0.09551109826722208,0.6946414617811396,0.6963919835248642,0.9060564444858068,0.7602679482003898
resnet50,123,677_671,clean,0.994735698413333,1.0,0.20835769759579767,0.1351116232510135,0.2017239130263716,0.22405799234618778,15.95808097005136,-0.0051506653928145504,-0.0051506653928145504,0.8821845234033545,0.7314251765051145,,
resnet50,123,677_671,darkening_sev1,0.9796910325933247,1.0,0.21179666796101893,0.13848713065795057,0.20933532241957342,0.23988077715631437,15.855748692224191,-0.0189022947369268,-0.0189022947369268,0.8752974824256666,0.7391875079833794,0.9902085477462339,0.9053812211667458
resnet50,123,677_671,darkening_sev2,0.8907997181443326,0.9503974094789519,0.216094200121044,0.1425723252453382,0.2170496777126631,0.24569473064468644,15.69757524198527,-0.09121227804171105,-0.09121227804171105,0.7740872515577819,0.6573589552130275,0.9660775725571329,0.8247614430141926
resnet50,123,677_671,darkening_sev3,0.7183250711349651,0.8548719458345599,0.21168471606440298,0.1393985904945077,0.21462345723975826,0.23962319693847509,15.622628601361697,-0.14033209610168923,-0.14033209610168923,0.48447951657189264,0.5387212599346385,0.9021388169583026,0.7165709758129286
resnet50,123,677_671,jpeg_sev1,0.9930028113256071,1.0,0.20895662367008705,0.13569463041401608,0.2022592729003354,0.24253017368266114,15.957224573006796,-0.006850118637260325,-0.006850118637260325,0.8769854291040349,0.7270610619756929,0.9960731114586656,0.93327301459549
resnet50,123,677_671,jpeg_sev2,0.8755073248945267,0.8854871945834559,0.1930966544563117,0.1229616913515486,0.194591652439686,0.23038710627023842,15.820418498605218,-0.119954837377032,-0.119954837377032,0.7782727413608117,0.6731975691309124,0.9614220026324738,0.8260397424029122
resnet50,123,677_671,jpeg_sev3,0.27199149006780554,0.2633205769796879,0.1354399463310152,0.0835159113947735,0.14366367072575853,0.19130850750662345,15.655878462439112,-0.20551040362414785,-0.20551040362414785,0.22832436761017053,0.18008276081378338,0.493645388116859,0.3317298108358442
resnet50,123,677_671,resize_sev1,0.996130787842864,1.0,0.2105177103992316,0.13704577480997013,0.20225777376531953,0.23936561672063583,15.988094883839594,-0.003697130915730425,-0.003697130915730425,0.8378911326904741,0.6816732385838697,0.9983826580774321,0.9541979790979809
resnet50,123,677_671,resize_sev2,0.9983281070826543,1.0,0.2120509608613316,0.13840272794145914,0.2019755405109068,0.2301295260523991,16.01932213714904,-0.0015576712815663502,-0.0015576712815663502,0.7975504461997747,0.6103613238218566,0.9969618665889881,0.9410763893912995
resnet50,123,677_671,resize_sev3,0.9856070252351983,1.0,0.21200619001341448,0.1386375224481026,0.2037322827207526,0.24860170738887252,16.007531235489665,-0.014261039993255476,-0.014261039993255476,0.7808961455056633,0.6026008656286285,0.9873334553341696,0.871670134025725
resnet50,123,683_607,brightening_sev1,0.958563334173768,0.9638157894736843,0.3271157712766774,0.1924446662219878,0.33772714667239745,0.44188596491228066,15.742005207036673,-0.024426213910868477,-0.024426213910868477,0.8478145734646987,0.7733303724974241,0.9602650655097414,0.8142074064857242
resnet50,123,683_607,brightening_sev2,0.9689623307387689,0.9703947368421053,0.342982596957476,0.20583742472170558,0.3442133091054313,0.4232456140350877,15.834386991827111,-0.021339705467158673,-0.021339705467158673,0.7729232614296244,0.6150740562440835,0.9717752147540137,0.8498225187311594
resnet50,123,683_607,brightening_sev3,0.8633693660560408,0.9155701754385965,0.29445482756763003,0.16773540388509606,0.3121464464076714,0.38706140350877194,15.594303796165867,-0.079012932419254,-0.079012932419254,0.6117421389854076,0.6726693690202011,0.8916582468118867,0.6892411332017738
resnet50,123,683_607,clean,0.9983761900741804,1.0,0.3715107550837992,0.22937652371422418,0.35613654950056717,0.4682017543859649,16.028672912664582,-0.0016003735363483232,-0.0016003735363483232,0.9022816820927945,0.6449064200319219,,
resnet50,123,683_607,darkening_sev1,0.9975650212482402,1.0,0.3721408433398632,0.22982577551098815,0.35878602368818346,0.4539473684210526,16.01034926636177,-0.002309031000262787,-0.002309031000262787,0.8951851148934414,0.567831551623449,0.995417239989721,0.9273196156138351
resnet50,123,683_607,darkening_sev2,0.963142449158783,0.9671052631578947,0.3527602291090912,0.21424403611204945,0.34944682297008145,0.4320175438596491,15.884695407591368,-0.020218459198970223,-0.020218459198970223,0.8445597898093534,0.4039904914240826,0.9775201367697102,0.8650273177027517
resnet50,123,683_607,darkening_sev3,0.5820688018166835,0.6644736842105263,0.2576536103942043,0.14544829339548324,0.2577881800379742,0.3497807017543859,15.873049725565995,-0.11951126565895315,-0.11951126565895315,0.3243733591465443,0.25185249896981476,0.7862173502387144,0.5708434204606535
resnet50,123,683_607,jpeg_sev1,0.9988269709181368,1.0,0.37069332673414446,0.22860874523563796,0.3555832955177908,0.4594298245614035,16.028272534671583,-0.0011467745429590947,-0.0011467745429590947,0.8941574120269108,0.6322321986428282,0.9989880171757258,0.9654103794630722
resnet50,123,683_607,jpeg_sev2,0.9986792765557765,1.0,0.3688641614266174,0.22704929698760562,0.3554578474866774,0.4682017543859649,16.015057006426026,-0.001273468202143367,-0.001273468202143367,0.8918330995988901,0.6322406959572394,0.9971074794692303,0.9432200351988183
resnet50,123,683_607,jpeg_sev3,0.3183482763551294,0.3179824561403508,0.18543790519509737,0.10126528028162142,0.20280559026632125,0.2741228070175438,15.495500480919553,-0.4080689522904497,-0.4080689522904497,0.28023114261437954,0.26579404966571274,0.528003194827883,0.35823974328431235
resnet50,123,683_607,resize_sev1,0.9993467172117609,1.0,0.37244014883087884,0.2301747667476994,0.35633257948786806,0.47368421052631576,16.036853955503098,-0.0006380419067123219,-0.0006380419067123219,0.8815103750451255,0.61198172702356,0.9993436395935869,0.9731093463952426
resnet50,123,683_607,resize_sev2,0.9997307769300645,1.0,0.3737950400823773,0.23138389223399325,0.3568927238496601,0.4649122807017544,16.04467317095974,-0.0002593137977415765,-0.0002593137977415765,0.8687663054371482,0.5712426113814377,0.9990119710321247,0.9676117747748063
resnet50,123,683_607,resize_sev3,0.9999496034885708,1.0,0.3748730598929412,0.23231424714493348,0.3564175998507103,0.45723684210526316,16.064126432987685,-4.3649030359164294e-05,-4.3649030359164294e-05,0.7799404728667516,0.46022207185364605,0.9970675868680763,0.9443270804330098
resnet50,123,876_891,brightening_sev1,0.9737122449227342,0.9734006158056792,0.15570994220909626,0.09492220350440062,0.15939419768484728,0.20432774546698595,14.007511490671103,-0.025223066373318677,-0.025223066373318677,0.6980004286932945,0.7001545381564374,0.9734129214899352,0.8666749991955541
resnet50,123,876_891,brightening_sev2,0.9721505064842251,0.9734006158056792,0.15136936275806256,0.09178263304612742,0.15476812388283953,0.19440643174820388,14.005264970769305,-0.021247849945301323,-0.021247849945301323,0.6438813476295637,0.7260351209831815,0.9698137986324367,0.8388030326021325
resnet50,123,876_891,brightening_sev3,0.9510446414765668,0.9734006158056792,0.14336875059171184,0.0852984095569467,0.15016940963222886,0.18829113924050628,13.940150280052613,-0.02075984006128835,-0.02075984006128835,0.6330959387496369,0.7329270388620224,0.9704406979313287,0.8422430192364969
resnet50,123,876_891,clean,0.8990948644655958,0.9335015395141977,0.14318783958860032,0.08632363323570423,0.15010445209731413,0.19778481012658225,13.886102487320692,-0.07683906769934357,-0.07683906769934357,0.7076771686857568,0.5656849543202868,,
resnet50,123,876_891,darkening_sev1,0.48543185663406424,0.46801231611358196,0.08236009540078587,0.04629832879239995,0.0916253924633649,0.12264796442011627,13.731380180834583,-0.24250518291588402,-0.24250518291588402,0.37728330637559027,0.34562672392118754,0.8007180835617524,0.6039484366839837
resnet50,123,876_891,darkening_sev2,0.19539011246433144,0.07915668833390345,0.034537050744764305,0.019548512564752176,0.03677191616872605,0.039257612042422146,13.767071699835117,-0.11341806159944305,-0.11341806159944305,0.11116532722970528,0.1176845425445918,0.4511774725876214,0.29036186724745694
resnet50,123,876_891,darkening_sev3,0.22099928504631572,0.05636332535066708,0.03502169482588133,0.019003578753422973,0.041147912683969876,0.06585699623674303,14.142748927809055,-0.0295239001749261,-0.0295239001749261,0.07861035091931032,0.08083607146986878,0.32800925590091135,0.20879648169873624
resnet50,123,876_891,jpeg_sev1,0.5771616350551061,0.5611101607937051,0.10824980162047904,0.06212813320676237,0.12233744115205286,0.18829113924050628,13.771198877316,-0.23045121651640507,-0.23045121651640507,0.4572824345673856,0.36333882229952197,0.8359438315069433,0.6662447677706973
resnet50,123,876_891,jpeg_sev2,0.01606711625892495,0.0,0.00902118780071535,0.0040979760930679,0.010757789176566826,0.00675675675675675,14.256259135624093,0.00057948749939765,0.00057948749939765,0.011596577305416824,-0.00337344184694235,0.06022355066800215,0.02550212009848395
resnet50,123,876_891,jpeg_sev3,0.004559376351053525,0.0,0.008769946889212175,0.004153201934934275,0.010430016999955025,0.003378378378378375,14.210798950053388,-0.000998979592144475,-0.000998979592144475,0.0009344868486692251,-0.00450350408781745,0.02827697476313815,0.0079050414977478
resnet50,123,876_891,resize_sev1,0.9570354607142317,0.9867003079028395,0.15200980796948044,0.0922141864813615,0.158347270496673,0.19778481012658225,13.912511414833931,-0.04206878012935153,-0.04206878012935153,0.6598058299789491,0.5348875495194789,0.97724005526084,0.8785780562650797
resnet50,123,876_891,resize_sev2,0.9480910947070984,0.9867003079028395,0.15060607154955052,0.09130156044598485,0.15773623304237477,0.19440643174820388,13.880136851207306,-0.047475204645651845,-0.047475204645651845,0.6466987579697734,0.49138218250024956,0.9715881876078294,0.8523631507738991
resnet50,123,876_891,resize_sev3,0.48556163571561484,0.4553540882654807,0.10043504478820531,0.058128861386139645,0.11653951552365698,0.14313205610673962,13.837382450235896,-0.3077173472526781,-0.3077173472526781,0.29814523665821974,0.12634350857114346,0.7017990417039605,0.5054135440751262
resnet50,123,891_876,brightening_sev1,0.9433353649278043,0.9575778309955526,0.17848872303195554,0.11366635260422084,0.18469163636545538,0.24084844338008893,14.693487303533498,-0.022739717338407427,-0.022739717338407427,0.7855947048405234,0.7549196319682304,0.9897864613580019,0.9232824844133213
resnet50,123,891_876,brightening_sev2,0.9481301097743523,0.9575778309955526,0.1791595152778743,0.11382346585613795,0.1853376158342695,0.23747006500171056,14.681633423951403,-0.015598329716067874,-0.015598329716067874,0.7982080111625307,0.7930789310069327,0.9807546108306262,0.8954176751076343
resnet50,123,891_876,brightening_sev3,0.9525297546727068,0.9607423879575778,0.17738122462027903,0.11228306825028975,0.18576912328102207,0.24084844338008893,14.67592570045979,-0.017216083580443825,-0.017216083580443825,0.7987116092724871,0.7812532031258012,0.9826970410411783,0.8806124218365021
resnet50,123,891_876,clean,0.9298150099737787,0.9575778309955526,0.17749285927554295,0.11333694834236177,0.18288934046905733,0.23135477249401298,14.688936200037503,-0.020426514867872777,-0.020426514867872777,0.7766859423727774,0.5895823989676205,,
resnet50,123,891_876,darkening_sev1,0.8910092164533231,0.9575778309955526,0.172466783443294,0.11039978949448939,0.17710749701014616,0.22819021553198768,14.658416321821665,-0.019598924792733202,-0.019598924792733202,0.7480563593154462,0.5548969862128413,0.9802030526026497,0.9024797151008098
resnet50,123,891_876,darkening_sev2,0.8733028214612196,0.9176787547040711,0.15849220842467998,0.10012683769283393,0.16621425771221743,0.2248118371536093,14.698781352070887,0.037946339573340225,0.037946339573340225,0.6371111227561068,0.5860050235149457,0.957648454428593,0.8518357182929903
resnet50,123,891_876,darkening_sev3,0.6977575795423574,0.7314830653438248,0.114417160027939,0.0692526995272114,0.12318067227912402,0.1752052685596989,14.649577177268284,0.1989050647928887,0.1989050647928887,0.3344455606450992,0.44171969617327933,0.813964210991259,0.6584014745758867
resnet50,123,891_876,jpeg_sev1,0.8294158790820048,0.9309784468012317,0.17168003138076976,0.10934878325783443,0.17888056141426859,0.23135477249401298,14.556893660970799,-0.10510003001329082,-0.10510003001329082,0.720843759001109,0.5623118717580577,0.9707866194326429,0.8725413218051743
resnet50,123,891_876,jpeg_sev2,0.32874714371798763,0.2792935340403694,0.06389971789752717,0.03774393236094105,0.0714842608494924,0.07915668833390348,14.692465877108813,-0.18597550043521438,-0.18597550043521438,0.28888873409821786,0.2022345145794142,0.4838776241988294,0.3567714844941099
resnet50,123,891_876,jpeg_sev3,0.01352143873963085,0.0,0.00100279592220815,0.00043730900305097504,0.003447659459444275,0.0,15.143789881310804,0.000463252539107225,0.000463252539107225,0.004519181988517125,-0.00361123787485705,0.025714930114686625,0.00562942306064645
resnet50,123,891_876,resize_sev1,0.9422377018309591,0.9740420800547382,0.1812307727889347,0.1164750620061777,0.1838551589283094,0.23451932945603832,14.736358044370169,-0.01161233162850875,-0.01161233162850875,0.7400902793470298,0.49281301462957194,0.9916166599140779,0.9195052105412174
resnet50,123,891_876,resize_sev2,0.9461033125205671,0.9772066370167635,0.1861147522935032,0.12085473604821972,0.1871239695586511,0.24401300034211426,14.762066111269366,-0.012100402535975725,-0.012100402535975725,0.6954809933239858,0.46097990241968445,0.9834010112430568,0.8914165744680345
resnet50,123,891_876,resize_sev3,0.9078866229438787,0.9639069449196032,0.18839219928336934,0.1239565386582535,0.18959328360571825,0.23451932945603832,14.695670158089003,-0.010349049041410225,-0.010349049041410225,0.6957352040877187,0.4613334870101642,0.9696079545742009,0.8331770952376205
