model,seed,category,video_id,ground_truth,transformation,transformation_family,severity,prob_fake,pred_fake,correct,SO,SO@10,SO@20,SO@30,IoU,IoU@10,IoU@20,IoU@30,saliency_mass,hit_rate,saliency_entropy,faithfulness,faithfulness_blur,faithfulness_zero,faithfulness_mean,ES_cos,explanation_IoU,explanation_IoU@10,explanation_IoU@20,explanation_IoU@30,prediction_preserved,n_valid_frames,n_failed_frames
efficientnet_b0,2024,Deepfakes,033_097,1,brightening_sev1,brightening,1,0.7048511399424134,0.7438423645320197,0.7438423645320197,0.13595607369461982,0.1412683578694579,0.13595607369461982,0.12552913693504905,0.08618449269841154,0.0581024381885785,0.08618449269841154,0.09019227967329252,0.12493373919263949,0.13793103448275862,9.249872052610801,0.4463748336159464,0.4463748336159464,0.46647702246041867,0.4566129489338457,0.6393313093591221,0.4468742741396007,0.44531037993055583,0.4468742741396007,0.4410689303429346,0.7931034482758621,203,0
efficientnet_b0,2024,Deepfakes,033_097,1,brightening_sev2,brightening,2,0.5656104767511557,0.5615763546798029,0.5615763546798029,0.05961313393026054,0.05955389654502992,0.05961313393026054,0.0589826208446133,0.033980132301452526,0.023208972718401197,0.033980132301452526,0.03799599607151306,0.05840582304305478,0.03940886699507389,9.131260185993364,0.3443829682082158,0.3443829682082158,0.32844137303586224,0.3082585525607204,0.461190170350108,0.2900531843095097,0.2795396347459448,0.2900531843095097,0.2996416280766725,0.6108374384236454,203,0
efficientnet_b0,2024,Deepfakes,033_097,1,brightening_sev3,brightening,3,0.485712266398658,0.4482758620689655,0.4482758620689655,0.032881147978587766,0.030764333339258446,0.032881147978587766,0.032688198667108384,0.01839621937452296,0.011284894466738606,0.01839621937452296,0.020787880243365454,0.026691029533762477,0.014778325123152709,8.844499216878356,0.2639527172056655,0.2639527172056655,0.23712106662219745,0.22847159169476677,0.3400339027984312,0.1987491731449826,0.18347501267111696,0.1987491731449826,0.21078821143120557,0.4975369458128079,203,0
efficientnet_b0,2024,Deepfakes,033_097,1,clean,clean,0,0.9258073732770723,0.9507389162561576,0.9507389162561576,0.26086081450439486,0.2972813509837303,0.26086081450439486,0.2243975960717929,0.1798482640430291,0.12620070681503442,0.1798482640430291,0.18122457087117433,0.22843228449675962,0.2955665024630542,11.635376474540221,0.5152842661553966,0.5152842661553966,0.5506753902744703,0.6107076106953154,,,,,,,203,0
efficientnet_b0,2024,Deepfakes,033_097,1,darkening_sev1,darkening,1,0.9362743339808703,0.9507389162561576,0.9507389162561576,0.3344130729619489,0.38080161634568604,0.3344130729619489,0.2862012697232092,0.24205765334087034,0.16704048076354908,0.24205765334087034,0.24126293490960568,0.30245530453519404,0.3694581280788177,11.39929151300139,0.5654400675580493,0.5654400675580493,0.6074670262364075,0.6600693414848541,0.8596682897896737,0.695629895872238,0.6836803699113443,0.695629895872238,0.6876164572548975,0.9901477832512315,203,0
efficientnet_b0,2024,Deepfakes,033_097,1,darkening_sev2,darkening,2,0.9463700254452346,0.9605911330049262,0.9605911330049262,0.385899381189184,0.4399350732868022,0.385899381189184,0.3320098993340809,0.2821795490756854,0.19437455008922808,0.2821795490756854,0.28112633168915074,0.36882889093701954,0.45320197044334976,11.250958113834775,0.6569152721565152,0.6569152721565152,0.6485815459226941,0.71808216773063,0.7512955604512959,0.5604841593817708,0.5334305582803065,0.5604841593817708,0.550571048642158,0.9802955665024631,203,0
efficientnet_b0,2024,Deepfakes,033_097,1,darkening_sev3,darkening,3,0.9645014717587697,0.9852216748768473,0.9852216748768473,0.3977275299895127,0.46682171905437486,0.3977275299895127,0.3499276190555607,0.2858847882980465,0.20537275764204582,0.2858847882980465,0.29442113422062793,0.41073749309829616,0.5123152709359606,11.212715623413988,0.74779433295047,0.74779433295047,0.6339515880979781,0.755425750633419,0.6516537354179565,0.4511346390080323,0.3983966262836091,0.4511346390080323,0.4438598388891267,0.9655172413793104,203,0
efficientnet_b0,2024,Deepfakes,033_097,1,jpeg_sev1,jpeg,1,0.7626315735904454,0.8078817733990148,0.8078817733990148,0.16324624696205803,0.1796242503917926,0.16324624696205803,0.14641595347385017,0.10537934181375172,0.0734038670648674,0.10537934181375172,0.11121436783086418,0.14624379456295408,0.17733990147783252,9.746917715213568,0.5082499656718444,0.5082499656718444,0.5061866959162387,0.5189553020909667,0.5964954423125198,0.41124381704692253,0.38522147782300925,0.41124381704692253,0.4147736444522873,0.8374384236453202,203,0
efficientnet_b0,2024,Deepfakes,033_097,1,jpeg_sev2,jpeg,2,0.24764551179428476,0.19704433497536947,0.19704433497536947,0.026216946673533248,0.02410541344151287,0.026216946673533248,0.027364204599320974,0.013308491155443294,0.008967444080830562,0.013308491155443294,0.015150035606162146,0.023121021678399696,0.019704433497536946,6.5641798010013375,0.14545312652830605,0.14545312652830605,0.14059590969809324,0.11921379701641566,0.20576249689438827,0.12102715348011005,0.11335932696180152,0.12102715348011005,0.1258700359985882,0.24630541871921183,203,0
efficientnet_b0,2024,Deepfakes,033_097,1,jpeg_sev3,jpeg,3,0.02272540740014739,0.0,0.0,0.0,0.0,0.0,0.0,0.0,0.0,0.0,0.0,0.0,0.0,4.554706780194062,0.007047392974975617,0.007047392974975617,0.00642873204391245,0.0043727616800599105,0.10047168119651385,0.041470750983772044,0.03981082725342968,0.041470750983772044,0.0485196459643598,0.04926108374384237,203,0
efficientnet_b0,2024,Deepfakes,033_097,1,resize_sev1,resize,1,0.9830672529530643,0.9950738916256158,0.9950738916256158,0.33174441069269583,0.3709857454654551,0.33174441069269583,0.300953929225288,0.22652716031298872,0.15629969910570207,0.22652716031298872,0.24894442734901015,0.30939774191286296,0.35960591133004927,11.890141317997072,0.29174374934891467,0.29174374934891467,0.5510193333809672,0.680302544463692,0.7129142602011641,0.5114488601702306,0.48185136430910513,0.5114488601702306,0.49666171769361495,0.9556650246305419,203,0
efficientnet_b0,2024,Deepfakes,033_097,1,resize_sev2,resize,2,0.9649964397763972,0.9901477832512315,0.9901477832512315,0.2958032501204279,0.3194507954955729,0.2958032501204279,0.2787140424920307,0.1924954387653627,0.12864785747728838,0.1924954387653627,0.22245665778091228,0.2748495598513824,0.2561576354679803,11.68395200738766,0.24659295776042295,0.24659295776042295,0.5111788076118066,0.5681778200244842,0.6433993855647359,0.43911321674555015,0.39689306900199656,0.43911321674555015,0.42621933953908536,0.9408866995073891,203,0
efficientnet_b0,2024,Deepfakes,033_097,1,resize_sev3,resize,3,0.8680678001178309,1.0,1.0,0.3325297961544781,0.3705017574523551,0.3325297961544781,0.30285321232669765,0.23083735210173364,0.1606917490286896,0.23083735210173364,0.2442481885085558,0.3290918872129192,0.3497536945812808,10.412993318341636,0.040433885575515284,0.040433885575515284,0.19822061649097006,0.1930823075066646,0.38661020880549524,0.23611320653315665,0.16765433079012057,0.23611320653315665,0.2653604023064315,0.9507389162561576,203,0
efficientnet_b0,2024,Deepfakes,097_033,1,brightening_sev1,brightening,1,0.9935986111561458,1.0,1.0,0.18775368053274713,0.23329565997623847,0.18775368053274713,0.1526118853486935,0.13586879599952778,0.10443480450375829,0.13586879599952778,0.12958207865782315,0.16087852347341539,0.23333333333333334,12.636202144622803,0.380589130303512,0.380589130303512,0.4536108820931986,0.5910278413087023,0.9288710357918294,0.6756647549651761,0.6218525213307785,0.6756647549651761,0.7047895814438185,1.0,120,0
efficientnet_b0,2024,Deepfakes,097_033,1,brightening_sev2,brightening,2,0.9774906009435653,1.0,1.0,0.16335998089503276,0.19736600351672443,0.16335998089503276,0.13933631327403725,0.1121818265804347,0.08438065687061276,0.1121818265804347,0.11283418486591437,0.14701083642120163,0.18333333333333332,12.256542181968689,0.4714727777405642,0.4714727777405642,0.5087873296812176,0.6310695809583801,0.8083635884507416,0.5174879422814946,0.39649855226754543,0.5174879422814946,0.5857330490488495,1.0,120,0
efficientnet_b0,2024,Deepfakes,097_033,1,brightening_sev3,brightening,3,0.9526603564620018,1.0,1.0,0.15271086919770607,0.1755053461696347,0.15271086919770607,0.13521610662444689,0.1034167336949677,0.07196690719454497,0.1034167336949677,0.11106886367084919,0.14355674959195006,0.16666666666666666,11.986685291926067,0.5242148539672296,0.5242148539672296,0.5449879455380142,0.6623077997472138,0.705162491303078,0.4233609992560943,0.2828467792617311,0.4233609992560943,0.49261462080596957,1.0,120,0
efficientnet_b0,2024,Deepfakes,097_033,1,clean,clean,0,0.9998109176754951,1.0,1.0,0.20708209176164497,0.26971090479027565,0.20708209176164497,0.16410732291770438,0.15211881674578645,0.12305306460877405,0.15211881674578645,0.14127359854823335,0.17381452212327972,0.2833333333333333,12.659752162297567,0.18876237397392587,0.18876237397392587,0.3076649527375897,0.3348919511772692,,,,,,,120,0
efficientnet_b0,2024,Deepfakes,097_033,1,darkening_sev1,darkening,1,0.9999737227956454,1.0,1.0,0.2151896164984337,0.2834563157743582,0.2151896164984337,0.17146866795504645,0.16071909944386534,0.13081648578594143,0.16071909944386534,0.15032827018820924,0.19120425585678857,0.3,12.518390266100566,0.16408650471518435,0.16408650471518435,0.38249856332937876,0.2577967481920495,0.9777109904530226,0.794433289233778,0.8022818302088925,0.794433289233778,0.8213679599348969,1.0,120,0
efficientnet_b0,2024,Deepfakes,097_033,1,darkening_sev2,darkening,2,0.9999995201826095,1.0,1.0,0.2170049890786685,0.2838949919857434,0.2170049890786685,0.1796700758289918,0.16193610828321411,0.13064268491305597,0.16193610828321411,0.16092985582850644,0.20545641594638714,0.30833333333333335,12.346261970202129,0.19711709320545193,0.19711709320545193,0.4250216195980708,0.21712300653258956,0.9461142969370078,0.7081480180241025,0.7139838835570363,0.7081480180241025,0.740062381762182,1.0,120,0
efficientnet_b0,2024,Deepfakes,097_033,1,darkening_sev3,darkening,3,0.9999774401386579,1.0,1.0,0.20204118959071904,0.25937448791188067,0.20204118959071904,0.18363846351436736,0.14446629323264376,0.11462685687384314,0.14446629323264376,0.16564367218597675,0.2029548581230576,0.30833333333333335,12.162852899233501,0.421899301931262,0.421899301931262,0.5656166444222133,0.3446898157397906,0.9206947994179066,0.6610746283023554,0.6466173351400487,0.6610746283023554,0.7157842040475088,1.0,120,0
efficientnet_b0,2024,Deepfakes,097_033,1,jpeg_sev1,jpeg,1,0.9623960490028064,1.0,1.0,0.16687174978432798,0.20204940171955907,0.16687174978432798,0.14140406677272874,0.11660516500129561,0.08685926339006213,0.11660516500129561,0.1187203786211443,0.14503701992334317,0.2,12.194688320159912,0.5370095707456737,0.5370095707456737,0.5623603007756174,0.6861309684997347,0.7435126999239529,0.4656118431472382,0.35156719528343433,0.4656118431472382,0.5248006837895846,1.0,120,0
efficientnet_b0,2024,Deepfakes,097_033,1,jpeg_sev2,jpeg,2,0.21905501632973026,0.13333333333333333,0.13333333333333333,0.011924539186142835,0.010109643457760326,0.011924539186142835,0.01175144271410135,0.006063955382570823,0.0034472856886879483,0.006063955382570823,0.006157071162880586,0.009047250241139681,0.0,5.2292697668075565,0.09075878535555261,0.09075878535555261,0.10640910664780372,0.10163895757483107,0.05067993332636269,0.03070422860891382,0.012170668156716103,0.03070422860891382,0.042679472958970455,0.13333333333333333,120,0
efficientnet_b0,2024,Deepfakes,097_033,1,jpeg_sev3,jpeg,3,0.0030437540312381545,0.0,0.0,0.0,0.0,0.0,0.0,0.0,0.0,0.0,0.0,0.0,0.0,6.153107039133707,-0.000570074171997717,-0.000570074171997717,0.0005668389303721561,0.00047844536336278927,0.008510876910707184,0.0026433198592356157,0.0009259259259259259,0.0026433198592356157,0.004465722734975457,0.0,120,0
efficientnet_b0,2024,Deepfakes,097_033,1,resize_sev1,resize,1,0.9999999940395355,1.0,1.0,0.1887992083090481,0.2522739714916535,0.1887992083090481,0.16075511527251488,0.13108860445163178,0.11042274254772295,0.13108860445163178,0.13596049190027307,0.17272604504755446,0.30833333333333335,12.462216385205586,0.017226939896742465,0.017226939896742465,0.34114609807729723,0.2448586116234461,0.938124431306174,0.6502154653181952,0.6452005518105604,0.6502154653181952,0.7257050300642963,1.0,120,0
efficientnet_b0,2024,Deepfakes,097_033,1,resize_sev2,resize,2,0.9994427194197972,1.0,1.0,0.17117235280118834,0.20488694544536606,0.17117235280118834,0.14206089638180455,0.11401649839200528,0.08365493551311842,0.11401649839200528,0.11423831883819682,0.13491527593780034,0.09166666666666666,12.854633339246114,0.19645462793608504,0.19645462793608504,0.4668126827726761,0.4999386639955143,0.8843556568800628,0.5999714042370616,0.4710135857248004,0.5999714042370616,0.6557156633215501,1.0,120,0
efficientnet_b0,2024,Deepfakes,097_033,1,resize_sev3,resize,3,0.8172625819842021,0.975,0.975,0.19512495364422344,0.23465792262604096,0.19512495364422344,0.1656798947707014,0.14211623681091207,0.10345667304960905,0.14211623681091207,0.14382016727456862,0.1667524588820188,0.25,12.39968971411387,-0.02165216567615667,-0.02165216567615667,0.21535253034283713,0.21662375368177889,0.8320642061280334,0.5421989492143425,0.45229040780945373,0.5421989492143425,0.5959556292355569,0.975,120,0
efficientnet_b0,2024,Deepfakes,360_437,1,brightening_sev1,brightening,1,0.9094819678473718,0.9587628865979382,0.9587628865979382,0.07682481215423015,0.06895933905772177,0.07682481215423015,0.08239022842748579,0.0381948707229575,0.01974582374267059,0.0381948707229575,0.052235704135541204,0.07474532347423958,0.07216494845360824,16.445546877752875,0.4586247733347694,0.4586247733347694,0.5336047476733622,0.6324440304084307,0.8159328460264372,0.5098995930563405,0.43065438347126345,0.5098995930563405,0.5737347043428278,0.979381443298969,97,0
efficientnet_b0,2024,Deepfakes,360_437,1,brightening_sev2,brightening,2,0.7941002648938256,0.8350515463917526,0.8350515463917526,0.011218635656335258,0.006345939431054082,0.011218635656335258,0.01758122057294011,0.0046449787853976784,0.0016494567142052135,0.0046449787853976784,0.009169622681505582,0.017657689795400923,0.010309278350515464,15.992429684117898,0.6529977922681863,0.6529977922681863,0.7393258623982847,0.7175052720146042,0.5918709009803561,0.3398802292635261,0.23375300272018756,0.3398802292635261,0.40569047169317346,0.8762886597938144,97,0
efficientnet_b0,2024,Deepfakes,360_437,1,brightening_sev3,brightening,3,0.16681920298370384,0.10309278350515463,0.10309278350515463,9.832533031312802e-07,0.0,9.832533031312802e-07,0.0035563384445967653,3.7157024753369135e-07,0.0,3.7157024753369135e-07,0.0016736928894503181,0.00035168501169661955,0.0,15.291153376864404,0.1595271925423018,0.1595271925423018,0.16277028961961792,0.16254362617031254,0.42711680956383147,0.23928801842913672,0.17381141387756247,0.23928801842913672,0.2868915313849203,0.14432989690721648,97,0
efficientnet_b0,2024,Deepfakes,360_437,1,clean,clean,0,0.9395966279445235,0.9587628865979382,0.9587628865979382,0.150376212384006,0.15824195252459666,0.150376212384006,0.14778766019274278,0.0767272972188383,0.04650166835505781,0.0767272972188383,0.09612985030550247,0.14644491950270763,0.16494845360824742,16.280095572324143,0.3148283918349783,0.3148283918349783,0.40248459251117463,0.5239195165406797,,,,,,,97,0
efficientnet_b0,2024,Deepfakes,360_437,1,darkening_sev1,darkening,1,0.9561677464504832,0.9690721649484536,0.9690721649484536,0.2234878390842416,0.2517016560180001,0.2234878390842416,0.20818944765081993,0.11739779577055458,0.07513545943210281,0.11739779577055458,0.14126338975119263,0.22078658818175462,0.25773195876288657,16.11875131941333,0.1299239631847853,0.1299239631847853,0.2700138094537344,0.3401779694789925,0.8720868567138359,0.598916621717464,0.5495557404409349,0.598916621717464,0.6570450126043835,0.9896907216494846,97,0
efficientnet_b0,2024,Deepfakes,360_437,1,darkening_sev2,darkening,2,0.9525484721819611,0.979381443298969,0.979381443298969,0.23979810383930314,0.2676977608412266,0.23979810383930314,0.21629408631919733,0.12410022988904781,0.07912026618744768,0.12410022988904781,0.14379631122652162,0.23276697205227515,0.24742268041237114,15.86928024488626,0.0931105551972371,0.0931105551972371,0.3176955840425546,0.3275452152413037,0.7388861373330488,0.429429451665962,0.3550536805149919,0.429429451665962,0.49905914628588177,0.979381443298969,97,0
efficientnet_b0,2024,Deepfakes,360_437,1,darkening_sev3,darkening,3,0.5305743546791605,0.4948453608247423,0.4948453608247423,0.04759774295221565,0.05374715137168854,0.04759774295221565,0.04419326342280926,0.025048647005960704,0.01830203860407218,0.025048647005960704,0.027182030235288673,0.04967527341831092,0.061855670103092786,14.060978260236917,0.22207526038472836,0.22207526038472836,0.36425155573572543,0.35372969299463614,0.4696514651307013,0.25217442222089176,0.23656873584578697,0.25217442222089176,0.26432915962017645,0.5360824742268041,97,0
efficientnet_b0,2024,Deepfakes,360_437,1,jpeg_sev1,jpeg,1,0.594214594817346,0.6082474226804123,0.6082474226804123,0.024102238941499217,0.023351595839501183,0.024102238941499217,0.027906125132553916,0.010993950666148427,0.006167278837636389,0.010993950666148427,0.016187248543765867,0.025062082360375545,0.010309278350515464,15.613599934528784,0.49353837643071324,0.49353837643071324,0.49268470593720926,0.5135381233052725,0.6545127469210624,0.3769517392989207,0.3047334323052604,0.3769517392989207,0.43520786701817177,0.6494845360824743,97,0
efficientnet_b0,2024,Deepfakes,360_437,1,jpeg_sev2,jpeg,2,0.028589701822319156,0.0,0.0,9.814505839630928e-05,0.0,9.814505839630928e-05,0.0007271535176767484,3.832298612707835e-05,0.0,3.832298612707835e-05,0.00033313272139523606,2.3605217919155325e-05,0.0,15.01738897303945,0.027919419555689332,0.027919419555689332,0.027496599695964876,0.02805489550507544,0.44856896206073177,0.2728579250509358,0.1943940136093365,0.2728579250509358,0.31871963411549603,0.041237113402061855,97,0
efficientnet_b0,2024,Deepfakes,360_437,1,jpeg_sev3,jpeg,3,0.05085731953137655,0.010309278350515464,0.010309278350515464,0.00010590737403506598,0.0,0.00010590737403506598,0.0007570605375255351,3.931334474103712e-05,0.0,3.931334474103712e-05,0.0003355090970179031,2.826436650976188e-05,0.0,14.840403792784386,0.0448108259789506,0.0448108259789506,0.049208674918284526,0.04897176605211905,0.4245604502255414,0.24967236346167196,0.1835671351768898,0.24967236346167196,0.2832041992891259,0.05154639175257732,97,0
efficientnet_b0,2024,Deepfakes,360_437,1,resize_sev1,resize,1,0.9069029068785537,0.9278350515463918,0.9278350515463918,0.1295607473020289,0.13654848142385767,0.1295607473020289,0.12891272586097435,0.06548641590620247,0.03974514609632547,0.06548641590620247,0.08283461324523146,0.12705962236822177,0.14432989690721648,16.208712351690863,0.3139846600428915,0.3139846600428915,0.41233753762447956,0.522984226080637,0.9394368288212901,0.6964749258824977,0.6471257458772164,0.6964749258824977,0.742945386168467,0.9484536082474226,97,0
efficientnet_b0,2024,Deepfakes,360_437,1,resize_sev2,resize,2,0.8903608708498404,0.9175257731958762,0.9175257731958762,0.13242598781057077,0.13722702822780997,0.13242598781057077,0.12919016018462998,0.06636574125730925,0.039485849510804284,0.06636574125730925,0.0829358210171687,0.1269382347983914,0.14432989690721648,16.28457565897519,0.2664402003913695,0.2664402003913695,0.3996083409016587,0.5059393535358543,0.8819956492151938,0.5914792495321916,0.5341424220228281,0.5914792495321916,0.6512339640671249,0.9175257731958762,97,0
efficientnet_b0,2024,Deepfakes,360_437,1,resize_sev3,resize,3,0.727600193976127,0.7731958762886598,0.7731958762886598,0.06530266092311436,0.057728348332109485,0.06530266092311436,0.0717194819972322,0.03201037892727746,0.016292633486598415,0.03201037892727746,0.04431490121309758,0.06610685684240344,0.09278350515463918,15.94498459334226,0.34385388574716585,0.34385388574716585,0.32047423427521254,0.36977969430694263,0.6606741894010335,0.3642193592392214,0.31103992313469203,0.3642193592392214,0.41104113418719235,0.7731958762886598,97,0
efficientnet_b0,2024,Deepfakes,435_456,1,brightening_sev1,brightening,1,0.7339367959178796,0.7983193277310925,0.7983193277310925,0.06622698509578755,0.06712915049702828,0.06622698509578755,0.06566637666261256,0.03512482704368725,0.02376656235594466,0.03512482704368725,0.041243276936194895,0.058437061890903814,0.05042016806722689,11.858210203026523,0.5542393167216542,0.5542393167216542,0.6205387733163295,0.5931768996635904,0.8817423689865627,0.6798526998358618,0.6438410592258424,0.6798526998358618,0.7039523139533947,0.8907563025210085,119,0
efficientnet_b0,2024,Deepfakes,435_456,1,brightening_sev2,brightening,2,0.7224292009599319,0.773109243697479,0.773109243697479,0.05103893345591069,0.051699632798016315,0.05103893345591069,0.05142004528895249,0.027505273229637778,0.017966542756455192,0.027505273229637778,0.03356940430745659,0.04793196610423899,0.04201680672268908,11.618481531864456,0.5360738336609504,0.5360738336609504,0.5909597153145382,0.5672033606754996,0.7723776154858308,0.5648799990655089,0.5148623028650322,0.5648799990655089,0.5995099066254537,0.865546218487395,119,0
efficientnet_b0,2024,Deepfakes,435_456,1,brightening_sev3,brightening,3,0.7298533995361889,0.7983193277310925,0.7983193277310925,0.06488117868289167,0.06576250438713686,0.06488117868289167,0.06453735845829528,0.033063508251776355,0.022954235885278583,0.033063508251776355,0.03802215585791985,0.06117548326984625,0.05042016806722689,10.615635879901276,0.4463686797583961,0.4463686797583961,0.5462032542099292,0.5118075753493673,0.6504668724346048,0.4657504953432254,0.39601964459044803,0.4657504953432254,0.49894601092732643,0.8571428571428571,119,0
efficientnet_b0,2024,Deepfakes,435_456,1,clean,clean,0,0.8313151988036492,0.907563025210084,0.907563025210084,0.08795623412418817,0.0873823290895803,0.08795623412418817,0.08874116909284956,0.05313778162808851,0.03251810753875996,0.05313778162808851,0.0641960504988832,0.07615193883337272,0.06722689075630252,12.558995158732438,0.5829302869578666,0.5829302869578666,0.6705140033526494,0.6356016283614185,,,,,,,119,0
efficientnet_b0,2024,Deepfakes,435_456,1,darkening_sev1,darkening,1,0.8657504907582237,0.9243697478991597,0.9243697478991597,0.11203743547239876,0.11286305558901034,0.11203743547239876,0.10673643305674041,0.06924491985747352,0.04282286294656989,0.06924491985747352,0.08087920878226158,0.09988313846726228,0.07563025210084033,12.74743084146195,0.6475310347061565,0.6475310347061565,0.7051002536029672,0.6850573675855681,0.9289063706193212,0.7517565074243088,0.7248980879398541,0.7517565074243088,0.7821915619022305,0.9831932773109243,119,0
efficientnet_b0,2024,Deepfakes,435_456,1,darkening_sev2,darkening,2,0.8379772431647577,0.8907563025210085,0.8907563025210085,0.12070233153274769,0.1186908720139279,0.12070233153274769,0.11774592860679274,0.07659080106064664,0.04502662435587197,0.07659080106064664,0.08972162377289393,0.11010291496324365,0.09243697478991597,12.331402113457688,0.6979555127579238,0.6979555127579238,0.7087155141370731,0.6962998528547092,0.843727361395088,0.6151022385021764,0.581910964596427,0.6151022385021764,0.6393861126385538,0.9159663865546218,119,0
efficientnet_b0,2024,Deepfakes,435_456,1,darkening_sev3,darkening,3,0.6291516672295495,0.6890756302521008,0.6890756302521008,0.09129238358511749,0.09479235576472282,0.09129238358511749,0.09014529841847456,0.05301639567192899,0.03535713836234677,0.05301639567192899,0.05970240162643792,0.08735957126562408,0.06722689075630252,8.794453484671456,0.5169848261856935,0.5169848261856935,0.4921582079729253,0.5098794273378625,0.5438215882147484,0.37507743487649514,0.35612786980736283,0.37507743487649514,0.3780728919208101,0.7647058823529411,119,0
efficientnet_b0,2024,Deepfakes,435_456,1,jpeg_sev1,jpeg,1,0.18414699512828792,0.12605042016806722,0.12605042016806722,0.0055274909843392485,0.004586605168675845,0.0055274909843392485,0.0055274909843392485,0.0018919283759134579,0.0014473249885844075,0.0018919283759134579,0.0018919283759134579,0.0011966336190649218,0.0,5.417467021140732,0.11292547830752855,0.11292547830752855,0.1318517588509113,0.12907190016047007,0.22086444114831275,0.1416386187126685,0.14597615242007073,0.1416386187126685,0.13702448018222907,0.2184873949579832,119,0
efficientnet_b0,2024,Deepfakes,435_456,1,jpeg_sev2,jpeg,2,0.0016285389957606596,0.0,0.0,0.0,0.0,0.0,0.0,0.0,0.0,0.0,0.0,0.0,0.0,1.8166053034678227,0.00015354391677862702,0.00015354391677862702,0.00014197538918727133,0.00015425780935294869,0.03740376131049652,0.03428706227423955,0.029829293770665687,0.03428706227423955,0.035663479610918536,0.09243697478991597,119,0
efficientnet_b0,2024,Deepfakes,435_456,1,jpeg_sev3,jpeg,3,3.9828137894744796e-05,0.0,0.0,0.0,0.0,0.0,0.0,0.0,0.0,0.0,0.0,0.0,0.0,2.0697184169993683,2.114540517108035e-06,2.114540517108035e-06,2.2397694731271907e-06,2.949338855261552e-06,0.026997433467600255,0.026625616695704808,0.02587231932204094,0.026625616695704808,0.027040207725091036,0.09243697478991597,119,0
efficientnet_b0,2024,Deepfakes,435_456,1,resize_sev1,resize,1,0.9763057797896761,1.0,1.0,0.18229454837821027,0.19676150490782554,0.18229454837821027,0.1593036623201185,0.12404269338015875,0.07836863335294884,0.12404269338015875,0.13270603767386413,0.15188599539022135,0.15126050420168066,13.53741249116529,0.2555069146646547,0.2555069146646547,0.6217057801873087,0.5162441304047444,0.7602787784238292,0.5051678270568638,0.4180600345126144,0.5051678270568638,0.571333687099838,0.907563025210084,119,0
efficientnet_b0,2024,Deepfakes,435_456,1,resize_sev2,resize,2,0.7909018096412305,0.7983193277310925,0.7983193277310925,0.14313234169566838,0.15350401367683883,0.14313234169566838,0.13202386213931716,0.08894828818202483,0.05708822026728236,0.08894828818202483,0.10268910774122893,0.13184276740655185,0.12605042016806722,12.56686796460833,0.19805550335382088,0.19805550335382088,0.612055769281906,0.5088810206095232,0.721380388575713,0.4852488115400998,0.4199091195666939,0.4852488115400998,0.5343241127475696,0.773109243697479,119,0
efficientnet_b0,2024,Deepfakes,435_456,1,resize_sev3,resize,3,0.48609794618389685,0.48739495798319327,0.48739495798319327,0.12306551424882255,0.13759686967138932,0.12306551424882255,0.11290177037996035,0.07771429357735439,0.0535479777172464,0.07771429357735439,0.08086300417359743,0.12961442843120413,0.12605042016806722,8.486230738022748,0.09897670071540761,0.09897670071540761,0.2914436723285613,0.354961007512605,0.3032614584894655,0.1940150014690134,0.16152348600789032,0.1940150014690134,0.21152403057918776,0.5126050420168067,119,0
efficientnet_b0,2024,Deepfakes,437_360,1,brightening_sev1,brightening,1,0.9910888747880923,1.0,1.0,0.3796878216928007,0.3894427887407286,0.3796878216928007,0.35601673632741704,0.22087077998785318,0.12637698029825042,0.22087077998785318,0.25962038173384205,0.3341223447500613,0.35570469798657717,15.89605001155162,0.13101112516284388,0.13101112516284388,0.7185493436909199,0.5794967164491747,0.8448807607818241,0.594424562649456,0.5398262563583582,0.594424562649456,0.6439400003583963,1.0,149,0
efficientnet_b0,2024,Deepfakes,437_360,1,brightening_sev2,brightening,2,0.84138851185273,0.8657718120805369,0.8657718120805369,0.3377876830986355,0.354252127057451,0.3377876830986355,0.31312975318842956,0.20372675517918046,0.11650245435900461,0.20372675517918046,0.23863958095155405,0.3143233182707982,0.348993288590604,15.484421736442002,0.3267849005200906,0.3267849005200906,0.7821721318324375,0.7546068405393228,0.739783995713836,0.47220456768363256,0.4602224881935903,0.47220456768363256,0.5002116761765102,0.8657718120805369,149,0
efficientnet_b0,2024,Deepfakes,437_360,1,brightening_sev3,brightening,3,0.5827783056403566,0.5771812080536913,0.5771812080536913,0.29248582368602855,0.31232722908704136,0.29248582368602855,0.2638400377274676,0.1665427227878264,0.10118645543744578,0.1665427227878264,0.18776158209478405,0.2731513164411366,0.3087248322147651,15.056581337179914,0.10523273361746797,0.10523273361746797,0.5370979235048918,0.5293651573125964,0.7003034374125828,0.42378089058103446,0.40994288594894207,0.42378089058103446,0.4329534636735721,0.5771812080536913,149,0
efficientnet_b0,2024,Deepfakes,437_360,1,clean,clean,0,0.9994751374993548,1.0,1.0,0.48721163207846335,0.5090016425166392,0.48721163207846335,0.4370395483566689,0.28043204108298947,0.16273837769267882,0.28043204108298947,0.3192367535265555,0.43956642876125196,0.4899328859060403,16.255275284683943,-0.00040628886062826276,-0.00040628886062826276,0.3419709618159589,0.21446795642825978,,,,,,,149,0
efficientnet_b0,2024,Deepfakes,437_360,1,darkening_sev1,darkening,1,0.9994169837676439,1.0,1.0,0.537170265045603,0.5768767538989443,0.537170265045603,0.48256740339922216,0.3138965458144429,0.18621485534667115,0.3138965458144429,0.36077676195447345,0.5045476690699118,0.6174496644295302,16.179007139781977,-0.0004382825537815956,-0.0004382825537815956,0.2908799854801005,0.23345392199870724,0.9637412170504396,0.8087474797214639,0.7579360995116089,0.8087474797214639,0.8117430825323186,1.0,149,0
efficientnet_b0,2024,Deepfakes,437_360,1,darkening_sev2,darkening,2,0.9975088470734206,1.0,1.0,0.5353702293604055,0.5842644906752016,0.5353702293604055,0.4810999586605838,0.31133927204259415,0.18895758208234276,0.31133927204259415,0.3602053196160553,0.5180963035905741,0.6040268456375839,16.16082502531525,-0.0024678179081654332,-0.0024678179081654332,0.31680461424309136,0.28956954548722946,0.9425584105575373,0.7671765312517819,0.7133864615818333,0.7671765312517819,0.7686640808668175,1.0,149,0
efficientnet_b0,2024,Deepfakes,437_360,1,darkening_sev3,darkening,3,0.9933452060158621,0.9932885906040269,0.9932885906040269,0.5398745247707656,0.6473695901601779,0.5398745247707656,0.4686495956593979,0.30748088181546324,0.21115546912877042,0.30748088181546324,0.3410944785317175,0.5479398746143401,0.6845637583892618,16.130607176147052,-0.002182787496771585,-0.002182787496771585,0.661197522367607,0.7344037833961115,0.800541588132095,0.5568773686385678,0.42617626397840164,0.5568773686385678,0.6194472380153903,0.9932885906040269,149,0
efficientnet_b0,2024,Deepfakes,437_360,1,jpeg_sev1,jpeg,1,0.9980009674225878,1.0,1.0,0.48007760536483857,0.5049029670835211,0.48007760536483857,0.43106136100643755,0.27513795962205406,0.1620300886931083,0.27513795962205406,0.3129736035799822,0.4315867423622104,0.44966442953020136,16.222350715790817,0.004673002100230871,0.004673002100230871,0.4347710618811766,0.30900464538209793,0.9767421192466599,0.8329579550865276,0.8040232755552911,0.8329579550865276,0.844157845979685,1.0,149,0
efficientnet_b0,2024,Deepfakes,437_360,1,jpeg_sev2,jpeg,2,0.9477058023014324,0.9798657718120806,0.9798657718120806,0.41113578985903354,0.4433619095690003,0.41113578985903354,0.3809076691042894,0.23053106755779473,0.1423803816570173,0.23053106755779473,0.26992509831057976,0.3792884660788419,0.40939597315436244,15.925616193937776,0.16443031680873352,0.16443031680873352,0.8577870225828348,0.8154557299199193,0.7519351327709494,0.47972201998701025,0.4347870970893578,0.47972201998701025,0.5375188874931035,0.9798657718120806,149,0
efficientnet_b0,2024,Deepfakes,437_360,1,jpeg_sev3,jpeg,3,0.4731687442868348,0.436241610738255,0.436241610738255,0.2502289972343378,0.24759156962393572,0.2502289972343378,0.244919654300379,0.13250235377011885,0.07644224119210492,0.13250235377011885,0.15877872418602335,0.23864274788419895,0.2751677852348993,14.98332591984896,0.05466045492294326,0.05466045492294326,0.44593621094748187,0.4559513462418181,0.5922586617019304,0.3363699322191754,0.2866365758718021,0.3363699322191754,0.37509974305536264,0.436241610738255,149,0
efficientnet_b0,2024,Deepfakes,437_360,1,resize_sev1,resize,1,0.9992673441067638,1.0,1.0,0.49009498216749176,0.5093361382246245,0.49009498216749176,0.4412286111420451,0.28134018712164316,0.16285830200857818,0.28134018712164316,0.32108890799246353,0.44357647792439164,0.5167785234899329,16.178789132393447,-8.045826982324654e-06,-8.045826982324654e-06,0.3361790883511105,0.21759592276691592,0.9922454052094354,0.8992316163410442,0.8841855981571425,0.8992316163410442,0.8957640461197485,1.0,149,0
efficientnet_b0,2024,Deepfakes,437_360,1,resize_sev2,resize,2,0.9991471063370673,1.0,1.0,0.4851480412309262,0.5032874929543338,0.4851480412309262,0.4399641315501468,0.2775062297617774,0.16076539867641435,0.2775062297617774,0.31953752014938963,0.44146987229937923,0.5302013422818792,16.145716980799733,-0.00040775777509547307,-0.00040775777509547307,0.3241520150120826,0.2032104690477952,0.9830727742170057,0.847436092645312,0.8350524524273926,0.847436092645312,0.8464920081796201,1.0,149,0
efficientnet_b0,2024,Deepfakes,437_360,1,resize_sev3,resize,3,0.999062897374966,1.0,1.0,0.5117107918003203,0.5522229527668467,0.5117107918003203,0.4540508922193296,0.29249927742847714,0.17688734833917244,0.29249927742847714,0.32864152568936256,0.46814942947053034,0.5906040268456376,16.137053387277078,-0.0009321346378966372,-0.0009321346378966372,0.3496676442407121,0.1895522143216741,0.9520624645790539,0.7473451906634498,0.7377231300384247,0.7473451906634498,0.7431432269279135,1.0,149,0
efficientnet_b0,2024,Deepfakes,456_435,1,brightening_sev1,brightening,1,0.5539027405832856,0.5592105263157895,0.5592105263157895,0.17656183166200676,0.20586650339475604,0.17656183166200676,0.15898540000748074,0.12255197909725049,0.08811678255858778,0.12255197909725049,0.12556142666178555,0.18494571690390355,0.21710526315789475,10.713391090694227,0.29220804304292725,0.29220804304292725,0.4107646331284693,0.4128078631272633,0.6343127472559225,0.4669179423678271,0.4538509288623148,0.4669179423678271,0.4652564228966675,0.756578947368421,152,0
efficientnet_b0,2024,Deepfakes,456_435,1,brightening_sev2,brightening,2,0.46608992408590366,0.4276315789473684,0.4276315789473684,0.16645995795483767,0.20152048095331396,0.16645995795483767,0.1474210936987094,0.11368153029763983,0.08601871751108234,0.11368153029763983,0.11553557581840322,0.17981216663474,0.2236842105263158,10.126291996554324,0.2218294594387867,0.2218294594387867,0.34586004968380285,0.3366186649654992,0.46824097607136084,0.3188938574843809,0.2931675099859749,0.3188938574843809,0.3352164775496836,0.6381578947368421,152,0
efficientnet_b0,2024,Deepfakes,456_435,1,brightening_sev3,brightening,3,0.497457001962941,0.5197368421052632,0.5197368421052632,0.16252270439785715,0.1889062643201837,0.16252270439785715,0.1419623447306652,0.11400766592339032,0.08112673709210735,0.11400766592339032,0.11451048720775643,0.16635428296027693,0.19736842105263158,10.402381551893134,0.341001067901839,0.341001067901839,0.40633976541376843,0.3768088648876552,0.3841639535190268,0.2746547197733034,0.2343548310778092,0.2746547197733034,0.2989492512104497,0.7302631578947368,152,0
efficientnet_b0,2024,Deepfakes,456_435,1,clean,clean,0,0.7568994975337869,0.7894736842105263,0.7894736842105263,0.18108549038109722,0.21037947558321318,0.18108549038109722,0.15264649721575693,0.1342176100575263,0.09114547822237463,0.1342176100575263,0.13388793428831305,0.17572176758042932,0.2236842105263158,12.047792152354592,0.36768750398225264,0.36768750398225264,0.5354307821954104,0.5909171831696624,,,,,,,152,0
efficientnet_b0,2024,Deepfakes,456_435,1,darkening_sev1,darkening,1,0.7178539639188737,0.756578947368421,0.756578947368421,0.21827016189240941,0.2480070627771138,0.21827016189240941,0.1881782933588919,0.15951168065773141,0.10810005374318474,0.15951168065773141,0.15823700559921275,0.217378309134605,0.25,11.693176476578964,0.3235023537318308,0.3235023537318308,0.44070492244377657,0.534719465124286,0.7768413224444414,0.6082191470974929,0.5855000330120536,0.6082191470974929,0.6128096224707983,0.9407894736842105,152,0
efficientnet_b0,2024,Deepfakes,456_435,1,darkening_sev2,darkening,2,0.5212757684042261,0.5131578947368421,0.5131578947368421,0.2169091824267553,0.2330193419019951,0.2169091824267553,0.21046451305152628,0.13748397544462918,0.09987069628119567,0.13748397544462918,0.13906469938818236,0.22929224865743186,0.25,9.499922231624002,0.244021360827518,0.244021360827518,0.3313392652353765,0.3883590025928386,0.5269599818846219,0.3758775980163575,0.3760161963345241,0.3758775980163575,0.3609788504884692,0.6973684210526315,152,0
efficientnet_b0,2024,Deepfakes,456_435,1,darkening_sev3,darkening,3,0.326021737665111,0.27631578947368424,0.27631578947368424,0.09071413164151522,0.09429104457806686,0.09071413164151522,0.09061623808198774,0.04677856189721789,0.0389338676764838,0.04677856189721789,0.04697170514235528,0.0942905797829453,0.09868421052631579,5.377755271761041,0.20658395837764196,0.20658395837764196,0.18377220286914198,0.22099086256562978,0.25240996150496803,0.18328641977232038,0.1712556699355738,0.18328641977232038,0.1752657166287564,0.4473684210526316,152,0
efficientnet_b0,2024,Deepfakes,456_435,1,jpeg_sev1,jpeg,1,0.2548876713504605,0.24342105263157895,0.24342105263157895,0.1271165991432676,0.15208224456141628,0.1271165991432676,0.11592739079788605,0.08136330796443775,0.062950770424269,0.08136330796443775,0.0817224013053628,0.1483180304741203,0.17763157894736842,8.878272690271077,0.13907886371472802,0.13907886371472802,0.20107368838698914,0.20565227207818054,0.5001146917121325,0.32377088928951153,0.3241907823949803,0.32377088928951153,0.31740838191277954,0.45394736842105265,152,0
efficientnet_b0,2024,Deepfakes,456_435,1,jpeg_sev2,jpeg,2,0.005772514034033508,0.0,0.0,0.002870813397129186,0.002870813397129186,0.002870813397129186,0.002870813397129186,0.0009457408670024407,0.0009457408670024407,0.0009457408670024407,0.0009457408670024407,0.002571742357343195,0.0,3.9747186773701717,0.0008595705645930597,0.0008595705645930597,0.0009969820545044268,0.0009388869927663698,0.13617407976753743,0.07266082544515902,0.07563829315119072,0.07266082544515902,0.07287941152445469,0.21052631578947367,152,0
efficientnet_b0,2024,Deepfakes,456_435,1,jpeg_sev3,jpeg,3,9.913638310369033e-05,0.0,0.0,0.0,0.0,0.0,0.0,0.0,0.0,0.0,0.0,0.0,0.0,1.8897333960784108,-3.875932283242661e-06,-3.875932283242661e-06,4.898796379917802e-06,5.08637033011291e-06,0.08857059011875253,0.06088014685736597,0.061027446766310285,0.06088014685736597,0.06097362141268583,0.21052631578947367,152,0
efficientnet_b0,2024,Deepfakes,456_435,1,resize_sev1,resize,1,0.8973005598558015,0.9342105263157895,0.9342105263157895,0.2408120309508959,0.2805492998774023,0.2408120309508959,0.20755923183923364,0.17678041722124407,0.12249619113171457,0.17678041722124407,0.17884344358704463,0.23692116658869553,0.3092105263157895,12.457862345795883,0.22541335885915414,0.22541335885915414,0.44304611230664276,0.4987957739442783,0.7064591498415962,0.5146055895630773,0.47930268669609954,0.5146055895630773,0.5316295886473631,0.8552631578947368,152,0
efficientnet_b0,2024,Deepfakes,456_435,1,resize_sev2,resize,2,0.8181558232302594,0.8552631578947368,0.8552631578947368,0.24218073548040908,0.27735231048869646,0.24218073548040908,0.2196462251193186,0.17263255663044452,0.11885295005646068,0.17263255663044452,0.18116643770012866,0.2541493798181427,0.29605263157894735,11.746192367453324,0.0984982363144426,0.0984982363144426,0.5969256549203572,0.5684012071915755,0.5102997176723644,0.3465496833677282,0.2880886316011013,0.3465496833677282,0.3712749378827318,0.7894736842105263,152,0
efficientnet_b0,2024,Deepfakes,456_435,1,resize_sev3,resize,3,0.5749470845544956,0.6513157894736842,0.6513157894736842,0.2529169256941542,0.28419838077446585,0.2529169256941542,0.22664260610728634,0.17096410453829977,0.12232147915006897,0.17096410453829977,0.16927560205586908,0.2653776228690381,0.2894736842105263,8.983023154108148,-0.010376114456448692,-0.010376114456448692,0.3138561753439717,0.37034254627437085,0.317146570604623,0.22840234310709467,0.198484862240793,0.22840234310709467,0.24053289847501141,0.6907894736842105,152,0
efficientnet_b0,2024,Deepfakes,607_683,1,brightening_sev1,brightening,1,0.9076882403736052,0.9210526315789473,0.9210526315789473,0.07286376093724997,0.025519601989498687,0.07286376093724997,0.11356358861010393,0.03247926985522904,0.006669022806010399,0.03247926985522904,0.06640268533090103,0.11333262702269759,0.008771929824561403,16.44729026995207,0.09225375839231308,0.09225375839231308,0.25934002418050606,0.3478801329599759,0.9835072982097589,0.8222271587377262,0.7912593170824251,0.8222271587377262,0.8572852722565775,1.0,114,0
efficientnet_b0,2024,Deepfakes,607_683,1,brightening_sev2,brightening,2,0.8964675088462076,0.9035087719298246,0.9035087719298246,0.05790026940958345,0.012956655274126374,0.05790026940958345,0.09725978992234804,0.02556660242417407,0.003476888726511899,0.02556660242417407,0.05607622315420498,0.09647410121461092,0.017543859649122806,16.400069245120935,0.09423261261626817,0.09423261261626817,0.30741354966410556,0.43247009137810793,0.9566442211110735,0.7218709923075031,0.6921645737542954,0.7218709923075031,0.7543377939224222,0.9649122807017544,114,0
efficientnet_b0,2024,Deepfakes,607_683,1,brightening_sev3,brightening,3,0.9000359715469051,0.9122807017543859,0.9122807017543859,0.05735283123211745,0.009641511434804104,0.05735283123211745,0.11240832976996772,0.02599148963631097,0.0025425733741039304,0.02599148963631097,0.0668586214404126,0.09282850138101127,0.0,16.331875801086426,0.07995410698155563,0.07995410698155563,0.2954579729550077,0.39807460154406726,0.8718953476916266,0.5379614705022896,0.5299908003026723,0.5379614705022896,0.607969961845818,0.956140350877193,114,0
efficientnet_b0,2024,Deepfakes,607_683,1,clean,clean,0,0.9014693975383252,0.9210526315789473,0.9210526315789473,0.06396810728340019,0.019504554512141777,0.06396810728340019,0.11783110372931584,0.027928862310913034,0.005052264212615562,0.027928862310913034,0.06821517017241918,0.10737987516723015,0.017543859649122806,16.38018604747036,0.08254339519210094,0.08254339519210094,0.24461298400440185,0.3688981613440933,,,,,,,114,0
efficientnet_b0,2024,Deepfakes,607_683,1,darkening_sev1,darkening,1,0.8851450362830962,0.8596491228070176,0.8596491228070176,0.07519772494502676,0.02401603762022577,0.07519772494502676,0.13387511454719533,0.03317719692256448,0.006218225014052841,0.03317719692256448,0.07845528434480381,0.11841812257298946,0.02631578947368421,16.33718421166403,0.07756738952491758,0.07756738952491758,0.20902310672375418,0.3348500362692886,0.9796022105321048,0.8208313862952441,0.7927307326478075,0.8208313862952441,0.8396563813339006,0.9385964912280702,114,0
efficientnet_b0,2024,Deepfakes,607_683,1,darkening_sev2,darkening,2,0.8739141533314659,0.8771929824561403,0.8771929824561403,0.10133580127400232,0.05996765877428311,0.10133580127400232,0.154489581815727,0.04546725526557846,0.016063395370435992,0.04546725526557846,0.09209821073205887,0.14413224446865025,0.043859649122807015,16.34244884524429,0.08615895252053934,0.08615895252053934,0.17777615148786519,0.24129618688848015,0.9303243187807119,0.6810760774465746,0.5892117630154058,0.6810760774465746,0.723845485557611,0.9385964912280702,114,0
efficientnet_b0,2024,Deepfakes,607_683,1,darkening_sev3,darkening,3,0.8196226529360405,0.7982456140350878,0.7982456140350878,0.15273973008018918,0.14797036761234503,0.15273973008018918,0.1757581085076936,0.0732823850076859,0.04129401315971414,0.0732823850076859,0.11157298916866559,0.17356164233036817,0.15789473684210525,16.238236778660823,0.04039843597759803,0.04039843597759803,0.15532838880378555,0.21484702509284637,0.733045367669172,0.43080891486252665,0.28313044168407303,0.43080891486252665,0.5236815456779167,0.8771929824561403,114,0
efficientnet_b0,2024,Deepfakes,607_683,1,jpeg_sev1,jpeg,1,0.9364477459406644,0.9473684210526315,0.9473684210526315,0.06798487036896206,0.02452734834330439,0.06798487036896206,0.11714701629025596,0.029738950572005755,0.006531607878790448,0.029738950572005755,0.06746157236959699,0.11151372317789472,0.017543859649122806,16.427761646739224,0.08441433417937604,0.08441433417937604,0.2423383712302893,0.3808801259473783,0.9877187948080374,0.8607124023809297,0.8393350905430192,0.8607124023809297,0.8772054686555498,0.9736842105263158,114,0
efficientnet_b0,2024,Deepfakes,607_683,1,jpeg_sev2,jpeg,2,0.9752246499584433,0.9824561403508771,0.9824561403508771,0.08997069081562263,0.02711163667310378,0.08997069081562263,0.15414115571680953,0.03966448052881178,0.007233287387308661,0.03966448052881178,0.09059218091480109,0.1477923339502153,0.017543859649122806,16.574599977125203,0.08394505304137342,0.08394505304137342,0.24309921187446695,0.3155161579458141,0.95218990851169,0.7324866168668769,0.7313488815860468,0.7324866168668769,0.7529251459772817,0.9385964912280702,114,0
efficientnet_b0,2024,Deepfakes,607_683,1,jpeg_sev3,jpeg,3,0.9576484618479746,0.9912280701754386,0.9912280701754386,0.1729021448620969,0.10838634521770099,0.1729021448620969,0.22395708971138698,0.0809116563865923,0.02956791106046617,0.0809116563865923,0.13886152625879092,0.20743804585601844,0.06140350877192982,16.620673965989496,0.027583635101715732,0.027583635101715732,0.37219305092207433,0.6254515801025391,0.8148739942064414,0.4992732738585791,0.46577715654332613,0.4992732738585791,0.5304937862487628,0.9122807017543859,114,0
efficientnet_b0,2024,Deepfakes,607_683,1,resize_sev1,resize,1,0.9099284461781121,0.9210526315789473,0.9210526315789473,0.06465494797604486,0.02163304476709377,0.06465494797604486,0.11870431072143345,0.028370212758028496,0.0057457606926424,0.028370212758028496,0.0689082449738871,0.10928047560396033,0.02631578947368421,16.392565886179607,0.08195916637206417,0.08195916637206417,0.24621306063215195,0.3580548384287109,0.9963003866342266,0.9200150503020501,0.9118617262381558,0.9200150503020501,0.925821497231558,1.0,114,0
efficientnet_b0,2024,Deepfakes,607_683,1,resize_sev2,resize,2,0.9138137357995698,0.9298245614035088,0.9298245614035088,0.0638047951844997,0.020218396650011822,0.0638047951844997,0.11487235781478375,0.027967522218428898,0.0052650561490900725,0.027967522218428898,0.06651980916339847,0.1054389931785544,0.008771929824561403,16.388294897581403,0.07881851535159767,0.07881851535159767,0.22954043700858098,0.3459972645525755,0.9954942423781475,0.9131761213577954,0.8941560436904638,0.9131761213577954,0.9182362437355269,0.9912280701754386,114,0
efficientnet_b0,2024,Deepfakes,607_683,1,resize_sev3,resize,3,0.9399373716952508,0.9473684210526315,0.9473684210526315,0.07759080416389472,0.02046750263166479,0.07759080416389472,0.13153419290003962,0.03402129752571255,0.005287638993954127,0.03402129752571255,0.07679845424749333,0.12271319885924414,0.008771929824561403,16.4399351237113,0.061910609780042834,0.061910609780042834,0.20666690096626741,0.31947470925392973,0.9858305436976764,0.8460238364344318,0.8336646598613975,0.8460238364344318,0.8693913982919537,0.9736842105263158,114,0
efficientnet_b0,2024,Deepfakes,671_677,1,brightening_sev1,brightening,1,0.9999999916830729,1.0,1.0,0.3182654792639417,0.39900108523354744,0.3182654792639417,0.27778239392694903,0.17076026675929606,0.12356211638137887,0.17076026675929606,0.19166963761909994,0.2818063653132882,0.5,16.829253551571867,-8.316927177961482e-09,-8.316927177961482e-09,0.24946883771308634,0.16979303055031353,0.9553899717235247,0.7173081588092731,0.6956633410416454,0.7173081588092731,0.7555989597932503,1.0,86,0
efficientnet_b0,2024,Deepfakes,671_677,1,brightening_sev2,brightening,2,0.9999981633452482,1.0,1.0,0.20388278134156979,0.22723330026829058,0.20388278134156979,0.19741337540671292,0.10762481441623005,0.06928572612318934,0.10762481441623005,0.13357100296169175,0.21532006979819152,0.3488372093023256,16.807933629945268,0.0008360986099686708,0.0008360986099686708,0.3267607455856578,0.28213635017705513,0.8391778747917761,0.47807140468551773,0.39131893271286705,0.47807140468551773,0.5538772973749948,1.0,86,0
efficientnet_b0,2024,Deepfakes,671_677,1,brightening_sev3,brightening,3,0.986347385140699,0.9883720930232558,0.9883720930232558,0.18955979845635568,0.19903309232257374,0.18955979845635568,0.19234670886603356,0.09921783069932012,0.0598343750527558,0.09921783069932012,0.12928630014686165,0.20672411947068636,0.27906976744186046,16.70677653024363,0.03535777349214524,0.03535777349214524,0.7343908876551554,0.718918398727912,0.7058558739463253,0.3190661198124163,0.21615738765824385,0.3190661198124163,0.42810645379275497,0.9883720930232558,86,0
efficientnet_b0,2024,Deepfakes,671_677,1,clean,clean,0,1.0,1.0,1.0,0.3532114403508422,0.43446305720126016,0.3532114403508422,0.30410157735220567,0.1923474074772435,0.13498334800382564,0.1923474074772435,0.21292587267807328,0.31090897797239675,0.5348837209302325,16.64717850574227,0.0,0.0,0.14997894992662028,0.1497116449267365,,,,,,,86,0
efficientnet_b0,2024,Deepfakes,671_677,1,darkening_sev1,darkening,1,1.0,1.0,1.0,0.37702619774988005,0.4568572221403503,0.37702619774988005,0.3241901484050708,0.20691945262229805,0.14207052415748833,0.20691945262229805,0.22976367261296848,0.3322455731723325,0.5465116279069767,16.608061801555547,0.0,0.0,0.15096703518268673,0.15799068746178646,0.979141868053657,0.79794077393677,0.7836729724602023,0.79794077393677,0.8146886683569698,1.0,86,0
efficientnet_b0,2024,Deepfakes,671_677,1,darkening_sev2,darkening,2,1.0,1.0,1.0,0.3876472163845505,0.48866750520430124,0.3876472163845505,0.3268323824724387,0.21151336778979024,0.15225361594583725,0.21151336778979024,0.2305408087846195,0.3366838415904132,0.5465116279069767,16.66958389725796,0.0,0.0,0.3783565572527952,0.35229836083775345,0.8981111714500374,0.5868387169922534,0.537865662553676,0.5868387169922534,0.6319564829118408,1.0,86,0
efficientnet_b0,2024,Deepfakes,671_677,1,darkening_sev3,darkening,3,0.999998694242433,1.0,1.0,0.3770041788034903,0.45722642947646164,0.3770041788034903,0.31925877120946367,0.20241558190542763,0.1394598345094316,0.20241558190542763,0.22118347444846018,0.34831938734949636,0.5465116279069767,16.428034704785013,-1.2808067854060683e-06,-1.2808067854060683e-06,0.4835965020885301,0.5578545620015194,0.7427376801214162,0.4033817046602242,0.3455040274493024,0.4033817046602242,0.46604523359533295,1.0,86,0
efficientnet_b0,2024,Deepfakes,671_677,1,jpeg_sev1,jpeg,1,1.0,1.0,1.0,0.3144846259841417,0.38704951993024356,0.3144846259841417,0.2759071721963885,0.16835853271494855,0.1187800162936106,0.16835853271494855,0.18970604794315146,0.2805562004862809,0.5116279069767442,16.82517790239911,0.0,0.0,0.1931059265206026,0.15942402409259662,0.9543737611306228,0.7341290609267846,0.697743256902087,0.7341290609267846,0.7442855999646527,1.0,86,0
efficientnet_b0,2024,Deepfakes,671_677,1,jpeg_sev2,jpeg,2,0.9847698365013267,0.9883720930232558,0.9883720930232558,0.21201591840407918,0.22571476004036836,0.21201591840407918,0.2044411971394929,0.11121402728820667,0.06840284277213757,0.11121402728820667,0.1375504078455256,0.20726363869296974,0.2441860465116279,16.702018460562062,0.06692064666124277,0.06692064666124277,0.5491712036228544,0.6098604804394918,0.7744208113120679,0.4116342849941613,0.318797435105613,0.4116342849941613,0.498436422973721,0.9883720930232558,86,0
efficientnet_b0,2024,Deepfakes,671_677,1,jpeg_sev3,jpeg,3,0.9399183428911275,0.9767441860465116,0.9767441860465116,0.1815400495839208,0.19001734382333882,0.1815400495839208,0.18306305742896448,0.08918314726284245,0.05438699870154037,0.08918314726284245,0.11640579979344563,0.1846070585047289,0.11627906976744186,16.56418274724206,0.015497363221203554,0.015497363221203554,0.8534820679887225,0.9121575585137434,0.4962506402291825,0.16695627201043786,0.07410372484868002,0.16695627201043786,0.28826621964013915,0.9767441860465116,86,0
efficientnet_b0,2024,Deepfakes,671_677,1,resize_sev1,resize,1,1.0,1.0,1.0,0.3588447060451083,0.4451416501982073,0.3588447060451083,0.30906806000876724,0.1949881094051263,0.1381047689249313,0.1949881094051263,0.21659151700995696,0.3144853915498533,0.5348837209302325,16.678608306618624,0.0,0.0,0.13541720105811605,0.12406181214853773,0.9906988743792994,0.8571488894812759,0.8475545485066921,0.8571488894812759,0.8754702373052944,1.0,86,0
efficientnet_b0,2024,Deepfakes,671_677,1,resize_sev2,resize,2,1.0,1.0,1.0,0.3584614786905313,0.4392994581626275,0.3584614786905313,0.30982178097134716,0.1952861227050649,0.13616551082024475,0.1952861227050649,0.21773993804723335,0.31343437471890845,0.5348837209302325,16.701001333635908,0.0,0.0,0.11655057550862775,0.09173337006291676,0.9818625991539572,0.8216732664293238,0.8077221808110523,0.8216732664293238,0.8331865202045539,1.0,86,0
efficientnet_b0,2024,Deepfakes,671_677,1,resize_sev3,resize,3,1.0,1.0,1.0,0.3484454202209266,0.44120582302678996,0.3484454202209266,0.29891799180873113,0.18734491365639694,0.1365598536107755,0.18734491365639694,0.20703295160601462,0.3065410046384427,0.5465116279069767,16.747658807177878,0.0,0.0,0.11040902657564294,0.09500759354857509,0.9416449931434229,0.6960354384047015,0.6631426090465162,0.6960354384047015,0.7135487413211264,1.0,86,0
efficientnet_b0,2024,Deepfakes,677_671,1,brightening_sev1,brightening,1,1.0,1.0,1.0,0.17708025533084085,0.2096192623031187,0.17708025533084085,0.15501091350497737,0.10837327155137275,0.07562087435130256,0.10837327155137275,0.11752158190513605,0.13612444177548674,0.24050632911392406,16.88823139818409,6.035913394976266e-09,6.035913394976266e-09,0.00800540100170085,0.0027178880534594464,0.9541431772089527,0.6352575328886979,0.6057349878257491,0.6352575328886979,0.6804081722408115,1.0,79,0
efficientnet_b0,2024,Deepfakes,677_671,1,brightening_sev2,brightening,2,0.9999999834012382,1.0,1.0,0.1253251156264416,0.13829487492656142,0.1253251156264416,0.11900743394592889,0.07145288285826681,0.047818444405617985,0.07145288285826681,0.08462171131275259,0.11193440875374067,0.17721518987341772,16.83293823049038,3.4403951862188844e-05,3.4403951862188844e-05,0.031786166414429835,0.02341974083381361,0.8820522473659979,0.44669799182030956,0.3689912937628369,0.44669799182030956,0.5366009108315474,1.0,79,0
efficientnet_b0,2024,Deepfakes,677_671,1,brightening_sev3,brightening,3,0.9999865716016745,1.0,1.0,0.09460040740511913,0.08799281741572323,0.09460040740511913,0.10071139577585858,0.05076870067873297,0.028596677019425434,0.05076870067873297,0.06904344512784973,0.09502037850071558,0.0379746835443038,16.74512129192111,2.8180925151968985e-05,2.8180925151968985e-05,0.10533982741681831,0.12971890764900398,0.7398045608477795,0.2626199611640922,0.16014689696635773,0.2626199611640922,0.3888217812785556,1.0,79,0
efficientnet_b0,2024,Deepfakes,677_671,1,clean,clean,0,1.0,1.0,1.0,0.1972227394351082,0.23320955604198026,0.1972227394351082,0.16473579624437523,0.12473998102611368,0.08534720429038394,0.12473998102611368,0.12730471633769808,0.1464562970035927,0.26582278481012656,16.78403016585338,0.0,0.0,0.000415222554267202,1.5259543551673337e-05,,,,,,,79,0
efficientnet_b0,2024,Deepfakes,677_671,1,darkening_sev1,darkening,1,1.0,1.0,1.0,0.19862648653839385,0.23476997796146945,0.19862648653839385,0.1650577671173663,0.1258554280637755,0.08599469618149375,0.1258554280637755,0.12910142537364722,0.15570622732875333,0.24050632911392406,16.666978896418705,0.0,0.0,0.0003713218471671923,1.7093706734571785e-05,0.9786110851757535,0.7815138229725301,0.7673693431648798,0.7815138229725301,0.7929753381218951,1.0,79,0
efficientnet_b0,2024,Deepfakes,677_671,1,darkening_sev2,darkening,2,1.0,1.0,1.0,0.22038927143172907,0.25141279184490495,0.22038927143172907,0.18647316865943428,0.14307508202844854,0.0928615169104023,0.14307508202844854,0.1509881375033091,0.16961594033361926,0.27848101265822783,16.67833615556548,0.0,0.0,0.004046102867850756,0.0024217593518993425,0.9398647841917321,0.626652561896107,0.6209829063297503,0.626652561896107,0.6587998599389154,1.0,79,0
efficientnet_b0,2024,Deepfakes,677_671,1,darkening_sev3,darkening,3,0.999999995473065,1.0,1.0,0.24041631585217646,0.2800410563510352,0.24041631585217646,0.20167421289204973,0.16034724132933612,0.10608262883945653,0.16034724132933612,0.16639878652315457,0.19368520874311418,0.2911392405063291,16.47269347951382,-4.5269350462321995e-09,-4.5269350462321995e-09,0.08792153415800645,0.14981746202028248,0.8334417116652759,0.4454233627541916,0.40650156641916074,0.4454233627541916,0.4922391979634761,1.0,79,0
efficientnet_b0,2024,Deepfakes,677_671,1,jpeg_sev1,jpeg,1,1.0,1.0,1.0,0.198375289402739,0.23864640580695998,0.198375289402739,0.16685780162178918,0.1267510941843925,0.08840195879962867,0.1267510941843925,0.13075408420599674,0.14406250628452805,0.26582278481012656,16.85306619088861,0.0,0.0,0.0016415956654125962,0.00027424474305743864,0.9804363522640714,0.7459638723160312,0.7615593554519859,0.7459638723160312,0.7787835836438948,1.0,79,0
efficientnet_b0,2024,Deepfakes,677_671,1,jpeg_sev2,jpeg,2,0.9999236547494237,1.0,1.0,0.15924985110412476,0.17415508953656272,0.15924985110412476,0.1480988707306619,0.09777060586914871,0.06343479834203708,0.09777060586914871,0.1130513404936511,0.13949029952678835,0.17721518987341772,16.62640997729724,0.000714019884037066,0.000714019884037066,0.16040424153774596,0.21696018418179278,0.8070150366841793,0.36589533477848224,0.2965529273852843,0.36589533477848224,0.464341389909803,1.0,79,0
efficientnet_b0,2024,Deepfakes,677_671,1,jpeg_sev3,jpeg,3,0.7692434914127181,0.8734177215189873,0.8734177215189873,0.038965630445289494,0.03372739483492437,0.038965630445289494,0.04705240062166453,0.0195641083839833,0.010482226498794184,0.0195641083839833,0.02978095422268607,0.03847337777804323,0.02531645569620253,15.411913811406002,0.3487980403241855,0.3487980403241855,0.5588904627727026,0.663812920402535,0.32253272411940004,0.1113269161083628,0.04948164185384536,0.1113269161083628,0.1922685626845215,0.8734177215189873,79,0
efficientnet_b0,2024,Deepfakes,677_671,1,resize_sev1,resize,1,1.0,1.0,1.0,0.20139285048312291,0.23777214184927656,0.20139285048312291,0.1692758422535368,0.12915096142442428,0.088155625600863,0.12915096142442428,0.1324988035563626,0.14857255820177992,0.27848101265822783,16.791835422757305,0.0,0.0,0.0005268695988232511,2.1116643012321796e-05,0.9926435728490974,0.8411014017233216,0.8382264699237034,0.8411014017233216,0.8661735324040234,1.0,79,0
efficientnet_b0,2024,Deepfakes,677_671,1,resize_sev2,resize,2,1.0,1.0,1.0,0.2059562353645572,0.24119794308580292,0.2059562353645572,0.17313970373310272,0.13403153286486674,0.08994169732006795,0.13403153286486674,0.1372003494456786,0.1491358008778062,0.2911392405063291,16.830897512315193,0.0,0.0,0.0004810638065579474,4.0100345128698494e-05,0.9836288380601861,0.7735294268133548,0.772646411407522,0.7735294268133548,0.8031482305166224,1.0,79,0
efficientnet_b0,2024,Deepfakes,677_671,1,resize_sev3,resize,3,1.0,1.0,1.0,0.21268964766144505,0.24625181997901918,0.21268964766144505,0.1840102103298559,0.14154185797107732,0.09246384881657604,0.14154185797107732,0.1502162101209167,0.15207211986336824,0.26582278481012656,16.834044927283177,0.0,0.0,0.005139747752418972,0.002680913556980172,0.9459149388802414,0.6131875074847469,0.6034267444061004,0.6131875074847469,0.65678369331999,1.0,79,0
efficientnet_b0,2024,Deepfakes,683_607,1,brightening_sev1,brightening,1,0.999999756875791,1.0,1.0,0.2859569624493606,0.3341782901440811,0.2859569624493606,0.27688737108142664,0.16866784364518278,0.11536920273272928,0.16866784364518278,0.21704894027635108,0.2778501510109638,0.4473684210526316,16.276462780801875,-2.431242089522512e-07,-2.431242089522512e-07,0.44532643199751254,0.1422646986810784,0.9572719231339076,0.729682341245806,0.6342979534360119,0.729682341245806,0.7771948015463375,1.0,76,0
efficientnet_b0,2024,Deepfakes,683_607,1,brightening_sev2,brightening,2,0.9997135879177796,1.0,1.0,0.23168290621859633,0.21179927504692309,0.23168290621859633,0.22888351060716283,0.12868071379490534,0.06752433715195802,0.12868071379490534,0.16743062785485807,0.21506057194360437,0.18421052631578946,16.154160825829756,-0.00014172886547289402,-0.00014172886547289402,0.3722542786088429,0.29108891861611286,0.8904914358894073,0.620101896614557,0.527459733522727,0.620101896614557,0.6436284935012436,1.0,76,0
efficientnet_b0,2024,Deepfakes,683_607,1,brightening_sev3,brightening,3,0.954066561240899,0.9868421052631579,0.9868421052631579,0.18380473087451454,0.1569378990485297,0.18380473087451454,0.18645855346927506,0.10216743455844042,0.05634125116463594,0.10216743455844042,0.12386368484730303,0.16393997496407184,0.09210526315789473,15.33658934894361,-0.01937645948246902,-0.01937645948246902,0.6667873888815704,0.6688782688916514,0.6529206566788287,0.45459231028889296,0.3324470682503485,0.45459231028889296,0.48208548930560946,0.9868421052631579,76,0
efficientnet_b0,2024,Deepfakes,683_607,1,clean,clean,0,1.0,1.0,1.0,0.2229438837250003,0.2511431108247398,0.2229438837250003,0.22411753316843291,0.12222140537365955,0.08281850309873678,0.12222140537365955,0.16196657788019672,0.2262842015450739,0.34210526315789475,16.372013995521947,0.0,0.0,0.2745713638631921,0.060247322446421524,,,,,,,76,0
efficientnet_b0,2024,Deepfakes,683_607,1,darkening_sev1,darkening,1,1.0,1.0,1.0,0.24805277424310468,0.28753894964897614,0.24805277424310468,0.24141460699678438,0.1404292934383153,0.0969645869970225,0.1404292934383153,0.17918957836483948,0.24979273963665358,0.3815789473684211,16.247282517583745,0.0,0.0,0.26042538244081165,0.08938178145571754,0.9855732106797442,0.8550463917173563,0.7668457361517123,0.8550463917173563,0.8874253853696404,1.0,76,0
efficientnet_b0,2024,Deepfakes,683_607,1,darkening_sev2,darkening,2,1.0,1.0,1.0,0.284658950292223,0.3319014187970879,0.284658950292223,0.26726484205427553,0.16903762544276202,0.11484073689617545,0.16903762544276202,0.20696395823475439,0.28553731652937947,0.42105263157894735,16.06709532988699,0.0,0.0,0.3214908635341807,0.15000941055385686,0.9450202070921098,0.7213525021422835,0.6147899225220056,0.7213525021422835,0.7851424516826944,1.0,76,0
efficientnet_b0,2024,Deepfakes,683_607,1,darkening_sev3,darkening,3,0.999951350061517,1.0,1.0,0.31673450840270323,0.38285479451676163,0.31673450840270323,0.28224189657014376,0.19569104599170933,0.1363101600270469,0.19569104599170933,0.2248189012459889,0.3223592811010433,0.4605263157894737,15.857779653448807,0.0001014839661748774,0.0001014839661748774,0.7039963710183081,0.7605630584600332,0.8587234857983383,0.5817513850451809,0.46489520643045273,0.5817513850451809,0.6514949078929039,1.0,76,0
efficientnet_b0,2024,Deepfakes,683_607,1,jpeg_sev1,jpeg,1,1.0,1.0,1.0,0.21971105814694852,0.24348121044818086,0.21971105814694852,0.2208561046255898,0.12017662156014387,0.07978356715950437,0.12017662156014387,0.1591740135639382,0.22271718732765725,0.32894736842105265,16.387485654730547,0.0,0.0,0.221106373361851,0.035598624693719924,0.9946266421281195,0.9107859769479071,0.8115630086652584,0.9107859769479071,0.9257326412295072,1.0,76,0
efficientnet_b0,2024,Deepfakes,683_607,1,jpeg_sev2,jpeg,2,1.0,1.0,1.0,0.23056290946076474,0.24502628223244574,0.23056290946076474,0.2365511199574929,0.12828560976001696,0.08089131417841537,0.12828560976001696,0.17496587292021096,0.2293159833880921,0.32894736842105265,16.443825445677106,0.0,0.0,0.21005687294037717,0.03828255518486621,0.9820278802925614,0.8263388354806624,0.6726898457771098,0.8263388354806624,0.8720647386266426,1.0,76,0
efficientnet_b0,2024,Deepfakes,683_607,1,jpeg_sev3,jpeg,3,0.9925870511092638,1.0,1.0,0.2027448548166336,0.24397100056122725,0.2027448548166336,0.19868971891468712,0.10933193521985861,0.07950769409538143,0.10933193521985861,0.13933585266405676,0.19949320116399633,0.25,16.615343420129072,0.003755268297697393,0.003755268297697393,0.5672310879392746,0.6302428257063424,0.6626275566083755,0.36911788139789603,0.17318773620809455,0.36911788139789603,0.43952213863580986,1.0,76,0
efficientnet_b0,2024,Deepfakes,683_607,1,resize_sev1,resize,1,1.0,1.0,1.0,0.2251249429744815,0.252560571909407,0.2251249429744815,0.2253286227338752,0.12371781618408258,0.0831897586766108,0.12371781618408258,0.16310969220968655,0.22759742984809703,0.35526315789473684,16.363330928902876,0.0,0.0,0.2624939911459621,0.04626124940420447,0.9982249520504498,0.9433459098164582,0.8926148154946111,0.9433459098164582,0.9541574785553264,1.0,76,0
efficientnet_b0,2024,Deepfakes,683_607,1,resize_sev2,resize,2,1.0,1.0,1.0,0.22549125107358337,0.25541259508630815,0.22549125107358337,0.2252986501602594,0.12388614645131968,0.08435264054323258,0.12388614645131968,0.16313329450627423,0.2282956916125729,0.34210526315789475,16.363222410804347,0.0,0.0,0.23964728238551236,0.04063585361367773,0.9971073709306664,0.9330698416706193,0.8653937285227219,0.9330698416706193,0.9440067600849753,1.0,76,0
efficientnet_b0,2024,Deepfakes,683_607,1,resize_sev3,resize,3,1.0,1.0,1.0,0.2222874362464636,0.24484406230115968,0.2222874362464636,0.22392499980030103,0.12188782481285101,0.08044436991070962,0.12188782481285101,0.16202592881201405,0.22561843816046867,0.32894736842105265,16.358409116142674,0.0,0.0,0.1809750336565469,0.02853965288714354,0.992146860757668,0.8906342503681195,0.7979618597110784,0.8906342503681195,0.9089938505654437,1.0,76,0
efficientnet_b0,2024,Deepfakes,876_891,1,brightening_sev1,brightening,1,0.2634485623411704,0.24050632911392406,0.24050632911392406,0.04892562647284262,0.054367754954039324,0.04892562647284262,0.04602399806431427,0.029551000551528976,0.01935935744242653,0.029551000551528976,0.031422962171163187,0.056173881702601194,0.06329113924050633,12.638691141635556,0.13109625356870147,0.13109625356870147,0.2122072779483218,0.18353428277236783,0.7912881911635656,0.61377426335697,0.5202189496330616,0.61377426335697,0.6465158633200697,0.810126582278481,79,0
efficientnet_b0,2024,Deepfakes,876_891,1,brightening_sev2,brightening,2,0.14854673115566774,0.13924050632911392,0.13924050632911392,0.029282899782885043,0.03140016548916121,0.029282899782885043,0.026736782461262952,0.017578272233615185,0.010727208016351722,0.017578272233615185,0.01932904203312278,0.030384183870696697,0.0379746835443038,12.592432215243955,0.09068931175460404,0.09068931175460404,0.12920587810253023,0.10935164095340791,0.6356860948248738,0.4744139898058723,0.39242383742714804,0.4744139898058723,0.4998604265147593,0.7088607594936709,79,0
efficientnet_b0,2024,Deepfakes,876_891,1,brightening_sev3,brightening,3,0.20470691150381473,0.17721518987341772,0.17721518987341772,0.027284627612178373,0.028648348717516883,0.027284627612178373,0.027284627612178373,0.011595669125309172,0.00962538312457682,0.011595669125309172,0.011595669125309172,0.029532192614683574,0.02531645569620253,12.427146947836574,0.12040791626400907,0.12040791626400907,0.18639799426369005,0.16639311380359809,0.6505442412358322,0.4779961697961823,0.39844438548269934,0.4779961697961823,0.5028921575901393,0.7468354430379747,79,0
efficientnet_b0,2024,Deepfakes,876_891,1,clean,clean,0,0.4589804027353331,0.43037974683544306,0.43037974683544306,0.07582247518759007,0.08459159881397248,0.07582247518759007,0.07246690620085346,0.046996788568365803,0.03080931073735613,0.046996788568365803,0.050344460156778445,0.08537845020383612,0.10126582278481013,13.037399291992188,0.1351013357762906,0.1351013357762906,0.33520659369601674,0.2513097518901817,,,,,,,79,0
efficientnet_b0,2024,Deepfakes,876_891,1,darkening_sev1,darkening,1,0.5952514066549514,0.6075949367088608,0.6075949367088608,0.09465215346805005,0.09957366581696106,0.09465215346805005,0.09028008818278542,0.05748233462904714,0.03592775734518564,0.05748233462904714,0.06371743305106269,0.09653762252106633,0.11392405063291139,13.13520723656763,0.07767892996482167,0.07767892996482167,0.4149973095672631,0.33731678627723166,0.8527785928888281,0.6672595370650758,0.5933447016751523,0.6672595370650758,0.7013320618922121,0.8227848101265823,79,0
efficientnet_b0,2024,Deepfakes,876_891,1,darkening_sev2,darkening,2,0.7148316032076373,0.7341772151898734,0.7341772151898734,0.11374413783977948,0.1168121054586917,0.11374413783977948,0.10892635806936987,0.06735069799805439,0.040871419073096237,0.06735069799805439,0.0746063935630202,0.1111231658627168,0.13924050632911392,13.048481748073916,0.12542896893183417,0.12542896893183417,0.5915195792699303,0.5151562771849818,0.6070220874001913,0.46680330078189114,0.3871853964390233,0.46680330078189114,0.5039578291388292,0.6962025316455697,79,0
efficientnet_b0,2024,Deepfakes,876_891,1,darkening_sev3,darkening,3,0.5751209493985847,0.5822784810126582,0.5822784810126582,0.0957494635171578,0.09497770185663626,0.0957494635171578,0.09346764631647274,0.05146896888389646,0.03338965827829481,0.05146896888389646,0.054348599811621566,0.0948012391749872,0.08860759493670886,10.023655010175101,0.3024999906391471,0.3024999906391471,0.4519475315512553,0.4356481714698757,0.41055526950722315,0.31467994578637326,0.25420497860453706,0.31467994578637326,0.33176096488289536,0.7215189873417721,79,0
efficientnet_b0,2024,Deepfakes,876_891,1,jpeg_sev1,jpeg,1,0.0638770681761274,0.05063291139240506,0.05063291139240506,0.0464487965323724,0.05428921389101634,0.0464487965323724,0.04334417953925803,0.027375663773176392,0.01943199929341755,0.027375663773176392,0.027636582776289467,0.05410874521638831,0.06329113924050633,11.806239128112793,0.018744878272559804,0.018744878272559804,0.0566360639767347,0.0550839765724121,0.44571309687221494,0.3680617520355835,0.32384503847382584,0.3680617520355835,0.3749423994369018,0.620253164556962,79,0
efficientnet_b0,2024,Deepfakes,876_891,1,jpeg_sev2,jpeg,2,0.00681187240403831,0.0,0.0,4.526569345425696e-05,0.0,4.526569345425696e-05,4.526569345425696e-05,1.5457059736015188e-05,0.0,1.5457059736015188e-05,1.5457059736015188e-05,4.281123064399794e-08,0.0,11.798523263086247,0.004213578180317276,0.004213578180317276,0.00379599572559316,0.0038600087518488313,0.3235706813299458,0.30011976211839236,0.25135236698178004,0.30011976211839236,0.3119206830495897,0.569620253164557,79,0
efficientnet_b0,2024,Deepfakes,876_891,1,jpeg_sev3,jpeg,3,8.048385206008772e-06,0.0,0.0,5.819874872690126e-05,5.819874872690126e-05,5.819874872690126e-05,5.819874872690126e-05,1.4947720348082278e-05,1.4947720348082278e-05,1.4947720348082278e-05,1.4947720348082278e-05,6.818160493739039e-08,0.0,11.513217262074917,5.024603178964679e-07,5.024603178964679e-07,3.906166294105442e-06,4.592705158071043e-06,0.24543360245361415,0.20047273297854015,0.16960916144377425,0.20047273297854015,0.21148292449207634,0.569620253164557,79,0
efficientnet_b0,2024,Deepfakes,876_891,1,resize_sev1,resize,1,0.5968887333675653,0.6075949367088608,0.6075949367088608,0.08487007814173052,0.08640207108296431,0.08487007814173052,0.08948068448224096,0.050225570421532584,0.030600624409107123,0.050225570421532584,0.05927066909879633,0.08497057092290951,0.08860759493670886,13.261201315288302,0.09902435099649687,0.09902435099649687,0.4809084028017159,0.3774890714727307,0.7758108469859146,0.5982828992601017,0.5355449486999665,0.5982828992601017,0.6247861860877063,0.7974683544303798,79,0
efficientnet_b0,2024,Deepfakes,876_891,1,resize_sev2,resize,2,0.5770420238362401,0.5822784810126582,0.5822784810126582,0.08829050854320421,0.08371430904105684,0.08829050854320421,0.09067817586706135,0.05030528491097939,0.02846007602989161,0.05030528491097939,0.06005432674999147,0.08512493892137651,0.10126582278481013,13.356775138951555,0.0013872519643134448,0.0013872519643134448,0.464252681811144,0.3672207538824802,0.6150616861948502,0.48389218832048886,0.4068523924808575,0.48389218832048886,0.517148540844347,0.7721518987341772,79,0
efficientnet_b0,2024,Deepfakes,876_891,1,resize_sev3,resize,3,0.24065998653053078,0.1518987341772152,0.1518987341772152,0.026740876427271916,0.02311173128597982,0.026740876427271916,0.026740876427271916,0.011072839991648969,0.007620745925214775,0.011072839991648969,0.011072839991648969,0.01817806453355085,0.012658227848101266,9.950093885011311,0.0294019518027014,0.0294019518027014,0.15195457172735527,0.14867438425919108,0.2569867174031771,0.2088981590158913,0.17454295113211182,0.2088981590158913,0.21597096257949844,0.6962025316455697,79,0
efficientnet_b0,2024,Deepfakes,891_876,1,brightening_sev1,brightening,1,0.9927880474039026,1.0,1.0,0.19982907277121126,0.24922769198722025,0.19982907277121126,0.1637386749628217,0.14013109209835442,0.10461444451311105,0.14013109209835442,0.13677776943057013,0.17325022653675037,0.2972972972972973,15.479056268124967,0.025243807609218204,0.025243807609218204,0.2870725969708449,0.27622691441226643,0.9543468334994011,0.7088924770496097,0.72891285710991,0.7088924770496097,0.7098737896568627,1.0,74,0
efficientnet_b0,2024,Deepfakes,891_876,1,brightening_sev2,brightening,2,0.9931334079922857,1.0,1.0,0.19051075120378314,0.2316865317726913,0.19051075120378314,0.1567531084992044,0.1308805019612916,0.0953454976306899,0.1308805019612916,0.12926981147360472,0.16252647312128188,0.25675675675675674,15.465583234219938,0.04558674049739902,0.04558674049739902,0.3599409756055605,0.3795281825461299,0.8977005063953977,0.5851357013669051,0.5986914399479413,0.5851357013669051,0.5909524735454793,1.0,74,0
efficientnet_b0,2024,Deepfakes,891_876,1,brightening_sev3,brightening,3,0.9970861093418019,1.0,1.0,0.16398401355961192,0.20061844932962206,0.16398401355961192,0.14118658635430528,0.10949807843035574,0.08100110512294417,0.10949807843035574,0.11391040348546001,0.1312671276623127,0.25675675675675674,15.78287529300999,0.07916300920014446,0.07916300920014446,0.33748848955272825,0.4092455717005037,0.8404331362857924,0.4804995135889388,0.4472217575018714,0.4804995135889388,0.5128498758616292,1.0,74,0
efficientnet_b0,2024,Deepfakes,891_876,1,clean,clean,0,0.9888914114720112,1.0,1.0,0.19783406073058418,0.24776137677784743,0.19783406073058418,0.16100405808951318,0.13749447676242077,0.1039489768148935,0.13749447676242077,0.1338591935456889,0.16819620147887118,0.28378378378378377,15.544759260641563,0.024266982904157127,0.024266982904157127,0.22305307134583185,0.18509173799759226,,,,,,,74,0
efficientnet_b0,2024,Deepfakes,891_876,1,darkening_sev1,darkening,1,0.9826220000112379,1.0,1.0,0.20604907670172773,0.2507644261920591,0.20604907670172773,0.1696760476513017,0.1465606305455696,0.10582482359864001,0.1465606305455696,0.1428795187846702,0.1891557500527175,0.28378378378378377,15.301233394725903,0.017872007312001413,0.017872007312001413,0.3566111482025401,0.2951569058617728,0.9553829894992798,0.7241733428749189,0.7459082730626448,0.7241733428749189,0.7203766017390467,1.0,74,0
efficientnet_b0,2024,Deepfakes,891_876,1,darkening_sev2,darkening,2,0.92627738104076,0.9459459459459459,0.9459459459459459,0.17510799453886525,0.21275456911741894,0.17510799453886525,0.14533056216618254,0.1237126452064959,0.08808758154492004,0.1237126452064959,0.12186043578591654,0.1800879868788326,0.21621621621621623,14.427818169464937,0.05505721940583475,0.05505721940583475,0.6232421851867961,0.5665382661516905,0.7671916155041874,0.47977990489580613,0.4614250964967168,0.47977990489580613,0.4904490686412425,0.9459459459459459,74,0
efficientnet_b0,2024,Deepfakes,891_876,1,darkening_sev3,darkening,3,0.670683841356328,0.7162162162162162,0.7162162162162162,0.11397537813757073,0.1220370164418914,0.11397537813757073,0.11047591877197468,0.07445502829915189,0.050855913534242236,0.07445502829915189,0.07926902010573307,0.12099491433906115,0.12162162162162163,11.066765463030016,0.03225004187206158,0.03225004187206158,0.5268120993250459,0.4955067430242166,0.5036104838411481,0.31648004466437535,0.29692412142405883,0.31648004466437535,0.3095295127273854,0.7162162162162162,74,0
efficientnet_b0,2024,Deepfakes,891_876,1,jpeg_sev1,jpeg,1,0.857727806511763,0.9324324324324325,0.9324324324324325,0.14692994486159824,0.16536835158765723,0.14692994486159824,0.13231406907390267,0.09660001554749031,0.06762883620605593,0.09660001554749031,0.0964620450871975,0.15466575550620149,0.1891891891891892,13.574450621733794,0.01376905294789658,0.01376905294789658,0.46725422990936283,0.4395257197194607,0.6719331002275073,0.4112624290867305,0.4077447778895698,0.4112624290867305,0.4174897471860982,0.9324324324324325,74,0
efficientnet_b0,2024,Deepfakes,891_876,1,jpeg_sev2,jpeg,2,0.16236686872965747,0.02702702702702703,0.02702702702702703,0.0017982589270843297,0.0007330253869932933,0.0017982589270843297,0.0017982589270843297,0.0007579472812483986,0.00023096636453959053,0.0007579472812483986,0.0007579472812483986,0.0004721053800349047,0.0,8.344753046293516,0.02152853406152789,0.02152853406152789,0.06206616321051603,0.03364049222019838,0.12553742309767796,0.06150594765026781,0.030094770888109683,0.06150594765026781,0.07189402478618719,0.02702702702702703,74,0
efficientnet_b0,2024,Deepfakes,891_876,1,jpeg_sev3,jpeg,3,0.0034201994056495748,0.0,0.0,0.0,0.0,0.0,5.967037597207838e-05,0.0,0.0,0.0,2.8913484364e-05,1.6789512047934356e-07,0.0,10.50502159788802,0.0012687574503615693,0.0012687574503615693,0.0019319701290152805,0.0016295783855775879,0.14216269989831537,0.06126538118195026,0.036969984662601645,0.06126538118195026,0.0752314487904247,0.0,74,0
efficientnet_b0,2024,Deepfakes,891_876,1,resize_sev1,resize,1,0.9913395457976574,0.9864864864864865,0.9864864864864865,0.21215203737616994,0.2680687459442316,0.21215203737616994,0.16998838734162844,0.1516463610704732,0.1143731104408013,0.1516463610704732,0.14434653941849174,0.18163379810487645,0.2972972972972973,15.492312921060098,0.0036424644090033865,0.0036424644090033865,0.23719972684173965,0.21237861918839246,0.9684370124140537,0.7433893989598868,0.7458774622478713,0.7433893989598868,0.7520728618832797,0.9864864864864865,74,0
efficientnet_b0,2024,Deepfakes,891_876,1,resize_sev2,resize,2,0.9944810972020433,1.0,1.0,0.2066210166575863,0.2532139842679767,0.2066210166575863,0.16940225295541547,0.14604828436393513,0.10666034902124653,0.14604828436393513,0.14369733238560642,0.19040336689759652,0.28378378378378377,15.290184149871001,0.012657434956447503,0.012657434956447503,0.33397469868430407,0.3339241057684695,0.922652715740704,0.634965399118882,0.6392179247747976,0.634965399118882,0.6444504480323897,1.0,74,0
efficientnet_b0,2024,Deepfakes,891_876,1,resize_sev3,resize,3,0.7701001945580985,0.7972972972972973,0.7972972972972973,0.12986730916062167,0.1475997646222182,0.12986730916062167,0.11561265722762995,0.0865114426900329,0.059356732612269994,0.0865114426900329,0.09203185980667822,0.1323349928929663,0.12162162162162163,13.50996460785737,-0.0018009277110969451,-0.0018009277110969451,0.5666193568109963,0.557219535933581,0.5815717952133211,0.36064645073494944,0.32331421005312405,0.36064645073494944,0.3651529591161418,0.7972972972972973,74,0
efficientnet_b0,2024,Face2Face,033_097,1,brightening_sev1,brightening,1,0.72829111777246,0.7583333333333333,0.7583333333333333,0.03837198656414176,0.03205597493252515,0.03837198656414176,0.03988786512911719,0.01777866468383849,0.009413651604867268,0.01777866468383849,0.022476520859544706,0.03129102790757686,0.041666666666666664,9.514447156588236,0.48561714035070813,0.48561714035070813,0.5230240227887407,0.4921546082827263,0.6849382798775495,0.4917894696856156,0.506151117045237,0.4917894696856156,0.474763460821335,0.8083333333333333,120,0
efficientnet_b0,2024,Face2Face,033_097,1,brightening_sev2,brightening,2,0.5637949446759497,0.55,0.55,0.022654444176917463,0.019999633157804637,0.022654444176917463,0.023694016689915783,0.009827024455574469,0.005840035641229751,0.009827024455574469,0.011885254785040692,0.017732873685921764,0.025,9.342662835121155,0.3789204826190447,0.3789204826190447,0.38837761111402264,0.3565570152597502,0.48723577319676903,0.30893133569552356,0.3086571089752844,0.30893133569552356,0.31257229673246295,0.6,120,0
efficientnet_b0,2024,Face2Face,033_097,1,brightening_sev3,brightening,3,0.44843956142819175,0.36666666666666664,0.36666666666666664,0.012305823201941454,0.009872432105770764,0.012305823201941454,0.012502123641176517,0.005346856509200178,0.002889998266946877,0.005346856509200178,0.006204476507192202,0.007608831241203959,0.025,8.992858743667602,0.2857748747803271,0.2857748747803271,0.27559420066342377,0.25906046963063994,0.3464383168303442,0.20429043494918295,0.1946453162319268,0.20429043494918295,0.21323131601467082,0.4166666666666667,120,0
efficientnet_b0,2024,Face2Face,033_097,1,clean,clean,0,0.9290792886167765,0.95,0.95,0.07003094353786468,0.06668510247445243,0.07003094353786468,0.0677821826367218,0.03445492228911158,0.020492935990122703,0.03445492228911158,0.04103499011070227,0.06096734278724757,0.075,11.781898482640583,0.5298315131183092,0.5298315131183092,0.5350432193760449,0.5751805630105082,,,,,,,120,0
efficientnet_b0,2024,Face2Face,033_097,1,darkening_sev1,darkening,1,0.9262665264308453,0.9416666666666667,0.9416666666666667,0.09488638216366585,0.09072981914858845,0.09488638216366585,0.09393423227920779,0.04716895608754152,0.02850435911168991,0.04716895608754152,0.05751557032278826,0.08212326607538153,0.075,11.273193407058717,0.6197566479095258,0.6197566479095258,0.5800857199084324,0.6205575636199986,0.8951525238484563,0.7387589034250654,0.7393327172293286,0.7387589034250654,0.7102769284557635,0.9916666666666667,120,0
efficientnet_b0,2024,Face2Face,033_097,1,darkening_sev2,darkening,2,0.9319641242735088,0.9416666666666667,0.9416666666666667,0.12700939942128295,0.1360892840213502,0.12700939942128295,0.12468915885977928,0.06752782061629413,0.04503990740976174,0.06752782061629413,0.08182031421971021,0.12476291263223042,0.15,11.026831126213073,0.6618917667646504,0.6618917667646504,0.5771931661972,0.6524774317770304,0.8100413144877603,0.6044494337285146,0.5747557833153779,0.6044494337285146,0.5772397575661672,0.9916666666666667,120,0
efficientnet_b0,2024,Face2Face,033_097,1,darkening_sev3,darkening,3,0.9657783559833963,0.9833333333333333,0.9833333333333333,0.1809309260631257,0.2203303715614947,0.1809309260631257,0.16865294549160242,0.10107521602958708,0.07734505696283735,0.10107521602958708,0.11700198718350512,0.18750934403347333,0.23333333333333334,11.421961983044943,0.7434254252385775,0.7434254252385775,0.5651719676951568,0.7171946620528615,0.6993309738193124,0.48017730842939493,0.39929712087816643,0.48017730842939493,0.46524679153510645,0.9666666666666667,120,0
efficientnet_b0,2024,Face2Face,033_097,1,jpeg_sev1,jpeg,1,0.745319527387619,0.7916666666666666,0.7916666666666666,0.04667507226329668,0.043369956535143424,0.04667507226329668,0.045381807372351875,0.022423643562735265,0.013252036526482188,0.022423643562735265,0.02695768014479622,0.04022630371694284,0.041666666666666664,9.0893754641215,0.49283830310450866,0.49283830310450866,0.5104395885951817,0.5028546540454651,0.6048793428942802,0.4287300200771306,0.4236255520089508,0.4287300200771306,0.415340936635345,0.8083333333333333,120,0
efficientnet_b0,2024,Face2Face,033_097,1,jpeg_sev2,jpeg,2,0.2542202023886299,0.19166666666666668,0.19166666666666668,0.010980702462743307,0.00834626625985427,0.010980702462743307,0.012601539040810945,0.00508484043304305,0.0025292068883951764,0.00508484043304305,0.006987941471885453,0.007234629024668075,0.008333333333333333,5.627504841486613,0.1578827329816704,0.1578827329816704,0.1620476840621753,0.13926969194581035,0.18238028390196565,0.11047728290835382,0.10165456411352028,0.11047728290835382,0.11625360057253606,0.24166666666666667,120,0
efficientnet_b0,2024,Face2Face,033_097,1,jpeg_sev3,jpeg,3,0.025468883919233982,0.0,0.0,0.0,0.0,0.0,0.0,0.0,0.0,0.0,0.0,0.0,0.0,4.160332274436951,0.008477032686937471,0.008477032686937471,0.008286128392577039,0.005655669938899623,0.07541035733965894,0.02459647314278044,0.02028801534855016,0.02459647314278044,0.03430793693143598,0.05,120,0
efficientnet_b0,2024,Face2Face,033_097,1,resize_sev1,resize,1,0.982707375784715,1.0,1.0,0.1258973225440107,0.13279722490281912,0.1258973225440107,0.12406590505818188,0.06496597787831923,0.04271992561935367,0.06496597787831923,0.07965727803018309,0.12410193085633024,0.08333333333333333,11.910797039667765,0.3348223521374166,0.3348223521374166,0.573945534749267,0.714616205758648,0.7834129167170698,0.5712515755751875,0.5453832155362247,0.5712515755751875,0.5313313792754707,0.95,120,0
efficientnet_b0,2024,Face2Face,033_097,1,resize_sev2,resize,2,0.9699605067571004,1.0,1.0,0.14816687556037617,0.16517733375081373,0.14816687556037617,0.1458702478380797,0.07839504753814769,0.05446162177206773,0.07839504753814769,0.0971680865549705,0.14722578733583686,0.125,12.00744780699412,0.3123137277783826,0.3123137277783826,0.6062308736989508,0.6643676351784962,0.735340164076705,0.5210790200221805,0.47686631074783564,0.5210790200221805,0.4782436976405997,0.95,120,0
efficientnet_b0,2024,Face2Face,033_097,1,resize_sev3,resize,3,0.8989233697454134,1.0,1.0,0.28524130567334255,0.3255329207882282,0.28524130567334255,0.24869268732969257,0.18864141514661287,0.12552479092053676,0.18864141514661287,0.19990929362045082,0.2697117645511017,0.31666666666666665,11.733849898974102,0.02453419044613838,0.02453419044613838,0.24119348277648286,0.23768454740444817,0.45494212502652975,0.2530392821067289,0.17097768420035805,0.2530392821067289,0.2955205830700872,0.95,120,0
efficientnet_b0,2024,Face2Face,097_033,1,brightening_sev1,brightening,1,0.9468952959100602,0.9802955665024631,0.9802955665024631,0.3100396268067107,0.359920423402824,0.3100396268067107,0.2734843177805466,0.19900125131220794,0.1419103581983378,0.19900125131220794,0.21177459341564844,0.28688158574246175,0.4236453201970443,12.11079205198241,0.4499058984529704,0.4499058984529704,0.5088603050394094,0.6007231189537446,0.8984620955835273,0.6816388107700071,0.6329147512803952,0.6816388107700071,0.7056654692421528,0.9852216748768473,203,0
efficientnet_b0,2024,Face2Face,097_033,1,brightening_sev2,brightening,2,0.8899708374086859,0.9359605911330049,0.9359605911330049,0.2593663612610692,0.30223150262280785,0.2593663612610692,0.23487816379492765,0.15931969010185243,0.11677022595081889,0.15931969010185243,0.17234992573435623,0.2547155090149113,0.3399014778325123,11.308721138338738,0.4648876706568144,0.4648876706568144,0.49397881789301556,0.5853907312936598,0.7528162362852471,0.5104117554032942,0.4202359862269794,0.5104117554032942,0.5582414030534948,0.9408866995073891,203,0
efficientnet_b0,2024,Face2Face,097_033,1,brightening_sev3,brightening,3,0.8512911586265258,0.896551724137931,0.896551724137931,0.2530159113458085,0.2832522452912328,0.2530159113458085,0.23727597529355274,0.15373719093218585,0.10741018448838682,0.15373719093218585,0.1729688045199776,0.25085221603227986,0.3497536945812808,11.02247664258985,0.495943908390401,0.495943908390401,0.53190170504939,0.6240504283237637,0.6729783528666483,0.4396048361824096,0.3270276710673408,0.4396048361824096,0.4939175166864888,0.9014778325123153,203,0
efficientnet_b0,2024,Face2Face,097_033,1,clean,clean,0,0.9823698740580986,0.9950738916256158,0.9950738916256158,0.3630999157061602,0.4317846576168769,0.3630999157061602,0.3030820313067837,0.24430926762001043,0.17475442564587892,0.24430926762001043,0.24537228970440392,0.32351296518930245,0.5024630541871922,12.444635767067595,0.3268907826136926,0.3268907826136926,0.43745825404824296,0.435297838204054,,,,,,,203,0
efficientnet_b0,2024,Face2Face,097_033,1,darkening_sev1,darkening,1,0.9913202518312801,1.0,1.0,0.38357763494751607,0.4631608818408482,0.38357763494751607,0.31208480041954084,0.26347478201862645,0.18971384909267586,0.26347478201862645,0.25711524625016935,0.34117439926993126,0.5270935960591133,12.414617895492778,0.31608680221412716,0.31608680221412716,0.5164075336542916,0.38689595244806535,0.9698673313494506,0.8003084940036015,0.7770668948677727,0.8003084940036015,0.8289729540240326,0.9950738916256158,203,0
efficientnet_b0,2024,Face2Face,097_033,1,darkening_sev2,darkening,2,0.9948726786768495,1.0,1.0,0.3969370603413132,0.48305726733638826,0.3969370603413132,0.3207138833008009,0.27561926580266155,0.1996575566144785,0.27561926580266155,0.26650225217125023,0.3612273364183398,0.5369458128078818,12.288334602205625,0.40322345928311937,0.40322345928311937,0.5615676166535598,0.37823552772255953,0.9337063629863893,0.7140739007591997,0.6865309072163677,0.7140739007591997,0.7520944685698763,0.9950738916256158,203,0
efficientnet_b0,2024,Face2Face,097_033,1,darkening_sev3,darkening,3,0.9983487660661706,1.0,1.0,0.404759662747577,0.5028894190157334,0.404759662747577,0.3277956126686769,0.28182109352418316,0.20980685890830972,0.28182109352418316,0.274027986740406,0.37655806196607583,0.5566502463054187,12.184747545589955,0.5877139071149412,0.5877139071149412,0.6541726083260745,0.4926172907606428,0.8888516087376493,0.6421574815263852,0.5929661602914356,0.6421574815263852,0.6995431267613322,0.9950738916256158,203,0
efficientnet_b0,2024,Face2Face,097_033,1,jpeg_sev1,jpeg,1,0.8813706035978102,0.9359605911330049,0.9359605911330049,0.2613361025198882,0.2929292221367354,0.2613361025198882,0.23262019792816097,0.16369033293515123,0.11302801571788501,0.16369033293515123,0.1753628438318359,0.23414795987703366,0.3054187192118227,11.488335881914411,0.559758876400611,0.559758876400611,0.5712070598555476,0.6535477481293084,0.6973177145111067,0.4609075272552656,0.35668435542983745,0.4609075272552656,0.5132166979986575,0.9408866995073891,203,0
efficientnet_b0,2024,Face2Face,097_033,1,jpeg_sev2,jpeg,2,0.1612984968667329,0.08866995073891626,0.08866995073891626,0.015612148931876553,0.01555729602428743,0.015612148931876553,0.01540898306401513,0.007536122090869009,0.00527115295327956,0.007536122090869009,0.007701218080145887,0.011637882867432644,0.0049261083743842365,4.965972341340164,0.06200540823435734,0.06200540823435734,0.0763939147005846,0.07396350029043763,0.03854226859215785,0.024422817569468246,0.01034557384623763,0.024422817569468246,0.03261113609831111,0.09359605911330049,203,0
efficientnet_b0,2024,Face2Face,097_033,1,jpeg_sev3,jpeg,3,0.001934859392222735,0.0,0.0,0.0009288197402071775,0.00045983555438505324,0.0009288197402071775,0.0009618090114606558,0.0003655298089964793,0.0001464098704100921,0.0003655298089964793,0.00038359701497574575,6.92130550124606e-05,0.0,5.679915479838555,-0.0003201314867050557,-0.0003201314867050557,0.0003531406788349639,0.0003032837881369174,0.005244454229102182,0.002117060411351322,0.0007042151534255695,0.002117060411351322,0.003432504425275867,0.0049261083743842365,203,0
efficientnet_b0,2024,Face2Face,097_033,1,resize_sev1,resize,1,0.9996469288036741,1.0,1.0,0.3827528331786482,0.5093623830738124,0.3827528331786482,0.3049534423184757,0.2602131866351649,0.21330683855889,0.2602131866351649,0.24800754446701276,0.34221943036234503,0.5812807881773399,12.425026639928959,0.054853233357368386,0.054853233357368386,0.3868309830503511,0.3246106390515572,0.8860269603886728,0.6088087554656753,0.5766817093879786,0.6088087554656753,0.6723843416660745,0.9950738916256158,203,0
efficientnet_b0,2024,Face2Face,097_033,1,resize_sev2,resize,2,0.9819557768811146,0.9950738916256158,0.9950738916256158,0.31588309005236376,0.4269522335015807,0.31588309005236376,0.264874640078657,0.2011284537849579,0.17091984081460232,0.2011284537849579,0.20577536543756458,0.2633639701382844,0.42857142857142855,12.680425192922208,0.2098688708682512,0.2098688708682512,0.46500470593865284,0.504730929799488,0.8144289892190669,0.5300146542544573,0.39651693111553316,0.5300146542544573,0.5986043824922322,0.9901477832512315,203,0
efficientnet_b0,2024,Face2Face,097_033,1,resize_sev3,resize,3,0.7805993200229306,0.9359605911330049,0.9359605911330049,0.36723523138849423,0.43823178858687317,0.36723523138849423,0.3002510598013574,0.2510452957350988,0.17887996753211258,0.2510452957350988,0.2453839494101456,0.31504866172249985,0.5024630541871922,12.258484821601455,-0.023393340005075987,-0.023393340005075987,0.2075822926470505,0.19483324902801968,0.7636639828707718,0.49694970900566277,0.40667677423702425,0.49694970900566277,0.5551068635844691,0.9310344827586207,203,0
efficientnet_b0,2024,Face2Face,360_437,1,brightening_sev1,brightening,1,0.8436631941605335,0.8926174496644296,0.8926174496644296,0.10919673583929985,0.11148741005987212,0.10919673583929985,0.10636126630617453,0.05970080448970705,0.036607097678878035,0.05970080448970705,0.07129784277224806,0.10694080401366572,0.1342281879194631,16.166118141788765,0.3954997504967571,0.3954997504967571,0.4809756509009624,0.5705851461260186,0.7755423512919494,0.49325560655402767,0.41704598138811494,0.49325560655402767,0.5520624252682177,0.9463087248322147,149,0
efficientnet_b0,2024,Face2Face,360_437,1,brightening_sev2,brightening,2,0.6979634786999765,0.7181208053691275,0.7181208053691275,0.009354682623391588,0.004808654732953432,0.009354682623391588,0.016689393333757335,0.004209826847569205,0.0013596828030064867,0.004209826847569205,0.009385716925542497,0.012371559714338447,0.013422818791946308,15.730915722430952,0.5790511644851641,0.5790511644851641,0.5994104953143268,0.5967237838581454,0.5112575746517979,0.3000065324727518,0.2092806131664413,0.3000065324727518,0.3635439579597759,0.785234899328859,149,0
efficientnet_b0,2024,Face2Face,360_437,1,brightening_sev3,brightening,3,0.12011031744471941,0.06711409395973154,0.06711409395973154,0.00012469117079562684,0.0,0.00012469117079562684,0.006409205443122372,5.079916384990805e-05,0.0,5.079916384990805e-05,0.0032181714877725703,0.00040080055764600775,0.0,15.199157618836269,0.11432798757659651,0.11432798757659651,0.11668577777157482,0.11673254449403773,0.38393454885164535,0.21898027024157454,0.15961295242804094,0.21898027024157454,0.26499171665193183,0.1342281879194631,149,0
efficientnet_b0,2024,Face2Face,360_437,1,clean,clean,0,0.9165311103699191,0.9328859060402684,0.9328859060402684,0.2574194026766474,0.2941340733949959,0.2574194026766474,0.22423359405161317,0.15279762311506867,0.10109269906363592,0.15279762311506867,0.164455208428538,0.24848464243120097,0.33557046979865773,16.157150268554688,0.2154630478940304,0.2154630478940304,0.4064107573803689,0.5304758200248478,,,,,,,149,0
efficientnet_b0,2024,Face2Face,360_437,1,darkening_sev1,darkening,1,0.9553429042332925,0.9731543624161074,0.9731543624161074,0.3526180947479573,0.4065997158723127,0.3526180947479573,0.29721584862541106,0.21315967544970596,0.1417852041217871,0.21315967544970596,0.22123276511652037,0.33259210019570057,0.4161073825503356,16.093496476243807,0.07553367223903137,0.07553367223903137,0.29850167992102694,0.4173349742519813,0.8776703438465506,0.6124568519150232,0.5801045943631088,0.6124568519150232,0.657736285469486,0.959731543624161,149,0
efficientnet_b0,2024,Face2Face,360_437,1,darkening_sev2,darkening,2,0.9591802192301858,0.9865771812080537,0.9865771812080537,0.36453039930061704,0.4350905004969739,0.36453039930061704,0.30199745758341134,0.2164930458960713,0.15218989602421745,0.2164930458960713,0.22049173199878902,0.3479281390153438,0.44966442953020136,15.92341095969181,0.05702755340818792,0.05702755340818792,0.3421442047942855,0.3976800174064834,0.7500157899367222,0.4547646954197854,0.3925229370503932,0.4547646954197854,0.508803799292208,0.9463087248322147,149,0
efficientnet_b0,2024,Face2Face,360_437,1,darkening_sev3,darkening,3,0.58969420850927,0.5771812080536913,0.5771812080536913,0.1946238965176589,0.22897742127199527,0.1946238965176589,0.17075473975488423,0.11366430379028142,0.08242146454194205,0.11366430379028142,0.11837039589030977,0.1983891403239956,0.2550335570469799,14.3918181681793,0.12446043682644056,0.12446043682644056,0.36431920254171746,0.4187855400479455,0.5191054080367725,0.297379163396311,0.2726258788647363,0.297379163396311,0.31238113758691355,0.6040268456375839,149,0
efficientnet_b0,2024,Face2Face,360_437,1,jpeg_sev1,jpeg,1,0.6176014254057167,0.6375838926174496,0.6375838926174496,0.1064655331029829,0.1174031328972729,0.1064655331029829,0.10198113250137981,0.059369397104145745,0.03894333902168588,0.059369397104145745,0.06971227353269176,0.10448265828779363,0.1342281879194631,15.65438378097227,0.3673646992609419,0.3673646992609419,0.44387144456145233,0.5215906514905334,0.6948360360427751,0.4268868823980063,0.36180258373600926,0.4268868823980063,0.48359674448488954,0.7046979865771812,149,0
efficientnet_b0,2024,Face2Face,360_437,1,jpeg_sev2,jpeg,2,0.038022543371154176,0.0,0.0,0.0009876656069566605,7.176724430026107e-05,0.0009876656069566605,0.009397642138838556,0.00041744395696345974,1.9425012637126173e-05,0.00041744395696345974,0.004698732755817678,0.0009182964076800493,0.0,14.984751803762961,0.037060434383362185,0.037060434383362185,0.03451119500371547,0.03689282147084151,0.40736609272136887,0.25051839313396,0.18185424923968035,0.25051839313396,0.2952344929137316,0.06711409395973154,149,0
efficientnet_b0,2024,Face2Face,360_437,1,jpeg_sev3,jpeg,3,0.04405360808967133,0.006711409395973154,0.006711409395973154,0.00033126601360602064,0.0,0.00033126601360602064,0.007360856089697159,0.00013689740869867763,0.0,0.00013689740869867763,0.003684312311776189,0.00034140155300918865,0.0,14.789732907442438,0.03835531897072458,0.03835531897072458,0.04228052976529375,0.0426782848983896,0.3885763462306466,0.2317784222314143,0.1738826917764269,0.2317784222314143,0.2664257501799176,0.0738255033557047,149,0
efficientnet_b0,2024,Face2Face,360_437,1,resize_sev1,resize,1,0.8914377249702311,0.912751677852349,0.912751677852349,0.22459242192022003,0.2586055476477512,0.22459242192022003,0.19723233857547004,0.1328095062215173,0.08879614698210055,0.1328095062215173,0.14306837160269242,0.2176052257788707,0.31543624161073824,16.129384693683395,0.23761265022655162,0.23761265022655162,0.38859440305664034,0.5141144030549307,0.9441667716854069,0.7176634214422748,0.6910923215655411,0.7176634214422748,0.754999477239296,0.9664429530201343,149,0
efficientnet_b0,2024,Face2Face,360_437,1,resize_sev2,resize,2,0.8745238816478108,0.9060402684563759,0.9060402684563759,0.20371140394453802,0.22927406639286949,0.20371140394453802,0.1820864468407157,0.11916262693336135,0.07809507729749855,0.11916262693336135,0.13068370892170483,0.19933688013515183,0.26174496644295303,16.195709951771985,0.1967303000918696,0.1967303000918696,0.3622459351673453,0.4906008962628544,0.8907125583517872,0.6197212712755054,0.5826560179162172,0.6197212712755054,0.6664322731288475,0.9328859060402684,149,0
efficientnet_b0,2024,Face2Face,360_437,1,resize_sev3,resize,3,0.7726595438766799,0.8120805369127517,0.8120805369127517,0.16394491587420973,0.1749521759538488,0.16394491587420973,0.1530500873240165,0.09244039566524108,0.059127682815114525,0.09244039566524108,0.10592517210319397,0.14769296949976737,0.22818791946308725,16.066260222620613,0.2369772852601596,0.2369772852601596,0.30816346484442686,0.40032718675648604,0.6899660618657961,0.4001597931449698,0.3517192630894585,0.4001597931449698,0.4443183430788424,0.7986577181208053,149,0
efficientnet_b0,2024,Face2Face,435_456,1,brightening_sev1,brightening,1,0.6132426042717462,0.6513157894736842,0.6513157894736842,0.07425401605835637,0.07164262109970657,0.07425401605835637,0.07376659901571987,0.037212402019432586,0.025123649864519534,0.037212402019432586,0.04228233474207137,0.06168259121747496,0.05263157894736842,10.761282023630644,0.4649839338941858,0.4649839338941858,0.5172280758816716,0.49379571232901454,0.8408154851797424,0.6669428758767203,0.6315305172477951,0.6669428758767203,0.6871337324247994,0.8947368421052632,152,0
efficientnet_b0,2024,Face2Face,435_456,1,brightening_sev2,brightening,2,0.5981997430020496,0.6381578947368421,0.6381578947368421,0.05664284565195287,0.05542543123678295,0.05664284565195287,0.056653878079373055,0.026335796712127806,0.01782614666627587,0.026335796712127806,0.03060458551382793,0.04326656142084723,0.039473684210526314,10.592748761177063,0.44569196659473453,0.44569196659473453,0.49037887820515225,0.467883597881825,0.7465742124598359,0.5603326479305547,0.5157579642350991,0.5603326479305547,0.5849611985351437,0.881578947368421,152,0
efficientnet_b0,2024,Face2Face,435_456,1,brightening_sev3,brightening,3,0.6066118120953002,0.6513157894736842,0.6513157894736842,0.06363206122778048,0.06073469696562241,0.06363206122778048,0.06520004277606592,0.030412817218596115,0.02011914059737943,0.030412817218596115,0.036312965536627564,0.05460726209215603,0.03289473684210526,9.665050280721564,0.3783654306927546,0.3783654306927546,0.45744073192173873,0.4266841567862828,0.6241474806678887,0.4562442245459858,0.4003906832872898,0.4562442245459858,0.4832996010679969,0.868421052631579,152,0
efficientnet_b0,2024,Face2Face,435_456,1,clean,clean,0,0.7107345267722849,0.756578947368421,0.756578947368421,0.09636334550935592,0.09515063933695855,0.09636334550935592,0.09611345273843497,0.05393094219193738,0.03380632311250434,0.05393094219193738,0.06278822492355182,0.0798146586919923,0.06578947368421052,11.442966812535337,0.5017230890577928,0.5017230890577928,0.5728155854307452,0.5423262330747859,,,,,,,152,0
efficientnet_b0,2024,Face2Face,435_456,1,darkening_sev1,darkening,1,0.7492837298716615,0.7697368421052632,0.7697368421052632,0.11687223220343268,0.12045872319600974,0.11687223220343268,0.11385740613358428,0.0653987887983662,0.04307910160086812,0.0653987887983662,0.07570906666799489,0.10082784141824604,0.08552631578947369,11.742958727635836,0.5632807999057772,0.5632807999057772,0.6115531940089759,0.592067933928966,0.9052777953834102,0.7416572731490098,0.7133539605287968,0.7416572731490098,0.7697875193068947,0.9868421052631579,152,0
efficientnet_b0,2024,Face2Face,435_456,1,darkening_sev2,darkening,2,0.7116814544018493,0.743421052631579,0.743421052631579,0.11701487570148429,0.11853605798622775,0.11701487570148429,0.11515157528928158,0.06511640264391812,0.04216844543110326,0.06511640264391812,0.07473573066521114,0.10596588676107735,0.09210526315789473,11.165256562985872,0.5902160529319286,0.5902160529319286,0.5997374944223626,0.5888962649169116,0.8056635189110103,0.6148527848530159,0.5787676584522551,0.6148527848530159,0.6355570678661911,0.9210526315789473,152,0
efficientnet_b0,2024,Face2Face,435_456,1,darkening_sev3,darkening,3,0.5118791439614908,0.5460526315789473,0.5460526315789473,0.07442054248816926,0.07846136491459932,0.07442054248816926,0.07327175547927643,0.040042008298630936,0.02842743951779157,0.040042008298630936,0.04367553275059571,0.07388604400295944,0.05921052631578947,7.446792608813236,0.41467383238839256,0.41467383238839256,0.3951762666616368,0.40847683722600586,0.5178461064077066,0.38621431620277513,0.3671182267172774,0.38621431620277513,0.38837268617469944,0.7763157894736842,152,0
efficientnet_b0,2024,Face2Face,435_456,1,jpeg_sev1,jpeg,1,0.14832428065311146,0.09868421052631579,0.09868421052631579,0.009062584185627063,0.008683959952260172,0.009062584185627063,0.009062584185627063,0.0026495005040395704,0.002329549512600331,0.0026495005040395704,0.0026495005040395704,0.00300947773742002,0.0,4.64085160431109,0.0893997475071429,0.0893997475071429,0.10432881653370808,0.1022022780036997,0.263141761943201,0.19577252504246961,0.20111090282005428,0.19577252504246961,0.1911207183697489,0.34210526315789475,152,0
efficientnet_b0,2024,Face2Face,435_456,1,jpeg_sev2,jpeg,2,0.0013074400375243892,0.0,0.0,0.0,0.0,0.0,0.0,0.0,0.0,0.0,0.0,0.0,0.0,1.9671806034288908,0.00012984450658537223,0.00012984450658537223,0.00011752363491926185,0.00012841742598057352,0.09786531096101223,0.09658660213313174,0.09081189497700895,0.09658660213313174,0.09763042416416022,0.24342105263157895,152,0
efficientnet_b0,2024,Face2Face,435_456,1,jpeg_sev3,jpeg,3,3.386869540657328e-05,0.0,0.0,0.0,0.0,0.0,0.0,0.0,0.0,0.0,0.0,0.0,0.0,2.0298736597362317,1.7068900500735583e-06,1.7068900500735583e-06,1.6147844229015624e-06,2.4970950874776244e-06,0.09485187705006681,0.09698471349355724,0.09506221455449347,0.09698471349355724,0.09730929462840567,0.24342105263157895,152,0
efficientnet_b0,2024,Face2Face,435_456,1,resize_sev1,resize,1,0.9230749003197017,0.9605263157894737,0.9605263157894737,0.19514773505803112,0.2152714050821601,0.19514773505803112,0.17423902586719897,0.12163126914488767,0.08072690443605732,0.12163126914488767,0.13173464638575444,0.17006689727411062,0.20394736842105263,12.992057229343214,0.2891000431080006,0.2891000431080006,0.6059561920502394,0.5163677863977347,0.7050704020182422,0.4709151330395902,0.3997339016666849,0.4709151330395902,0.5255704953004011,0.7960526315789473,152,0
efficientnet_b0,2024,Face2Face,435_456,1,resize_sev2,resize,2,0.7691257636351542,0.7828947368421053,0.7828947368421053,0.17672835714161153,0.2024892785351272,0.17672835714161153,0.15931542745583205,0.10335943813914399,0.07392774690666253,0.10335943813914399,0.11295376759368367,0.16638030121226619,0.23026315789473684,12.285213213217887,0.1824022536411097,0.1824022536411097,0.5965696172377073,0.505515888660643,0.6427584065071561,0.4372287204466376,0.3785008196240739,0.4372287204466376,0.4802755340704681,0.6842105263157895,152,0
efficientnet_b0,2024,Face2Face,435_456,1,resize_sev3,resize,3,0.4941287463114254,0.506578947368421,0.506578947368421,0.19450857495447257,0.2081881826685806,0.19450857495447257,0.18077392112109336,0.11706309607754581,0.07953837806094903,0.11706309607754581,0.12395628659794375,0.19665035136659825,0.21052631578947367,8.619382400261728,0.10513604323894374,0.10513604323894374,0.3061581976515682,0.3597719166734207,0.3120848543916844,0.2154057715530073,0.18408689145681692,0.2154057715530073,0.23300913913703286,0.5263157894736842,152,0
efficientnet_b0,2024,Face2Face,437_360,1,brightening_sev1,brightening,1,0.9869443602168683,1.0,1.0,0.13026825987140433,0.07844656451664078,0.13026825987140433,0.17013431114721944,0.059584604497851114,0.021547344819062147,0.059584604497851114,0.09951474608077603,0.10714637303703664,0.010309278350515464,15.605826309046794,0.2018764767718991,0.2018764767718991,0.6415970801728653,0.5656629081949899,0.7676875317552806,0.443127941344221,0.36911599743796725,0.443127941344221,0.5307926512339529,1.0,97,0
efficientnet_b0,2024,Face2Face,437_360,1,brightening_sev2,brightening,2,0.7616542409913442,0.7938144329896907,0.7938144329896907,0.07420357322264381,0.028610217949636804,0.07420357322264381,0.10553230429760758,0.033836325869113094,0.007939744142131831,0.033836325869113094,0.059712251387077864,0.046863727956297015,0.0,15.148166626999059,0.5072631266762588,0.5072631266762588,0.7389684096299779,0.7425269732345076,0.6165261280288382,0.28823512693278874,0.2684678235338951,0.28823512693278874,0.3506788311229686,0.7938144329896907,97,0
efficientnet_b0,2024,Face2Face,437_360,1,brightening_sev3,brightening,3,0.4285268431394985,0.41237113402061853,0.41237113402061853,0.06993870564057286,0.025066789165649746,0.06993870564057286,0.08521393489914246,0.030319118210929672,0.006910514767335324,0.030319118210929672,0.042082467855454,0.027812009135306567,0.0,14.588977056680266,0.22056146489801942,0.22056146489801942,0.41448670853536634,0.41571530347273533,0.6032553402354257,0.2825079233041553,0.268845856991777,0.2825079233041553,0.3186090189992565,0.41237113402061853,97,0
efficientnet_b0,2024,Face2Face,437_360,1,clean,clean,0,0.9994489642762646,1.0,1.0,0.2652328810175754,0.22597479556808,0.2652328810175754,0.27981153140063675,0.12895208403096406,0.06412677658891028,0.12895208403096406,0.17647710706777311,0.25259728507275336,0.1958762886597938,16.127396386923248,-0.00036889683340013185,-0.00036889683340013185,0.08117565804535577,0.01717222720077355,,,,,,,97,0
efficientnet_b0,2024,Face2Face,437_360,1,darkening_sev1,darkening,1,0.9994752640576706,1.0,1.0,0.3323869677324871,0.324201656566944,0.3323869677324871,0.3358057228176734,0.16808882063355715,0.09577580061786338,0.16808882063355715,0.2219287760928896,0.3282567339679283,0.4020618556701031,16.068826527939628,-0.00030241307524061405,-0.00030241307524061405,0.022657792900026442,0.01028747564738557,0.9494246443564017,0.7716095735254641,0.6824005065585784,0.7716095735254641,0.7951400410723021,1.0,97,0
efficientnet_b0,2024,Face2Face,437_360,1,darkening_sev2,darkening,2,0.9999588408420995,1.0,1.0,0.33819317548944366,0.33868992876068266,0.33819317548944366,0.33555584700311847,0.17284722989615037,0.10085353301042772,0.17284722989615037,0.22319813536956076,0.33422510729155247,0.38144329896907214,16.151439017856244,-4.115915790046345e-05,-4.115915790046345e-05,0.053817595095978533,0.02241119127912617,0.9262539771355466,0.7296508835581875,0.638802405853623,0.7296508835581875,0.7606238864978686,1.0,97,0
efficientnet_b0,2024,Face2Face,437_360,1,darkening_sev3,darkening,3,0.9999959241483629,1.0,1.0,0.3672267581479922,0.46437143773318884,0.3672267581479922,0.3171997342860536,0.18953824302534214,0.14422483380394607,0.18953824302534214,0.20599812396050496,0.3764700329641222,0.5051546391752577,16.22673748448952,-4.0758516370628465e-06,-4.0758516370628465e-06,0.6118131808398926,0.6404443451577855,0.7343005308498871,0.4515834757211221,0.29976986026657243,0.4515834757211221,0.5620795619852101,1.0,97,0
efficientnet_b0,2024,Face2Face,437_360,1,jpeg_sev1,jpeg,1,0.9987749371331992,1.0,1.0,0.2625844423904601,0.2240182220980162,0.2625844423904601,0.27632255640981507,0.12789737513324928,0.06394959716195345,0.12789737513324928,0.1742965319816398,0.24604814410334658,0.15463917525773196,16.075169268342638,0.009023732668960227,0.009023732668960227,0.2214819876112274,0.14432940332545446,0.9678834668063612,0.7962324284362758,0.7499420218077989,0.7962324284362758,0.8237711603937585,1.0,97,0
efficientnet_b0,2024,Face2Face,437_360,1,jpeg_sev2,jpeg,2,0.9237024891622287,0.9690721649484536,0.9690721649484536,0.1985638923756989,0.15774175705346513,0.1985638923756989,0.22573406849760075,0.0936962519931868,0.04457015906699406,0.0936962519931868,0.13566425442320104,0.17360042018102426,0.061855670103092786,15.701381299913544,0.2566092176322067,0.2566092176322067,0.8809058569881693,0.8683265378149935,0.6366813757147659,0.3124381857857277,0.2592278180878175,0.3124381857857277,0.40278905584494024,0.9690721649484536,97,0
efficientnet_b0,2024,Face2Face,437_360,1,jpeg_sev3,jpeg,3,0.2989286694714089,0.21649484536082475,0.21649484536082475,0.12108235277124395,0.07277749655591642,0.12108235277124395,0.13880903028841154,0.055740538098253266,0.0209071002256995,0.055740538098253266,0.0752157938724335,0.07018776316851683,0.010309278350515464,14.858451971073741,0.11611709620721981,0.11611709620721981,0.2955630148977415,0.29742330612694295,0.581233427578777,0.27346878600649516,0.2524128260032806,0.27346878600649516,0.3306024174415715,0.21649484536082475,97,0
efficientnet_b0,2024,Face2Face,437_360,1,resize_sev1,resize,1,0.9994318681893889,1.0,1.0,0.27408385072051383,0.22479163451341627,0.27408385072051383,0.29352867080495626,0.13378964751596212,0.06370162785477239,0.13378964751596212,0.18710341141805417,0.25696661110311175,0.23711340206185566,16.02570011689491,0.0005449290128098394,0.0005449290128098394,0.07366590893145686,0.026539161647717954,0.9899249605600026,0.8811389670576477,0.8527393693657638,0.8811389670576477,0.887765254072645,1.0,97,0
efficientnet_b0,2024,Face2Face,437_360,1,resize_sev2,resize,2,0.9991291232944763,1.0,1.0,0.2689295294416162,0.21720276003391428,0.2689295294416162,0.2924348803789795,0.13086099708389387,0.061192602694628485,0.13086099708389387,0.18652372011164003,0.25283081679974984,0.25773195876288657,15.988056762931274,-0.00018711126956741698,-0.00018711126956741698,0.06340242814771904,0.023563463048836598,0.978344427927872,0.8244110750237509,0.7959076915289859,0.8244110750237509,0.8371896829302053,1.0,97,0
efficientnet_b0,2024,Face2Face,437_360,1,resize_sev3,resize,3,0.9987613362135347,1.0,1.0,0.32007659776722097,0.2896695043428127,0.32007659776722097,0.32839927055874113,0.16116989537409,0.08416899576041968,0.16116989537409,0.21577723706116111,0.30467636514204,0.35051546391752575,15.953965118250895,-0.0012310325484914757,-0.0012310325484914757,0.1476197542296242,0.04340085694470354,0.939082411996613,0.7134885183382426,0.6761147643324992,0.7134885183382426,0.7333268768989533,1.0,97,0
efficientnet_b0,2024,Face2Face,456_435,1,brightening_sev1,brightening,1,0.5038802461499816,0.5042016806722689,0.5042016806722689,0.03437529941100901,0.028904246928988714,0.03437529941100901,0.03666166061394397,0.013846418489605706,0.008016427322990672,0.013846418489605706,0.017720625692213093,0.026605083688275945,0.01680672268907563,10.241923436397263,0.3242626130933572,0.3242626130933572,0.3734403675479057,0.3756879976276306,0.5655924815143836,0.40328159959107024,0.3851316150115385,0.40328159959107024,0.40269589167588443,0.7478991596638656,119,0
efficientnet_b0,2024,Face2Face,456_435,1,brightening_sev2,brightening,2,0.41306888014606413,0.35294117647058826,0.35294117647058826,0.04256065106455351,0.0417965612692596,0.04256065106455351,0.04247366724515902,0.015618736320038512,0.011760064084108192,0.015618736320038512,0.017184888335563687,0.03333310103742955,0.04201680672268908,9.782729629708939,0.20120383812772,0.20120383812772,0.2923226813412029,0.2793281853791843,0.36204591263583835,0.2338876280541053,0.19875984756514942,0.2338876280541053,0.24876540667504288,0.6134453781512605,119,0
efficientnet_b0,2024,Face2Face,456_435,1,brightening_sev3,brightening,3,0.4362807785832918,0.42857142857142855,0.42857142857142855,0.039136477695633054,0.03510000097976781,0.039136477695633054,0.040488727806063766,0.01732232123658043,0.010428648124473104,0.01732232123658043,0.02034116266151514,0.028261064181159243,0.01680672268907563,10.138955581088027,0.3309050596029568,0.3309050596029568,0.36347156840263073,0.35533110326534617,0.2674782391124974,0.18434140782719713,0.13817995719715337,0.18434140782719713,0.2082042248744981,0.6890756302521008,119,0
efficientnet_b0,2024,Face2Face,456_435,1,clean,clean,0,0.7189734802442455,0.7394957983193278,0.7394957983193278,0.03563745476892423,0.026238122713746488,0.03563745476892423,0.03859365734846473,0.016447244412784827,0.007717584929498669,0.016447244412784827,0.021830846793706175,0.02736498321920586,0.025210084033613446,11.900303496032201,0.39841528222827677,0.39841528222827677,0.5194770833120306,0.5625159898194427,,,,,,,119,0
efficientnet_b0,2024,Face2Face,456_435,1,darkening_sev1,darkening,1,0.6798662894597167,0.7058823529411765,0.7058823529411765,0.06938289088054143,0.06176144330968093,0.06938289088054143,0.06917179021954155,0.03358465051541289,0.019367589838129324,0.03358465051541289,0.03681378354878029,0.051764773066300764,0.04201680672268908,11.425712729702477,0.3064936095909333,0.3064936095909333,0.4081484109501769,0.4724195642991602,0.7359634598666682,0.5657852403527309,0.5334301848590086,0.5657852403527309,0.5727519868396034,0.9327731092436975,119,0
efficientnet_b0,2024,Face2Face,456_435,1,darkening_sev2,darkening,2,0.5217279301341936,0.5126050420168067,0.5126050420168067,0.06792436373897628,0.06905478102309008,0.06792436373897628,0.06694221225993731,0.029340313212409246,0.021846248678416773,0.029340313212409246,0.03027128295613539,0.06331216045057365,0.07563025210084033,9.11012066111845,0.18937469030116066,0.18937469030116066,0.3259791112820395,0.3680251027719595,0.4646316123179053,0.3282719435379612,0.3116438500086532,0.3282719435379612,0.3285142084817256,0.7394957983193278,119,0
efficientnet_b0,2024,Face2Face,456_435,1,darkening_sev3,darkening,3,0.36608101363991336,0.3277310924369748,0.3277310924369748,0.04737970292125188,0.051182811310893764,0.04737970292125188,0.04744689816019161,0.02072010824955003,0.017034315127455856,0.02072010824955003,0.0211848545323078,0.05055937311866807,0.058823529411764705,5.69240242292901,0.244979524751636,0.244979524751636,0.22248401819188304,0.2609550022077942,0.25791691441047004,0.18774384294206892,0.16584096234719908,0.18774384294206892,0.18532367429680718,0.5378151260504201,119,0
efficientnet_b0,2024,Face2Face,456_435,1,jpeg_sev1,jpeg,1,0.19270446800247484,0.15966386554621848,0.15966386554621848,0.013028685707393746,0.012090491232632413,0.013028685707393746,0.013028685707393746,0.0037666489299063755,0.0029979199274266593,0.0037666489299063755,0.0037666489299063755,0.0089190232126988,0.008403361344537815,8.454976987438041,0.09867523834692145,0.09867523834692145,0.1431679236231059,0.1484633830153013,0.4453925163428204,0.2720427142635415,0.26901378997239567,0.2720427142635415,0.26601522456372473,0.42016806722689076,119,0
efficientnet_b0,2024,Face2Face,456_435,1,jpeg_sev2,jpeg,2,0.0041097997674109975,0.0,0.0,0.0021275042792801395,0.0021252453111767697,0.0021275042792801395,0.0021275042792801395,0.00038098804650850594,0.00038025162013531014,0.00038098804650850594,0.00038098804650850594,0.0006737736908894177,0.0,4.32059804131003,0.0007607818235107722,0.0007607818235107722,0.0008391969280742065,0.0008939632871380875,0.15636492522753478,0.07890412139189945,0.08447358103362415,0.07890412139189945,0.07886319108611144,0.2605042016806723,119,0
efficientnet_b0,2024,Face2Face,456_435,1,jpeg_sev3,jpeg,3,3.7119528041268515e-05,0.0,0.0,6.302521008403361e-05,6.302521008403361e-05,6.302521008403361e-05,6.302521008403361e-05,7.895422497216806e-06,7.895422497216806e-06,7.895422497216806e-06,7.895422497216806e-06,1.0526916581394959e-06,0.0,1.4098140011314584,-1.1188616720843951e-05,-1.1188616720843951e-05,-2.7188787870357217e-06,-3.443493963309559e-06,0.1007772059333767,0.0668734814698588,0.0690393039850012,0.0668734814698588,0.06572130917225188,0.2605042016806723,119,0
efficientnet_b0,2024,Face2Face,456_435,1,resize_sev1,resize,1,0.8865389834244212,0.9159663865546218,0.9159663865546218,0.11370080995303086,0.11396322646532017,0.11370080995303086,0.11268794510703972,0.06387395300924383,0.03770424555760848,0.06387395300924383,0.07852110558622587,0.10947505623880237,0.11764705882352941,12.30842398795761,0.2589437909494741,0.2589437909494741,0.4066993438828533,0.46572031136289116,0.6508209134063171,0.4589271733146065,0.4116114592666914,0.4589271733146065,0.47982779714733187,0.8235294117647058,119,0
efficientnet_b0,2024,Face2Face,456_435,1,resize_sev2,resize,2,0.8418834796146012,0.865546218487395,0.865546218487395,0.14204790587439198,0.15765651847497714,0.14204790587439198,0.1343890581246774,0.08160928200662558,0.052682022131998234,0.08160928200662558,0.09714830823694612,0.14089447467025895,0.18487394957983194,11.916672426111559,0.10291464705051494,0.10291464705051494,0.6127982215736719,0.5877861451952398,0.45723505803464853,0.3096843469130481,0.22633126734625172,0.3096843469130481,0.3445300037699946,0.7899159663865546,119,0
efficientnet_b0,2024,Face2Face,456_435,1,resize_sev3,resize,3,0.5297937706981575,0.5882352941176471,0.5882352941176471,0.1279683961708287,0.13306771085953814,0.1279683961708287,0.12442950518652494,0.05622860601957028,0.04181337928347747,0.05622860601957028,0.059868019347443104,0.12535723664989512,0.12605042016806722,8.341840856215534,-0.02484205610533596,-0.02484205610533596,0.2499528751129425,0.3026471060833761,0.1857257265261136,0.13130945284298665,0.09773225763546213,0.13130945284298665,0.15162474223058267,0.6302521008403361,119,0
efficientnet_b0,2024,Face2Face,607_683,1,brightening_sev1,brightening,1,1.0,1.0,1.0,0.11960662692761648,0.09827099436611869,0.11960662692761648,0.13914527912653385,0.055085541272579204,0.02602298607072455,0.055085541272579204,0.0845774898299985,0.14948722043041027,0.02631578947368421,16.554267331173545,5.176192835757607e-08,5.176192835757607e-08,0.10260033097706338,0.22510939130657592,0.984743228997203,0.8217350947778265,0.7912516335707444,0.8217350947778265,0.8706489772656646,1.0,76,0
efficientnet_b0,2024,Face2Face,607_683,1,brightening_sev2,brightening,2,1.0,1.0,1.0,0.10772942069371419,0.0860169398199135,0.10772942069371419,0.13448252094980678,0.049168240506372356,0.022477951553555663,0.049168240506372356,0.08084318477347123,0.1381958133785545,0.02631578947368421,16.434535992772954,1.380318089535362e-07,1.380318089535362e-07,0.1753216021155056,0.3602835495319021,0.9623563358870406,0.7228302596486071,0.6953009145411386,0.7228302596486071,0.7702846174140007,1.0,76,0
efficientnet_b0,2024,Face2Face,607_683,1,brightening_sev3,brightening,3,1.0,1.0,1.0,0.11682875075119287,0.08156336891412046,0.11682875075119287,0.15180247964849522,0.05564191622074418,0.02217231114759706,0.05564191622074418,0.09325347216858956,0.1345793481054162,0.039473684210526314,16.211237480765895,3.846068131295745e-06,3.846068131295745e-06,0.15279023270857958,0.31231517815276194,0.8778404025680323,0.5180509469394077,0.5294524388257958,0.5180509469394077,0.6153955081631083,1.0,76,0
efficientnet_b0,2024,Face2Face,607_683,1,clean,clean,0,1.0,1.0,1.0,0.1045448439632542,0.08447049072519858,0.1045448439632542,0.13378233682407045,0.046651920442085125,0.022008899386955088,0.046651920442085125,0.08014311365327453,0.13595680712215955,0.0,16.470889204426815,7.529007761101973e-08,7.529007761101973e-08,0.08850775070880586,0.25329755511330926,,,,,,,76,0
efficientnet_b0,2024,Face2Face,607_683,1,darkening_sev1,darkening,1,1.0,1.0,1.0,0.11875423353047382,0.08846277140931658,0.11875423353047382,0.1450009315347228,0.05390840418158843,0.02315797238033045,0.05390840418158843,0.08847731485686584,0.14537891624398616,0.07894736842105263,16.500193721369694,1.5999141492341694e-07,1.5999141492341694e-07,0.07018894349273878,0.22366106000385783,0.9814697525380932,0.823835485869315,0.7862594740035709,0.823835485869315,0.8498833672272759,1.0,76,0
efficientnet_b0,2024,Face2Face,607_683,1,darkening_sev2,darkening,2,1.0,1.0,1.0,0.1394621147669221,0.11889895160332034,0.1394621147669221,0.15803788851375114,0.0649188549566439,0.032158229172197524,0.0649188549566439,0.09813404459316218,0.1631080504206639,0.11842105263157894,16.561096542759945,1.3391438283415717e-05,1.3391438283415717e-05,0.07006812330923577,0.12044390251761984,0.9331639519552976,0.6747696914205675,0.5605986659928436,0.6747696914205675,0.7325502169540343,1.0,76,0
efficientnet_b0,2024,Face2Face,607_683,1,darkening_sev3,darkening,3,0.9999469824527439,1.0,1.0,0.1902294427114545,0.22598275433589882,0.1902294427114545,0.1844325490299131,0.09341009925500195,0.06521959464989303,0.09341009925500195,0.11930550359940284,0.2031925134906401,0.2631578947368421,16.704020424893027,6.875944764990454e-05,6.875944764990454e-05,0.1457474921879015,0.1797348896139546,0.7892260468362287,0.43792385686681806,0.2797271168470672,0.43792385686681806,0.5415616213471245,1.0,76,0
efficientnet_b0,2024,Face2Face,607_683,1,jpeg_sev1,jpeg,1,1.0,1.0,1.0,0.10575899829992477,0.08688336044655888,0.10575899829992477,0.13265635889810495,0.04738758805466523,0.022857930735215887,0.04738758805466523,0.0794295719077969,0.136628373599683,0.013157894736842105,16.46555225472701,0.0,0.0,0.06498566269874569,0.24929957023184546,0.9904234796010831,0.8774316084413537,0.8553802213956212,0.8774316084413537,0.8874299329161873,1.0,76,0
efficientnet_b0,2024,Face2Face,607_683,1,jpeg_sev2,jpeg,2,1.0,1.0,1.0,0.10807489413799098,0.08037737179226959,0.10807489413799098,0.14465267244664748,0.0482879716810504,0.02092376914565026,0.0482879716810504,0.08716543638834162,0.14687072403539467,0.02631578947368421,16.555165315929212,0.0,0.0,0.04783353954553599,0.11787519839249157,0.9712765446906209,0.7704144680748956,0.7655835867964773,0.7704144680748956,0.7912382562509268,1.0,76,0
efficientnet_b0,2024,Face2Face,607_683,1,jpeg_sev3,jpeg,3,0.9983914761166823,1.0,1.0,0.1471456767969774,0.14364659499011517,0.1471456767969774,0.15421905076495926,0.06833015566434528,0.03894594291378624,0.06833015566434528,0.09384219589967015,0.16684692665197307,0.18421052631578946,16.594510517622297,-0.0013029300852825645,-0.0013029300852825645,0.30742088666087697,0.6251647162104124,0.8581082749026022,0.5323168305255664,0.5208037944716476,0.5323168305255664,0.5558055912249938,1.0,76,0
efficientnet_b0,2024,Face2Face,607_683,1,resize_sev1,resize,1,1.0,1.0,1.0,0.10510509965683815,0.08526171338680714,0.10510509965683815,0.1338366150295034,0.046985485416211545,0.022278953763782347,0.046985485416211545,0.08034284496853945,0.13610137180307458,0.013157894736842105,16.477968579844426,1.41168895520662e-08,1.41168895520662e-08,0.07804885036066954,0.22741251653305397,0.9966166595297272,0.9207217872605039,0.9096008210977565,0.9207217872605039,0.9302079772777685,1.0,76,0
efficientnet_b0,2024,Face2Face,607_683,1,resize_sev2,resize,2,1.0,1.0,1.0,0.10291484899147066,0.0825776213437934,0.10291484899147066,0.12974369896359572,0.04582865894916624,0.021508282232287325,0.04582865894916624,0.07731750817809245,0.13248266079166846,0.0,16.470295830776816,2.4469275223581416e-07,2.4469275223581416e-07,0.06718905975944113,0.21281346124841974,0.9962097710954747,0.9163271355298135,0.8957076804050382,0.9163271355298135,0.9269400145303139,1.0,76,0
efficientnet_b0,2024,Face2Face,607_683,1,resize_sev3,resize,3,1.0,1.0,1.0,0.11328808314488892,0.09192677929394655,0.11328808314488892,0.13777095709997905,0.05122801600931919,0.024139416737970723,0.05122801600931919,0.08323276081932493,0.14169326435856558,0.013157894736842105,16.476739695197658,0.0,0.0,0.047810867428779553,0.16670094864246873,0.9892114087439301,0.8628568006115602,0.8407470495334144,0.8628568006115602,0.884218132280877,1.0,76,0
efficientnet_b0,2024,Face2Face,671_677,1,brightening_sev1,brightening,1,0.9999999939640866,1.0,1.0,0.2492037590448063,0.31653904934370797,0.2492037590448063,0.2134188577583871,0.12839560078019482,0.0968408944769445,0.12839560078019482,0.1376052133436904,0.2128467880122167,0.4050632911392405,16.857528445086903,-6.035913394976266e-09,-6.035913394976266e-09,0.23092015031017835,0.13021502747565883,0.9516467642779103,0.6959665517380327,0.6739402632477806,0.6959665517380327,0.7371442357562531,1.0,79,0
efficientnet_b0,2024,Face2Face,671_677,1,brightening_sev2,brightening,2,0.9999990055832682,1.0,1.0,0.1401748762997933,0.1609943865436641,0.1401748762997933,0.13737103145954307,0.0668063588290048,0.04736622445435469,0.0668063588290048,0.08181918005128161,0.1463073192022974,0.26582278481012656,16.856679119641267,0.0009111882765081836,0.0009111882765081836,0.30658000358675097,0.2523748923706102,0.8260331852921242,0.43986076425121884,0.3491643850160212,0.43986076425121884,0.5209574620211733,1.0,79,0
efficientnet_b0,2024,Face2Face,671_677,1,brightening_sev3,brightening,3,0.9851615378468097,0.9873417721518988,0.9873417721518988,0.13718469633355346,0.1533231507896147,0.13718469633355346,0.13555742038235774,0.06413351046394473,0.04439085368609766,0.06413351046394473,0.07960795161900792,0.14178043509287916,0.25316455696202533,16.750122794622108,0.03851461883699168,0.03851461883699168,0.7368028094900677,0.7291098750222922,0.6814159901062371,0.26723504381124374,0.1583006753631676,0.26723504381124374,0.3862128133992714,0.9873417721518988,79,0
efficientnet_b0,2024,Face2Face,671_677,1,clean,clean,0,1.0,1.0,1.0,0.2907214896139754,0.3521694759139681,0.2907214896139754,0.24494975265516694,0.15492837431495177,0.10880186025524807,0.15492837431495177,0.16392627121157682,0.2474529823829543,0.4430379746835443,16.648215269740625,0.0,0.0,0.12850664499439768,0.1062389691419239,,,,,,,79,0
efficientnet_b0,2024,Face2Face,671_677,1,darkening_sev1,darkening,1,1.0,1.0,1.0,0.3186291421405539,0.3798100900288439,0.3186291421405539,0.2675850405251747,0.17381787050177802,0.1187156693981079,0.17381787050177802,0.18371424587508617,0.2725862508141302,0.4430379746835443,16.59995681424684,0.0,0.0,0.13373227587229086,0.11181496140323105,0.9774848282064132,0.7852681510251959,0.7713458921770645,0.7852681510251959,0.8025530148519789,1.0,79,0
efficientnet_b0,2024,Face2Face,671_677,1,darkening_sev2,darkening,2,1.0,1.0,1.0,0.3404210696094264,0.4342541885495994,0.3404210696094264,0.27039784665960925,0.18711894173366464,0.13824736420345893,0.18711894173366464,0.18517375878720152,0.2835047423057143,0.4430379746835443,16.662497677380525,0.0,0.0,0.3798236062255087,0.3297673802398428,0.889903586949813,0.5614613906266587,0.5109091451591754,0.5614613906266587,0.6079894382881725,1.0,79,0
efficientnet_b0,2024,Face2Face,671_677,1,darkening_sev3,darkening,3,0.9999985785423955,1.0,1.0,0.32777849670597076,0.4381725150968814,0.32777849670597076,0.25498874820659967,0.17680007463369174,0.13946239217142603,0.17680007463369174,0.1700867331065141,0.3018530480440785,0.4936708860759494,16.411255739912203,-1.3942959942395174e-06,-1.3942959942395174e-06,0.49358523014602784,0.5507853454143941,0.7223900680146751,0.37150197509470834,0.3132677521174223,0.37150197509470834,0.43534734214429527,1.0,79,0
efficientnet_b0,2024,Face2Face,671_677,1,jpeg_sev1,jpeg,1,1.0,1.0,1.0,0.24866878898859712,0.3059677506566261,0.24866878898859712,0.2155505941540041,0.1284198229470239,0.09316107572638523,0.1284198229470239,0.13942943255747664,0.21553437868023784,0.43037974683544306,16.846979310240926,0.0,0.0,0.17383466811874243,0.11462314294863349,0.9504328290445255,0.7138573269836663,0.675509237538872,0.7138573269836663,0.7247869281224041,1.0,79,0
efficientnet_b0,2024,Face2Face,671_677,1,jpeg_sev2,jpeg,2,0.9834203358881081,0.9873417721518988,0.9873417721518988,0.13851932581478346,0.1459288317751918,0.13851932581478346,0.13528943652551553,0.06641184033155292,0.04252771504473522,0.06641184033155292,0.08104685417949344,0.13448230984773824,0.16455696202531644,16.7298433931568,0.07285033175839653,0.07285033175839653,0.5636827808073899,0.6107356226723052,0.7551255242936892,0.3668721889903835,0.26866668243432906,0.3668721889903835,0.46078987923929554,0.9873417721518988,79,0
efficientnet_b0,2024,Face2Face,671_677,1,jpeg_sev3,jpeg,3,0.9464824050664902,0.9746835443037974,0.9746835443037974,0.13101851061244787,0.15676343888079042,0.13101851061244787,0.12184107683962452,0.05945195598253788,0.0432896833781324,0.05945195598253788,0.0699798717196332,0.12635840486975486,0.22784810126582278,16.58332216286961,0.027785257053196087,0.027785257053196087,0.8705692315754876,0.9238249639812596,0.47151689507680855,0.13614882115447835,0.04214467540618834,0.13614882115447835,0.2643672968997463,0.9746835443037974,79,0
efficientnet_b0,2024,Face2Face,671_677,1,resize_sev1,resize,1,1.0,1.0,1.0,0.2973121589073373,0.36299529880229986,0.2973121589073373,0.2498463299141458,0.15862925013585494,0.11216427071083214,0.15862925013585494,0.1677660242181493,0.25087560898136785,0.4430379746835443,16.68214545672453,0.0,0.0,0.1189423145938523,0.08519219673132593,0.9899242000438593,0.8467052452376285,0.836831893837088,0.8467052452376285,0.8666293931983732,1.0,79,0
efficientnet_b0,2024,Face2Face,671_677,1,resize_sev2,resize,2,1.0,1.0,1.0,0.2968329537734407,0.35619509583841014,0.2968329537734407,0.25180940143743546,0.15863533180404302,0.10987345590067286,0.15863533180404302,0.16974320841486798,0.2497211193553729,0.45569620253164556,16.70982905279232,0.0,0.0,0.10052958130836484,0.05478062018563474,0.9803674752958966,0.8091227857072826,0.7950896865361021,0.8091227857072826,0.8215951427599167,1.0,79,0
efficientnet_b0,2024,Face2Face,671_677,1,resize_sev3,resize,3,1.0,1.0,1.0,0.288364043277193,0.3623836888385388,0.288364043277193,0.24129147828709954,0.1517988667779108,0.11230204577621726,0.1517988667779108,0.15945506225780662,0.2451912401248521,0.46835443037974683,16.749948223934897,0.0,0.0,0.10156252753885484,0.06355679035186765,0.9367880860668868,0.6737812055420482,0.639367679412709,0.6737812055420482,0.6925704510238083,1.0,79,0
efficientnet_b0,2024,Face2Face,677_671,1,brightening_sev1,brightening,1,1.0,1.0,1.0,0.2120126010216333,0.24190974357125636,0.2120126010216333,0.1853207330581775,0.13282978155164005,0.08836598714190592,0.13282978155164005,0.1439071920934743,0.1703515349467056,0.26744186046511625,16.840272459872935,5.544618118640988e-09,5.544618118640988e-09,0.01587132659069325,0.0067199967628301435,0.9570564350393745,0.6556513724869373,0.6234639398410559,0.6556513724869373,0.6967824764420663,1.0,86,0
efficientnet_b0,2024,Face2Face,677_671,1,brightening_sev2,brightening,2,0.9999980995821398,1.0,1.0,0.16537267852626145,0.1913413859792492,0.16537267852626145,0.14944870834818466,0.09946194760741722,0.06933037528791694,0.09946194760741722,0.11062067769081389,0.14924162717432934,0.2558139534883721,16.775277204291765,2.9718460038650263e-05,2.9718460038650263e-05,0.044227225835933213,0.034202916677608025,0.8894430682035527,0.4768549565892163,0.40035007065893863,0.4768549565892163,0.5583020443727279,1.0,86,0
efficientnet_b0,2024,Face2Face,677_671,1,brightening_sev3,brightening,3,0.999764425116916,1.0,1.0,0.1396241828019649,0.15684281853890145,0.1396241828019649,0.132094277693866,0.07982036202879866,0.05464494140315041,0.07982036202879866,0.094680762739504,0.13358776895686297,0.23255813953488372,16.67873746295308,-0.00019733573115149024,-0.00019733573115149024,0.11981486858323559,0.14652260687462115,0.749518473493443,0.29301267801748526,0.19150622404178444,0.29301267801748526,0.4110963049937196,1.0,86,0
efficientnet_b0,2024,Face2Face,677_671,1,clean,clean,0,1.0,1.0,1.0,0.22889471030911712,0.2566599646299292,0.22889471030911712,0.1952250989596969,0.14636044220345693,0.09379920892411288,0.14636044220345693,0.15464954673174813,0.1797003444933072,0.27906976744186046,16.746964432472407,0.0,0.0,0.003466414850811617,0.001286157341890551,,,,,,,86,0
efficientnet_b0,2024,Face2Face,677_671,1,darkening_sev1,darkening,1,1.0,1.0,1.0,0.23069713388136986,0.2574274213571361,0.23069713388136986,0.19649735918711,0.1480301415991883,0.09416443770809856,0.1480301415991883,0.15686754709297893,0.18745451918376974,0.2558139534883721,16.637040703795677,0.0,0.0,0.0034008012261501513,0.004043988710226012,0.9800943424184524,0.7941629081723081,0.7786127130287185,0.7941629081723081,0.8039086755752811,1.0,86,0
efficientnet_b0,2024,Face2Face,677_671,1,darkening_sev2,darkening,2,1.0,1.0,1.0,0.2535448538794557,0.2710857155991881,0.2535448538794557,0.21972856718772857,0.16571386706437538,0.09918580721954416,0.16571386706437538,0.18083884778806414,0.2012132953444815,0.27906976744186046,16.645238876342773,0.0,0.0,0.011368789645128453,0.025586720122847437,0.9435273713265129,0.6454255881292087,0.6335014752474517,0.6454255881292087,0.673490999451768,1.0,86,0
efficientnet_b0,2024,Face2Face,677_671,1,darkening_sev3,darkening,3,0.9999999930692274,1.0,1.0,0.27343814725166316,0.29507955603283237,0.27343814725166316,0.23548241575822781,0.18289216078868759,0.10962535881006959,0.18289216078868759,0.19750806398048962,0.22580424084198106,0.3023255813953488,16.43595463730568,-6.930772648301235e-09,-6.930772648301235e-09,0.09735854351243303,0.17522697064072584,0.8439822061638276,0.47362924106085674,0.43083367875960576,0.47362924106085674,0.5173877875175972,1.0,86,0
efficientnet_b0,2024,Face2Face,677_671,1,jpeg_sev1,jpeg,1,1.0,1.0,1.0,0.2291099714449195,0.2617934371276142,0.2291099714449195,0.1973608210636661,0.14743169296144978,0.0965131394713608,0.14743169296144978,0.15789839396614644,0.17733645652452998,0.29069767441860467,16.812821831814077,0.0,0.0,0.004607170820236187,0.0022545540055563204,0.9818263499774997,0.7626943998129455,0.7750422148520039,0.7626943998129455,0.7924073878634755,1.0,86,0
efficientnet_b0,2024,Face2Face,677_671,1,jpeg_sev2,jpeg,2,0.9998076953167139,1.0,1.0,0.2058074623870046,0.2317955966063164,0.2058074623870046,0.184157358299877,0.12920141059105258,0.08496415544885726,0.12920141059105258,0.14432408958100032,0.17871067272244262,0.20930232558139536,16.602589684863425,0.0005337284054867084,0.0005337284054867084,0.16041693923085232,0.2185838804688564,0.8192334520746766,0.3986800635973221,0.3305694753859854,0.3986800635973221,0.4879592795081693,1.0,86,0
efficientnet_b0,2024,Face2Face,677_671,1,jpeg_sev3,jpeg,3,0.7513643054638145,0.8488372093023255,0.8488372093023255,0.051602587091368717,0.046814098660656465,0.051602587091368717,0.05944883824715662,0.026722983344696485,0.015254351816451338,0.026722983344696485,0.036986060687793636,0.047170931266137514,0.046511627906976744,15.35121815703636,0.3341523606525084,0.3341523606525084,0.5433786401415492,0.6476611245848607,0.30165863057894476,0.10688705009525415,0.04681825619058803,0.10688705009525415,0.18326434331342167,0.8488372093023255,86,0
efficientnet_b0,2024,Face2Face,677_671,1,resize_sev1,resize,1,1.0,1.0,1.0,0.23487314275194038,0.26186880557105846,0.23487314275194038,0.2000690601656038,0.1523096707338833,0.09658954423041288,0.1523096707338833,0.16020303216113438,0.1817444242528028,0.3023255813953488,16.755175878835278,0.0,0.0,0.0032977475676425577,0.0011477803075036269,0.9931208584546457,0.8506166077042628,0.8460250587999616,0.8506166077042628,0.8732531393089221,1.0,86,0
efficientnet_b0,2024,Face2Face,677_671,1,resize_sev2,resize,2,1.0,1.0,1.0,0.23930793851379467,0.26498830169400694,0.23930793851379467,0.2045037441069622,0.15655407368625415,0.09800245800173113,0.15655407368625415,0.16532102135988433,0.1820172478063817,0.313953488372093,16.793745684069258,0.0,0.0,0.0021810136562169864,0.00043100742406622887,0.9846961613077262,0.7866945524325303,0.7829757965736117,0.7866945524325303,0.8134477181462433,1.0,86,0
efficientnet_b0,2024,Face2Face,677_671,1,resize_sev3,resize,3,0.999999976435373,1.0,1.0,0.2483777734814031,0.2733125693901177,0.2483777734814031,0.21643233689815453,0.16550946602615227,0.10206682099188481,0.16550946602615227,0.1785219362385839,0.1839945507745359,0.27906976744186046,16.80973394526992,-2.3564627004224196e-08,-2.3564627004224196e-08,0.009320103844930929,0.004583606193231969,0.9489649799750729,0.6324599188516998,0.6199610899842474,0.6324599188516998,0.6712375713234977,1.0,86,0
efficientnet_b0,2024,Face2Face,683_607,1,brightening_sev1,brightening,1,0.8214482499547956,0.7894736842105263,0.7894736842105263,0.35748515837738776,0.41372691119239957,0.35748515837738776,0.33391188574197,0.19532684971700554,0.13213578582782992,0.19532684971700554,0.23534314974246665,0.34731722819571786,0.49122807017543857,16.06636289128086,-0.049778321757912636,-0.049778321757912636,0.4012518840874627,0.1898125019588246,0.9139762341205482,0.671843957593624,0.5718272048054904,0.671843957593624,0.7338840937952764,0.956140350877193,114,0
efficientnet_b0,2024,Face2Face,683_607,1,brightening_sev2,brightening,2,0.786049423902704,0.7456140350877193,0.7456140350877193,0.24191179706451832,0.24694355561540268,0.24191179706451832,0.22790104150952714,0.12408572287034429,0.07434652129793531,0.12408572287034429,0.14832327296927364,0.22133389211513338,0.2631578947368421,15.8810615957829,-0.01348784598603583,-0.01348784598603583,0.34067949914708406,0.27189733239560665,0.7697721405000318,0.525608987258175,0.4284268389578188,0.525608987258175,0.5677836013466323,0.8771929824561403,114,0
efficientnet_b0,2024,Face2Face,683_607,1,brightening_sev3,brightening,3,0.7160540778238914,0.7280701754385965,0.7280701754385965,0.2056429246391241,0.17869150010649223,0.2056429246391241,0.20521675848935472,0.09909075023092488,0.05325867738082346,0.09909075023092488,0.11646550861795431,0.16140402414882798,0.11403508771929824,14.597635553594221,-0.022646411967447422,-0.022646411967447422,0.496654974613257,0.4900534788408039,0.5287749395408261,0.3662951528782441,0.25473064456968786,0.3662951528782441,0.3998854809033214,0.8245614035087719,114,0
efficientnet_b0,2024,Face2Face,683_607,1,clean,clean,0,0.8022736530697888,0.7807017543859649,0.7807017543859649,0.2888503206850782,0.31715973560699784,0.2888503206850782,0.28189554877960643,0.1493955202120699,0.09796357449106384,0.1493955202120699,0.18884717728008568,0.2802974545865808,0.3508771929824561,16.23063560117755,-0.07945081419331887,-0.07945081419331887,0.24981459028193756,0.08078721253683363,,,,,,,114,0
efficientnet_b0,2024,Face2Face,683_607,1,darkening_sev1,darkening,1,0.8204229468614549,0.8157894736842105,0.8157894736842105,0.3248308229882973,0.3703297637366116,0.3248308229882973,0.30583690404014335,0.17296589444533814,0.11661236020947917,0.17296589444533814,0.2099105022291499,0.31523787021586835,0.40350877192982454,16.15269921118753,-0.10941882646313802,-0.10941882646313802,0.2399197171969143,0.10764732500415684,0.9763449649149284,0.8195759507162197,0.7408654505672,0.8195759507162197,0.858124105149453,0.9649122807017544,114,0
efficientnet_b0,2024,Face2Face,683_607,1,darkening_sev2,darkening,2,0.8793914072346269,0.8859649122807017,0.8859649122807017,0.3779135499645116,0.4445537977024739,0.3779135499645116,0.3399321017082194,0.2090920451312973,0.1437686752060779,0.2090920451312973,0.2417501210259897,0.3701105820491161,0.5175438596491229,15.996591007500363,-0.07403249628515096,-0.07403249628515096,0.34448188409339964,0.2247404100683828,0.916014885813779,0.6705179938837934,0.5653713619372759,0.6705179938837934,0.7457816989784835,0.8947368421052632,114,0
efficientnet_b0,2024,Face2Face,683_607,1,darkening_sev3,darkening,3,0.9514991235837602,0.9649122807017544,0.9649122807017544,0.4165064667625608,0.5083931591384473,0.4165064667625608,0.3584005407864316,0.23631615669425504,0.16673300211020903,0.23631615669425504,0.25890741006214324,0.42571340443617234,0.5964912280701754,15.789525768213105,0.019453177424637896,0.019453177424637896,0.7331859422296187,0.7796536614166638,0.794442786710573,0.5255430045555443,0.4016050723992641,0.5255430045555443,0.6160605369444461,0.8157894736842105,114,0
efficientnet_b0,2024,Face2Face,683_607,1,jpeg_sev1,jpeg,1,0.789000414231212,0.7631578947368421,0.7631578947368421,0.28907591429535323,0.3070037314753918,0.28907591429535323,0.2811852174219591,0.14905110201393046,0.09405121251698059,0.14905110201393046,0.18819199746397963,0.277817350600824,0.35964912280701755,16.26236719834177,-0.08239781960838356,-0.08239781960838356,0.19134962573553546,0.06337220382186369,0.9891674807346562,0.8826700655883506,0.8005220664882085,0.8826700655883506,0.9037458215178765,0.9824561403508771,114,0
efficientnet_b0,2024,Face2Face,683_607,1,jpeg_sev2,jpeg,2,0.8760393529623878,0.8859649122807017,0.8859649122807017,0.31052398782497653,0.3182644777060498,0.31052398782497653,0.30221850501680153,0.16195881094230574,0.09698133576387412,0.16195881094230574,0.20651107606001462,0.29129990474828826,0.38596491228070173,16.36015858566552,-0.01740309602750481,-0.01740309602750481,0.2738535700165748,0.1683155851267082,0.9582211279363297,0.7716981274826795,0.6330667905480123,0.7716981274826795,0.8267822271936459,0.8947368421052632,114,0
efficientnet_b0,2024,Face2Face,683_607,1,jpeg_sev3,jpeg,3,0.9673866430918375,0.9824561403508771,0.9824561403508771,0.33198632054873456,0.38694514608407105,0.33198632054873456,0.31187163751614916,0.1749500894794812,0.11946229825267846,0.1749500894794812,0.2150240579942405,0.31445289098683155,0.4649122807017544,16.511797930064954,0.023104997123019756,0.023104997123019756,0.625424388228311,0.7044816286759573,0.6407015452634303,0.362638662539378,0.1871696133560348,0.362638662539378,0.4454645873185402,0.7982456140350878,114,0
efficientnet_b0,2024,Face2Face,683_607,1,resize_sev1,resize,1,0.8042672475444546,0.8070175438596491,0.8070175438596491,0.2868646200301453,0.308541359306861,0.2868646200301453,0.28067504405505106,0.14832679030120954,0.09489719957876845,0.14832679030120954,0.18798949727426187,0.2765269717652395,0.3508771929824561,16.21276921556707,-0.07565826795415201,-0.07565826795415201,0.23932030234330642,0.08383167449899603,0.9955137315665983,0.9224298914280767,0.8785875299238056,0.9224298914280767,0.9391241144156433,0.956140350877193,114,0
efficientnet_b0,2024,Face2Face,683_607,1,resize_sev2,resize,2,0.8012484063378029,0.7982456140350878,0.7982456140350878,0.28865327366212723,0.3075672072356247,0.28865327366212723,0.283795892503935,0.149481988389834,0.09478675708809843,0.149481988389834,0.19077587558793344,0.27834344409222067,0.30701754385964913,16.21910255833676,-0.0779616698865746,-0.0779616698865746,0.2087485656926506,0.06746224714688169,0.9934845705609282,0.9087962398153229,0.8445271010396541,0.9087962398153229,0.9270008028994995,0.9824561403508771,114,0
efficientnet_b0,2024,Face2Face,683_607,1,resize_sev3,resize,3,0.8331143171281407,0.8070175438596491,0.8070175438596491,0.27111208095440636,0.2701071246129161,0.27111208095440636,0.2755843140913766,0.13882032237631273,0.08202747864217635,0.13882032237631273,0.18388251067654743,0.2595919966708337,0.2982456140350877,16.221530947768898,-0.052466471136237175,-0.052466471136237175,0.19730890565960288,0.08925086818635461,0.9806096892656444,0.8539492435043574,0.754172204299886,0.8539492435043574,0.8832178625017303,0.9736842105263158,114,0
efficientnet_b0,2024,Face2Face,876_891,1,brightening_sev1,brightening,1,0.2230930403984038,0.1891891891891892,0.1891891891891892,0.009406468451207014,0.0035012880419717242,0.009406468451207014,0.009891356764437514,0.004214668354622972,0.0009685435784427528,0.004214668354622972,0.004714121236634127,0.004086313414939852,0.0,12.629718226355475,0.13385606788309615,0.13385606788309615,0.17088440638959532,0.14139656621222996,0.7803547866226447,0.6022466360273665,0.5059685044107494,0.6022466360273665,0.6360190941555129,0.7972972972972973,74,0
efficientnet_b0,2024,Face2Face,876_891,1,brightening_sev2,brightening,2,0.1044028812008233,0.08108108108108109,0.08108108108108109,0.002791954342585035,0.0003552659802659797,0.002791954342585035,0.002791954342585035,0.0011080633763084528,9.591325098869054e-05,0.0011080633763084528,0.0011080633763084528,0.0002690589487237697,0.0,12.611924790047311,0.09343874060114345,0.09343874060114345,0.1006004731900948,0.08421532244348191,0.6409222052110402,0.4775843361434583,0.39054656472331883,0.4775843361434583,0.5066634002216096,0.6891891891891891,74,0
efficientnet_b0,2024,Face2Face,876_891,1,brightening_sev3,brightening,3,0.18503400027622918,0.14864864864864866,0.14864864864864866,0.006293618225837826,0.0009472160427575567,0.006293618225837826,0.006383851994957416,0.002548814077247853,0.00025584289422374756,0.002548814077247853,0.0025974570806718963,0.0010392379380359852,0.0,12.475578978254989,0.12454977343406569,0.12454977343406569,0.17275313065463138,0.15242768136689647,0.670500512519705,0.4909260485102907,0.407026750227758,0.4909260485102907,0.5187335338510591,0.7567567567567568,74,0
efficientnet_b0,2024,Face2Face,876_891,1,clean,clean,0,0.4280207818908918,0.3918918918918919,0.3918918918918919,0.039075866192738985,0.034236754580911764,0.039075866192738985,0.03903644947470143,0.01993049244148812,0.010506120989333427,0.01993049244148812,0.02367097694955649,0.034498126795106505,0.04054054054054054,13.05482696842503,0.1366661811876789,0.1366661811876789,0.2985262180128191,0.2079052739134881,,,,,,,74,0
efficientnet_b0,2024,Face2Face,876_891,1,darkening_sev1,darkening,1,0.5717293333979575,0.581081081081081,0.581081081081081,0.061561506201186694,0.05760565874875832,0.061561506201186694,0.05959105802766283,0.031893666713830336,0.01807421012181208,0.031893666713830336,0.03613200728655055,0.05273555635791072,0.04054054054054054,13.147180299501162,0.07789388761876899,0.07789388761876899,0.382567890419572,0.29822675479384064,0.8444249911224324,0.6610278512486073,0.5742130224945623,0.6610278512486073,0.6991880803445807,0.8108108108108109,74,0
efficientnet_b0,2024,Face2Face,876_891,1,darkening_sev2,darkening,2,0.7043806698198456,0.7162162162162162,0.7162162162162162,0.0844670066647412,0.08387948898328115,0.0844670066647412,0.08020258655229875,0.044175780266075416,0.02593556210811077,0.044175780266075416,0.04822099762599815,0.07513945913127693,0.06756756756756757,13.055553719804093,0.1112587747539274,0.1112587747539274,0.5752934366236012,0.4925452266399736,0.584642593164748,0.45191589953006484,0.3610636504560883,0.45191589953006484,0.49336812286748827,0.6756756756756757,74,0
efficientnet_b0,2024,Face2Face,876_891,1,darkening_sev3,darkening,3,0.564314963157616,0.5675675675675675,0.5675675675675675,0.05349378582531491,0.056847843724673205,0.05349378582531491,0.048735076876050984,0.026696472399849062,0.01822285267212238,0.026696472399849062,0.02658138345376288,0.05469961093136548,0.08108108108108109,9.862173080444336,0.27860901219065526,0.27860901219065526,0.43807608721741614,0.41815795907687797,0.3822389987041849,0.29685106028621255,0.22507234068404489,0.29685106028621255,0.3185197761191083,0.7162162162162162,74,0
efficientnet_b0,2024,Face2Face,876_891,1,jpeg_sev1,jpeg,1,0.015561276794101435,0.0,0.0,0.00022989058728498243,3.544964297951081e-05,0.00022989058728498243,0.00022989058728498243,7.162229480981081e-05,8.525488610960811e-06,7.162229480981081e-05,7.162229480981081e-05,1.1082317652342423e-06,0.0,11.741075786384377,0.0125593546724585,0.0125593546724585,0.010618055962305833,0.008470685797224577,0.4124771079249171,0.3455293702130371,0.2961280017134141,0.3455293702130371,0.35397296196340206,0.6081081081081081,74,0
efficientnet_b0,2024,Face2Face,876_891,1,jpeg_sev2,jpeg,2,4.788051402418137e-06,0.0,0.0,0.00020787767483904866,7.070202396327027e-06,0.00020787767483904866,0.00020787767483904866,6.823432374718349e-05,1.801321449414865e-06,6.823432374718349e-05,6.823432374718349e-05,3.945338709152022e-07,0.0,11.861045463665112,4.650736116094186e-06,4.650736116094186e-06,4.438262650214243e-06,4.377114679969409e-06,0.34481568152392233,0.3185592209474956,0.2683356350210895,0.3185592209474956,0.33054626264483644,0.6081081081081081,74,0
efficientnet_b0,2024,Face2Face,876_891,1,jpeg_sev3,jpeg,3,1.6558467496589337e-07,0.0,0.0,0.00021189341608023109,0.00015925404175427975,0.00021189341608023109,0.00021189341608023109,5.575410724857973e-05,3.8576483004772976e-05,5.575410724857973e-05,5.575410724857973e-05,2.623779784054924e-07,0.0,11.544096998266271,9.326789507473854e-08,9.326789507473854e-08,1.1414484906808906e-07,1.3087706453359053e-07,0.26139907029108167,0.21217928443332898,0.18106923991970494,0.21217928443332898,0.22332216904965327,0.6081081081081081,74,0
efficientnet_b0,2024,Face2Face,876_891,1,resize_sev1,resize,1,0.5754565189063952,0.581081081081081,0.581081081081081,0.06133359534260929,0.05439160495112596,0.06133359534260929,0.06245801202772106,0.027861283318557716,0.015968952833103154,0.027861283318557716,0.03352258070290868,0.047276017418922775,0.013513513513513514,13.293011472031877,0.10507446781067865,0.10507446781067865,0.4533471736515551,0.3447246148818915,0.7615161235913276,0.5871867661449837,0.5119218080141423,0.5871867661449837,0.6160783177379597,0.7837837837837838,74,0
efficientnet_b0,2024,Face2Face,876_891,1,resize_sev2,resize,2,0.5582244785438053,0.5540540540540541,0.5540540540540541,0.06637219745782497,0.06766880320242676,0.06637219745782497,0.06459281043882463,0.0325529822193945,0.02030134493040395,0.0325529822193945,0.03841016120167764,0.06237542858316537,0.06756756756756757,13.39829209044173,0.0015992613598182085,0.0015992613598182085,0.440697804267271,0.34034927859738673,0.604617691415255,0.47365992418829617,0.3912044134338454,0.47365992418829617,0.5076627493840404,0.7567567567567568,74,0
efficientnet_b0,2024,Face2Face,876_891,1,resize_sev3,resize,3,0.2293547883502371,0.13513513513513514,0.13513513513513514,0.0164742683590804,0.014976573345957995,0.0164742683590804,0.0164742683590804,0.006587682002142339,0.004286898766556432,0.006587682002142339,0.006587682002142339,0.012245177217449837,0.013513513513513514,9.976503591279727,0.025556722848016956,0.025556722848016956,0.141983184433893,0.1420995515845051,0.2616464797128566,0.21340434753656623,0.17711095408187033,0.21340434753656623,0.2205265867888355,0.7162162162162162,74,0
efficientnet_b0,2024,Face2Face,891_876,1,brightening_sev1,brightening,1,0.9556644643786587,0.9620253164556962,0.9620253164556962,0.22515381238347032,0.2617729708623858,0.22515381238347032,0.18761510747870308,0.1344932249680448,0.08763478208333858,0.1344932249680448,0.13993744014653284,0.19690143787700035,0.26582278481012656,15.359158528002002,0.022773129588488164,0.022773129588488164,0.28568172848583023,0.2708212793627871,0.9455860333900922,0.7036493121232491,0.7208747504542976,0.7036493121232491,0.7033842748886663,1.0,79,0
efficientnet_b0,2024,Face2Face,891_876,1,brightening_sev2,brightening,2,0.9576930069847952,0.9620253164556962,0.9620253164556962,0.22651431253193324,0.2596275562794426,0.22651431253193324,0.18957449642084082,0.13591983793727597,0.086906363828255,0.13591983793727597,0.14348301701267419,0.1936151208245835,0.22784810126582278,15.366511610489857,0.04500769367559424,0.04500769367559424,0.3546952471119363,0.3687045358333595,0.8807300536232578,0.5836558691938414,0.5920976816853242,0.5836558691938414,0.5875191601679285,1.0,79,0
efficientnet_b0,2024,Face2Face,891_876,1,brightening_sev3,brightening,3,0.965351108508774,0.9620253164556962,0.9620253164556962,0.20300523973950824,0.23939270703077145,0.20300523973950824,0.1734194961714748,0.11758875339862589,0.07878814658335061,0.11758875339862589,0.12711992808233277,0.1641198061184194,0.25316455696202533,15.689697965790954,0.08449690607435341,0.08449690607435341,0.33855571890179115,0.4017505695972639,0.8126982315671628,0.47121415869248545,0.43497631520370544,0.47121415869248545,0.5035597333687666,1.0,79,0
efficientnet_b0,2024,Face2Face,891_876,1,clean,clean,0,0.952522456928899,0.9620253164556962,0.9620253164556962,0.21355569798972068,0.25374269797858395,0.21355569798972068,0.17715014500290463,0.1267946471298055,0.08542219930338367,0.1267946471298055,0.13108146021719752,0.18804903934759196,0.26582278481012656,15.396966137463533,0.02065158986686906,0.02065158986686906,0.22452638380795337,0.18503791691523183,,,,,,,79,0
efficientnet_b0,2024,Face2Face,891_876,1,darkening_sev1,darkening,1,0.9436675406214369,0.9620253164556962,0.9620253164556962,0.227688359124812,0.2622711762727264,0.227688359124812,0.1931974118776512,0.13866343991751945,0.08881816530725876,0.13866343991751945,0.1468568718895065,0.20616079574411109,0.27848101265822783,14.861697184888623,0.020127007902800288,0.020127007902800288,0.3512658226433434,0.2867019752783206,0.9222036316388151,0.6989107606936761,0.7173370976277765,0.6989107606936761,0.6970756549633802,1.0,79,0
efficientnet_b0,2024,Face2Face,891_876,1,darkening_sev2,darkening,2,0.8796791258220903,0.8987341772151899,0.8987341772151899,0.19230255463843093,0.22290594534197322,0.19230255463843093,0.1624430908817918,0.11793145713133907,0.07664796909043539,0.11793145713133907,0.12333001286439196,0.18957719665543857,0.24050632911392406,14.030579639386527,0.048010210942807094,0.048010210942807094,0.5879612959673793,0.5326420553735917,0.7383214149366731,0.4568278842172372,0.4399874717899018,0.4568278842172372,0.46741915335972894,0.9367088607594937,79,0
efficientnet_b0,2024,Face2Face,891_876,1,darkening_sev3,darkening,3,0.63630635598586,0.6835443037974683,0.6835443037974683,0.10993608242679594,0.12115394169793392,0.10993608242679594,0.10360130053547562,0.06064859927779326,0.04190695504076086,0.06064859927779326,0.06370577937496748,0.11612610393043264,0.12658227848101267,10.366337269167357,0.030208899981424772,0.030208899981424772,0.49346956139308096,0.46414555675686114,0.4717364025853793,0.2964496620906807,0.2781314555111437,0.2964496620906807,0.2899390372383104,0.7215189873417721,79,0
efficientnet_b0,2024,Face2Face,891_876,1,jpeg_sev1,jpeg,1,0.8131141568934899,0.8860759493670886,0.8860759493670886,0.14436017405903376,0.15708660878183,0.14436017405903376,0.13380016044748852,0.07970797548619579,0.052937817771994425,0.07970797548619579,0.08544635578581117,0.14966059327438724,0.189873417721519,13.327137862579733,0.014747042088073849,0.014747042088073849,0.4398487180801509,0.41200703724369975,0.655248729126824,0.40120347453498434,0.3994096723609864,0.40120347453498434,0.4083389317746111,0.9240506329113924,79,0
efficientnet_b0,2024,Face2Face,891_876,1,jpeg_sev2,jpeg,2,0.15301423794954652,0.02531645569620253,0.02531645569620253,0.0022220411670160205,0.000537763320383586,0.0022220411670160205,0.0022220411670160205,0.000792356663504943,0.00013713610334124303,0.000792356663504943,0.000792356663504943,0.0005226685466883722,0.0,8.431455443177041,0.020477197315824584,0.020477197315824584,0.058888014413702235,0.03142649517707742,0.14313334968810357,0.07343719354996077,0.045661564536833836,0.07343719354996077,0.08399134393717607,0.06329113924050633,79,0
efficientnet_b0,2024,Face2Face,891_876,1,jpeg_sev3,jpeg,3,0.0032412510086895826,0.0,0.0,0.0,0.0,0.0,4.562756726358228e-06,0.0,0.0,0.0,2.2389578099177215e-06,1.588991288200051e-08,0.0,10.307253209850456,0.0011640380914251904,0.0011640380914251904,0.0018266545279707331,0.0015415805375079462,0.13504711345962672,0.06055401991861265,0.03638566095203933,0.06055401991861265,0.07466538006605135,0.0379746835443038,79,0
efficientnet_b0,2024,Face2Face,891_876,1,resize_sev1,resize,1,0.9594466052477872,0.9493670886075949,0.9493670886075949,0.24230335565761943,0.2808829744585293,0.24230335565761943,0.20278176967060013,0.14355311824928466,0.0945929438071967,0.14355311824928466,0.14871099310700864,0.20983055375477908,0.2911392405063291,15.37857068943072,-0.0017766864805281895,-0.0017766864805281895,0.2405347525012455,0.21198100754637503,0.9516733111979352,0.7322974676932108,0.7312856556956612,0.7322974676932108,0.7433257152890219,0.9873417721518988,79,0
efficientnet_b0,2024,Face2Face,891_876,1,resize_sev2,resize,2,0.9627619057516509,0.9620253164556962,0.9620253164556962,0.2519970339574112,0.2889863736149543,0.2519970339574112,0.21166111637442714,0.15083722889499657,0.0979063201451499,0.15083722889499657,0.15821706050267068,0.22823875357910464,0.31645569620253167,15.0218094451518,0.00548624143570285,0.00548624143570285,0.3329418639452019,0.329729344082784,0.8984190569605184,0.6165507633303832,0.6164513277582059,0.6165507633303832,0.6244376236111152,1.0,79,0
efficientnet_b0,2024,Face2Face,891_876,1,resize_sev3,resize,3,0.7365085111011432,0.7721518987341772,0.7721518987341772,0.14627873364427377,0.168595641927999,0.14627873364427377,0.12766086082457326,0.08596814427655713,0.05756103861324195,0.08596814427655713,0.09190237459324596,0.1489761719451474,0.21518987341772153,13.468145539488974,-0.008434736676797058,-0.008434736676797058,0.5401677974688385,0.5277239456802276,0.5845691338751844,0.3625345541928673,0.3253204934504984,0.3625345541928673,0.36859478253305217,0.810126582278481,79,0
efficientnet_b0,2024,FaceSwap,033_097,1,brightening_sev1,brightening,1,0.72829111777246,0.7583333333333333,0.7583333333333333,0.040562559119320205,0.04164427456607318,0.040562559119320205,0.040357621786167454,0.025144944452766313,0.017480084319481105,0.025144944452766313,0.029478103778110602,0.038812542459972704,0.03333333333333333,9.514447156588236,0.48561714035070813,0.48561714035070813,0.5230240227887407,0.4921546082827263,0.6849382798775495,0.4917894696856156,0.506151117045237,0.4917894696856156,0.474763460821335,0.8083333333333333,120,0
efficientnet_b0,2024,FaceSwap,033_097,1,brightening_sev2,brightening,2,0.5637949446759497,0.55,0.55,0.021849246915255003,0.02105119131785967,0.021849246915255003,0.02332147767091273,0.012920334338154031,0.008552201073708073,0.012920334338154031,0.01601103510902614,0.021522914068736344,0.016666666666666666,9.342662835121155,0.3789204826190447,0.3789204826190447,0.38837761111402264,0.3565570152597502,0.48723577319676903,0.30893133569552356,0.3086571089752844,0.30893133569552356,0.31257229673246295,0.6,120,0
efficientnet_b0,2024,FaceSwap,033_097,1,brightening_sev3,brightening,3,0.44843956142819175,0.36666666666666664,0.36666666666666664,0.016666772102146496,0.01322108105585254,0.016666772102146496,0.01789176679681113,0.009474872232343416,0.0053138621620332565,0.009474872232343416,0.011463635389078446,0.010819857020228104,0.008333333333333333,8.992858743667602,0.2857748747803271,0.2857748747803271,0.27559420066342377,0.25906046963063994,0.3464383168303442,0.20429043494918295,0.1946453162319268,0.20429043494918295,0.21323131601467082,0.4166666666666667,120,0
efficientnet_b0,2024,FaceSwap,033_097,1,clean,clean,0,0.9290792886167765,0.95,0.95,0.06732764431517896,0.0727588545616382,0.06732764431517896,0.06227236423440408,0.04326080927442807,0.031728622685674515,0.04326080927442807,0.04683666945920661,0.06346660086849569,0.125,11.781898482640583,0.5298315131183092,0.5298315131183092,0.5350432193760449,0.5751805630105082,,,,,,,120,0
efficientnet_b0,2024,FaceSwap,033_097,1,darkening_sev1,darkening,1,0.9262665264308453,0.9416666666666667,0.9416666666666667,0.07616104740332967,0.08187218811600082,0.07616104740332967,0.07104312928408293,0.04843994363176863,0.03598697152619637,0.04843994363176863,0.05227381150848205,0.07276371097603783,0.125,11.273193407058717,0.6197566479095258,0.6197566479095258,0.5800857199084324,0.6205575636199986,0.8951525238484563,0.7387589034250654,0.7393327172293286,0.7387589034250654,0.7102769284557635,0.9916666666666667,120,0
efficientnet_b0,2024,FaceSwap,033_097,1,darkening_sev2,darkening,2,0.9319641242735088,0.9416666666666667,0.9416666666666667,0.08242605278849036,0.08936665127124915,0.08242605278849036,0.07878520040854868,0.052572529052103675,0.039280674102578766,0.052572529052103675,0.058053076527873636,0.08462881033697105,0.13333333333333333,11.026831126213073,0.6618917667646504,0.6618917667646504,0.5771931661972,0.6524774317770304,0.8100413144877603,0.6044494337285146,0.5747557833153779,0.6044494337285146,0.5772397575661672,0.9916666666666667,120,0
efficientnet_b0,2024,FaceSwap,033_097,1,darkening_sev3,darkening,3,0.9657783559833963,0.9833333333333333,0.9833333333333333,0.0819365246034421,0.08718935899038689,0.0819365246034421,0.07974182478329143,0.0529223882385407,0.03808331435214647,0.0529223882385407,0.06095517851967977,0.0823238095019787,0.10833333333333334,11.421961983044943,0.7434254252385775,0.7434254252385775,0.5651719676951568,0.7171946620528615,0.6993309738193124,0.48017730842939493,0.39929712087816643,0.48017730842939493,0.46524679153510645,0.9666666666666667,120,0
efficientnet_b0,2024,FaceSwap,033_097,1,jpeg_sev1,jpeg,1,0.745319527387619,0.7916666666666666,0.7916666666666666,0.049804129141788014,0.04782000081126496,0.049804129141788014,0.049284958206048834,0.030942468334446308,0.020206863535349652,0.030942468334446308,0.03620712687992218,0.04636969450302716,0.075,9.0893754641215,0.49283830310450866,0.49283830310450866,0.5104395885951817,0.5028546540454651,0.6048793428942802,0.4287300200771306,0.4236255520089508,0.4287300200771306,0.415340936635345,0.8083333333333333,120,0
efficientnet_b0,2024,FaceSwap,033_097,1,jpeg_sev2,jpeg,2,0.2542202023886299,0.19166666666666668,0.19166666666666668,0.011685777658963852,0.008742058637338356,0.011685777658963852,0.012434703993574398,0.006845255103625087,0.0036065890700475514,0.006845255103625087,0.00836073907010152,0.007591701598453234,0.0,5.627504841486613,0.1578827329816704,0.1578827329816704,0.1620476840621753,0.13926969194581035,0.18238028390196565,0.11047728290835382,0.10165456411352028,0.11047728290835382,0.11625360057253606,0.24166666666666667,120,0
efficientnet_b0,2024,FaceSwap,033_097,1,jpeg_sev3,jpeg,3,0.025468883919233982,0.0,0.0,0.0,0.0,0.0,0.0,0.0,0.0,0.0,0.0,0.0,0.0,4.160332274436951,0.008477032686937471,0.008477032686937471,0.008286128392577039,0.005655669938899623,0.07541035733965894,0.02459647314278044,0.02028801534855016,0.02459647314278044,0.03430793693143598,0.05,120,0
efficientnet_b0,2024,FaceSwap,033_097,1,resize_sev1,resize,1,0.982707375784715,1.0,1.0,0.07266650742567132,0.0801868228229973,0.07266650742567132,0.07617423672785165,0.04609481893413283,0.03470480241800097,0.04609481893413283,0.05760070374483264,0.07911185716790128,0.175,11.910797039667765,0.3348223521374166,0.3348223521374166,0.573945534749267,0.714616205758648,0.7834129167170698,0.5712515755751875,0.5453832155362247,0.5712515755751875,0.5313313792754707,0.95,120,0
efficientnet_b0,2024,FaceSwap,033_097,1,resize_sev2,resize,2,0.9699605067571004,1.0,1.0,0.07612557728420684,0.0835084299022191,0.07612557728420684,0.08058556019597475,0.04820123146570976,0.03616179576640701,0.04820123146570976,0.06101496323481571,0.08491730753294775,0.175,12.00744780699412,0.3123137277783826,0.3123137277783826,0.6062308736989508,0.6643676351784962,0.735340164076705,0.5210790200221805,0.47686631074783564,0.5210790200221805,0.4782436976405997,0.95,120,0
efficientnet_b0,2024,FaceSwap,033_097,1,resize_sev3,resize,3,0.8989233697454134,1.0,1.0,0.10978729277204487,0.11017373929843043,0.10978729277204487,0.09915403964888397,0.07309632357809935,0.04950177524615339,0.07309632357809935,0.07631035804530503,0.10525064183303015,0.13333333333333333,11.733849898974102,0.02453419044613838,0.02453419044613838,0.24119348277648286,0.23768454740444817,0.45494212502652975,0.2530392821067289,0.17097768420035805,0.2530392821067289,0.2955205830700872,0.95,120,0
efficientnet_b0,2024,FaceSwap,097_033,1,brightening_sev1,brightening,1,0.9935986111561458,1.0,1.0,0.051486990817679726,0.056697516036350065,0.051486990817679726,0.04478287153933222,0.03564590633373297,0.028172967598149735,0.03564590633373297,0.03512039027861315,0.04799834193306463,0.025,12.636202144622803,0.380589130303512,0.380589130303512,0.4536108820931986,0.5910278413087023,0.9288710357918294,0.6756647549651761,0.6218525213307785,0.6756647549651761,0.7047895814438185,1.0,120,0
efficientnet_b0,2024,FaceSwap,097_033,1,brightening_sev2,brightening,2,0.9774906009435653,1.0,1.0,0.043060571621668015,0.04582362867049405,0.043060571621668015,0.04107217147461829,0.02925360221779831,0.02242004429963345,0.02925360221779831,0.03168897568064643,0.041167944983706316,0.041666666666666664,12.256542181968689,0.4714727777405642,0.4714727777405642,0.5087873296812176,0.6310695809583801,0.8083635884507416,0.5174879422814946,0.39649855226754543,0.5174879422814946,0.5857330490488495,1.0,120,0
efficientnet_b0,2024,FaceSwap,097_033,1,brightening_sev3,brightening,3,0.9526603564620018,1.0,1.0,0.042787069401773375,0.044927647399813954,0.042787069401773375,0.042202856301828025,0.02940706741844529,0.021763517159135777,0.02940706741844529,0.033334424256769385,0.044580684570323624,0.041666666666666664,11.986685291926067,0.5242148539672296,0.5242148539672296,0.5449879455380142,0.6623077997472138,0.705162491303078,0.4233609992560943,0.2828467792617311,0.4233609992560943,0.49261462080596957,1.0,120,0
efficientnet_b0,2024,FaceSwap,097_033,1,clean,clean,0,0.9998109176754951,1.0,1.0,0.05644378944921293,0.06758492932442307,0.05644378944921293,0.04715535438910316,0.039613423130382915,0.034242360970667816,0.039613423130382915,0.0374951130951058,0.05242466198898286,0.06666666666666667,12.659752162297567,0.18876237397392587,0.18876237397392587,0.3076649527375897,0.3348919511772692,,,,,,,120,0
efficientnet_b0,2024,FaceSwap,097_033,1,darkening_sev1,darkening,1,0.9999737227956454,1.0,1.0,0.06186726478616441,0.07665294600684587,0.06186726478616441,0.05115498987704783,0.04384394731293599,0.03909587236060696,0.04384394731293599,0.041139227234522784,0.058560564611381996,0.058333333333333334,12.518390266100566,0.16408650471518435,0.16408650471518435,0.38249856332937876,0.2577967481920495,0.9777109904530226,0.794433289233778,0.8022818302088925,0.794433289233778,0.8213679599348969,1.0,120,0
efficientnet_b0,2024,FaceSwap,097_033,1,darkening_sev2,darkening,2,0.9999995201826095,1.0,1.0,0.06318906670550624,0.07823911083278112,0.06318906670550624,0.05289544759889439,0.04485105415418042,0.03989735190412793,0.04485105415418042,0.04271897323779784,0.06125905486793742,0.058333333333333334,12.346261970202129,0.19711709320545193,0.19711709320545193,0.4250216195980708,0.21712300653258956,0.9461142969370078,0.7081480180241025,0.7139838835570363,0.7081480180241025,0.740062381762182,1.0,120,0
efficientnet_b0,2024,FaceSwap,097_033,1,darkening_sev3,darkening,3,0.9999774401386579,1.0,1.0,0.05739998969568929,0.06710357663550924,0.05739998969568929,0.05075623469530528,0.04008546608577275,0.03350879741358851,0.04008546608577275,0.04066472971059613,0.055323135046103686,0.08333333333333333,12.162852899233501,0.421899301931262,0.421899301931262,0.5656166444222133,0.3446898157397906,0.9206947994179066,0.6610746283023554,0.6466173351400487,0.6610746283023554,0.7157842040475088,1.0,120,0
efficientnet_b0,2024,FaceSwap,097_033,1,jpeg_sev1,jpeg,1,0.9623960490028064,1.0,1.0,0.04054391258574323,0.038525644231558395,0.04054391258574323,0.03860895575403574,0.027647800945097157,0.018434676061190692,0.027647800945097157,0.030320945418164727,0.0382219165236293,0.05,12.194688320159912,0.5370095707456737,0.5370095707456737,0.5623603007756174,0.6861309684997347,0.7435126999239529,0.4656118431472382,0.35156719528343433,0.4656118431472382,0.5248006837895846,1.0,120,0
efficientnet_b0,2024,FaceSwap,097_033,1,jpeg_sev2,jpeg,2,0.21905501632973026,0.13333333333333333,0.13333333333333333,0.0031349822065840113,0.004309974230410118,0.0031349822065840113,0.0032184941882221997,0.0018255768259086108,0.0019177129248820074,0.0018255768259086108,0.0018875133683218617,0.00447815031113044,0.0,5.2292697668075565,0.09075878535555261,0.09075878535555261,0.10640910664780372,0.10163895757483107,0.05067993332636269,0.03070422860891382,0.012170668156716103,0.03070422860891382,0.042679472958970455,0.13333333333333333,120,0
efficientnet_b0,2024,FaceSwap,097_033,1,jpeg_sev3,jpeg,3,0.0030437540312381545,0.0,0.0,6.143260842855e-06,0.0,6.143260842855e-06,2.11352657004825e-05,3.6963110815400004e-06,0.0,3.6963110815400004e-06,1.2817695744524999e-05,3.120726831155584e-08,0.0,6.153107039133707,-0.000570074171997717,-0.000570074171997717,0.0005668389303721561,0.00047844536336278927,0.008510876910707184,0.0026433198592356157,0.0009259259259259259,0.0026433198592356157,0.004465722734975457,0.0,120,0
efficientnet_b0,2024,FaceSwap,097_033,1,resize_sev1,resize,1,0.9999999940395355,1.0,1.0,0.04794309277306087,0.0554997498228839,0.04794309277306087,0.04330736974146491,0.0327713520598732,0.027162082683941713,0.0327713520598732,0.03400416833622326,0.04493361120992428,0.075,12.462216385205586,0.017226939896742465,0.017226939896742465,0.34114609807729723,0.2448586116234461,0.938124431306174,0.6502154653181952,0.6452005518105604,0.6502154653181952,0.7257050300642963,1.0,120,0
efficientnet_b0,2024,FaceSwap,097_033,1,resize_sev2,resize,2,0.9994427194197972,1.0,1.0,0.029992408329601806,0.027009797340039516,0.029992408329601806,0.03579209656224017,0.01972698954704507,0.012514584062080256,0.01972698954704507,0.027680086981307923,0.0358997290673552,0.016666666666666666,12.854633339246114,0.19645462793608504,0.19645462793608504,0.4668126827726761,0.4999386639955143,0.8843556568800628,0.5999714042370616,0.4710135857248004,0.5999714042370616,0.6557156633215501,1.0,120,0
efficientnet_b0,2024,FaceSwap,097_033,1,resize_sev3,resize,3,0.8172625819842021,0.975,0.975,0.05172697722084989,0.060872297760228386,0.05172697722084989,0.045682957181401744,0.03626536922554268,0.030858187501842705,0.03626536922554268,0.03634046686555438,0.04640326065962162,0.125,12.39968971411387,-0.02165216567615667,-0.02165216567615667,0.21535253034283713,0.21662375368177889,0.8320642061280334,0.5421989492143425,0.45229040780945373,0.5421989492143425,0.5959556292355569,0.975,120,0
efficientnet_b0,2024,FaceSwap,360_437,1,brightening_sev1,brightening,1,0.9094819678473718,0.9587628865979382,0.9587628865979382,0.040115501537195085,0.034177993984485344,0.040115501537195085,0.04471399838664019,0.020866937317550016,0.010976821313428187,0.020866937317550016,0.028530115440096922,0.042595555660013634,0.020618556701030927,16.445546877752875,0.4586247733347694,0.4586247733347694,0.5336047476733622,0.6324440304084307,0.8159328460264372,0.5098995930563405,0.43065438347126345,0.5098995930563405,0.5737347043428278,0.979381443298969,97,0
efficientnet_b0,2024,FaceSwap,360_437,1,brightening_sev2,brightening,2,0.7941002648938256,0.8350515463917526,0.8350515463917526,0.004395824731509596,0.0017980856470411846,0.004395824731509596,0.012319675832130407,0.0019405477979579633,0.0005012863021740382,0.0019405477979579633,0.0067142722558053885,0.009862778414882182,0.0,15.992429684117898,0.6529977922681863,0.6529977922681863,0.7393258623982847,0.7175052720146042,0.5918709009803561,0.3398802292635261,0.23375300272018756,0.3398802292635261,0.40569047169317346,0.8762886597938144,97,0
efficientnet_b0,2024,FaceSwap,360_437,1,brightening_sev3,brightening,3,0.16681920298370384,0.10309278350515463,0.10309278350515463,0.0015997922118916846,0.0,0.0015997922118916846,0.014206152211146626,0.0006875790903913316,0.0,0.0006875790903913316,0.007575256963412293,0.0018281210931334953,0.0,15.291153376864404,0.1595271925423018,0.1595271925423018,0.16277028961961792,0.16254362617031254,0.42711680956383147,0.23928801842913672,0.17381141387756247,0.23928801842913672,0.2868915313849203,0.14432989690721648,97,0
efficientnet_b0,2024,FaceSwap,360_437,1,clean,clean,0,0.9395966279445235,0.9587628865979382,0.9587628865979382,0.1017331074923729,0.11265166240833986,0.1017331074923729,0.09855936138128335,0.055497458629358086,0.037284205107486625,0.055497458629358086,0.06600704856683262,0.10133010653426426,0.14432989690721648,16.280095572324143,0.3148283918349783,0.3148283918349783,0.40248459251117463,0.5239195165406797,,,,,,,97,0
efficientnet_b0,2024,FaceSwap,360_437,1,darkening_sev1,darkening,1,0.9561677464504832,0.9690721649484536,0.9690721649484536,0.1719232539522324,0.18782611391484472,0.1719232539522324,0.15518885861808637,0.09699616579810373,0.06273537788739318,0.09699616579810373,0.108169474684629,0.16489949819686026,0.23711340206185566,16.11875131941333,0.1299239631847853,0.1299239631847853,0.2700138094537344,0.3401779694789925,0.8720868567138359,0.598916621717464,0.5495557404409349,0.598916621717464,0.6570450126043835,0.9896907216494846,97,0
efficientnet_b0,2024,FaceSwap,360_437,1,darkening_sev2,darkening,2,0.9525484721819611,0.979381443298969,0.979381443298969,0.17962187454608666,0.19170539705170891,0.17962187454608666,0.1601902736300953,0.09985446875307334,0.06328495560083026,0.09985446875307334,0.1100005809557326,0.16864444324094124,0.14432989690721648,15.86928024488626,0.0931105551972371,0.0931105551972371,0.3176955840425546,0.3275452152413037,0.7388861373330488,0.429429451665962,0.3550536805149919,0.429429451665962,0.49905914628588177,0.979381443298969,97,0
efficientnet_b0,2024,FaceSwap,360_437,1,darkening_sev3,darkening,3,0.5305743546791605,0.4948453608247423,0.4948453608247423,0.03794136552353615,0.0401909867228732,0.03794136552353615,0.035534322911144986,0.01935326580780684,0.0143490009677459,0.01935326580780684,0.020408125600508163,0.03338241702776888,0.0,14.060978260236917,0.22207526038472836,0.22207526038472836,0.36425155573572543,0.35372969299463614,0.4696514651307013,0.25217442222089176,0.23656873584578697,0.25217442222089176,0.26432915962017645,0.5360824742268041,97,0
efficientnet_b0,2024,FaceSwap,360_437,1,jpeg_sev1,jpeg,1,0.594214594817346,0.6082474226804123,0.6082474226804123,0.015639331834152084,0.012407054013339146,0.015639331834152084,0.025827126035061036,0.007701160673217453,0.0037112957383831197,0.007701160673217453,0.015243567734939007,0.016315811473344766,0.0,15.613599934528784,0.49353837643071324,0.49353837643071324,0.49268470593720926,0.5135381233052725,0.6545127469210624,0.3769517392989207,0.3047334323052604,0.3769517392989207,0.43520786701817177,0.6494845360824743,97,0
efficientnet_b0,2024,FaceSwap,360_437,1,jpeg_sev2,jpeg,2,0.028589701822319156,0.0,0.0,0.0019499688564149948,0.0,0.0019499688564149948,0.01279434562778577,0.0008402285083087729,0.0,0.0008402285083087729,0.006537133828505605,0.0010447363923813836,0.0,15.01738897303945,0.027919419555689332,0.027919419555689332,0.027496599695964876,0.02805489550507544,0.44856896206073177,0.2728579250509358,0.1943940136093365,0.2728579250509358,0.31871963411549603,0.041237113402061855,97,0
efficientnet_b0,2024,FaceSwap,360_437,1,jpeg_sev3,jpeg,3,0.05085731953137655,0.010309278350515464,0.010309278350515464,0.0019116414944050206,0.0,0.0019116414944050206,0.01585436499254311,0.0008280440800430798,0.0,0.0008280440800430798,0.008412394575501074,0.0013719351483713587,0.0,14.840403792784386,0.0448108259789506,0.0448108259789506,0.049208674918284526,0.04897176605211905,0.4245604502255414,0.24967236346167196,0.1835671351768898,0.24967236346167196,0.2832041992891259,0.05154639175257732,97,0
efficientnet_b0,2024,FaceSwap,360_437,1,resize_sev1,resize,1,0.9069029068785537,0.9278350515463918,0.9278350515463918,0.08589079480537974,0.09728833483505468,0.08589079480537974,0.0854520487055519,0.04661011096229831,0.03218654317378545,0.04661011096229831,0.05669883374903414,0.08774706124937898,0.14432989690721648,16.208712351690863,0.3139846600428915,0.3139846600428915,0.41233753762447956,0.522984226080637,0.9394368288212901,0.6964749258824977,0.6471257458772164,0.6964749258824977,0.742945386168467,0.9484536082474226,97,0
efficientnet_b0,2024,FaceSwap,360_437,1,resize_sev2,resize,2,0.8903608708498404,0.9175257731958762,0.9175257731958762,0.08089552947476346,0.08077715051414487,0.08089552947476346,0.08080164850699642,0.043484363192902005,0.02587324663771338,0.043484363192902005,0.05320440528684415,0.08067997075310518,0.10309278350515463,16.28457565897519,0.2664402003913695,0.2664402003913695,0.3996083409016587,0.5059393535358543,0.8819956492151938,0.5914792495321916,0.5341424220228281,0.5914792495321916,0.6512339640671249,0.9175257731958762,97,0
efficientnet_b0,2024,FaceSwap,360_437,1,resize_sev3,resize,3,0.727600193976127,0.7731958762886598,0.7731958762886598,0.05647294317296696,0.04583239620349873,0.05647294317296696,0.06567427302717722,0.029643191146130576,0.014619537917670686,0.029643191146130576,0.041871923887944903,0.05657086087897843,0.07216494845360824,15.94498459334226,0.34385388574716585,0.34385388574716585,0.32047423427521254,0.36977969430694263,0.6606741894010335,0.3642193592392214,0.31103992313469203,0.3642193592392214,0.41104113418719235,0.7731958762886598,97,0
efficientnet_b0,2024,FaceSwap,435_456,1,brightening_sev1,brightening,1,0.7339367959178796,0.7983193277310925,0.7983193277310925,0.0020003778155747664,0.0014541844385481538,0.0020003778155747664,0.002506842430391668,0.001795993951432494,0.001176641330165651,0.001795993951432494,0.0023500739586308564,0.002371973341769153,0.0,11.858210203026523,0.5542393167216542,0.5542393167216542,0.6205387733163295,0.5931768996635904,0.8817423689865627,0.6798526998358618,0.6438410592258424,0.6798526998358618,0.7039523139533947,0.8907563025210085,119,0
efficientnet_b0,2024,FaceSwap,435_456,1,brightening_sev2,brightening,2,0.7224292009599319,0.773109243697479,0.773109243697479,0.0022586642007903896,0.001310761791249031,0.0022586642007903896,0.0027434222524943,0.002069783295051476,0.0010508047431742151,0.002069783295051476,0.0026358983611673675,0.002358665814586221,0.0,11.618481531864456,0.5360738336609504,0.5360738336609504,0.5909597153145382,0.5672033606754996,0.7723776154858308,0.5648799990655089,0.5148623028650322,0.5648799990655089,0.5995099066254537,0.865546218487395,119,0
efficientnet_b0,2024,FaceSwap,435_456,1,brightening_sev3,brightening,3,0.7298533995361889,0.7983193277310925,0.7983193277310925,0.004213551492356784,0.002475087466687737,0.004213551492356784,0.006252509024380426,0.0037823721946345654,0.0019330981183164613,0.0037823721946345654,0.005917762443567513,0.0038558300106268225,0.0,10.615635879901276,0.4463686797583961,0.4463686797583961,0.5462032542099292,0.5118075753493673,0.6504668724346048,0.4657504953432254,0.39601964459044803,0.4657504953432254,0.49894601092732643,0.8571428571428571,119,0
efficientnet_b0,2024,FaceSwap,435_456,1,clean,clean,0,0.8313151988036492,0.907563025210084,0.907563025210084,0.00244567932166004,0.0018852212691055218,0.00244567932166004,0.002601867781135379,0.0021898739439131652,0.001521262498760364,0.0021898739439131652,0.0024389320180784714,0.002433625596543526,0.0,12.558995158732438,0.5829302869578666,0.5829302869578666,0.6705140033526494,0.6356016283614185,,,,,,,119,0
efficientnet_b0,2024,FaceSwap,435_456,1,darkening_sev1,darkening,1,0.8657504907582237,0.9243697478991597,0.9243697478991597,0.0024375371107639393,0.0019822327024626796,0.0024375371107639393,0.002726899746636736,0.0021866447869186133,0.0015647664656778478,0.0021866447869186133,0.002586378635186011,0.002546130419143043,0.0,12.74743084146195,0.6475310347061565,0.6475310347061565,0.7051002536029672,0.6850573675855681,0.9289063706193212,0.7517565074243088,0.7248980879398541,0.7517565074243088,0.7821915619022305,0.9831932773109243,119,0
efficientnet_b0,2024,FaceSwap,435_456,1,darkening_sev2,darkening,2,0.8379772431647577,0.8907563025210085,0.8907563025210085,0.0019342975486736386,0.0018148047618558134,0.0019342975486736386,0.002409555236011779,0.0016959482103042303,0.001424922898470053,0.0016959482103042303,0.00218349281525379,0.0024679767981413145,0.008403361344537815,12.331402113457688,0.6979555127579238,0.6979555127579238,0.7087155141370731,0.6962998528547092,0.843727361395088,0.6151022385021764,0.581910964596427,0.6151022385021764,0.6393861126385538,0.9159663865546218,119,0
efficientnet_b0,2024,FaceSwap,435_456,1,darkening_sev3,darkening,3,0.6291516672295495,0.6890756302521008,0.6890756302521008,0.0022046340327961087,0.0020256123706177613,0.0022046340327961087,0.002295096478406856,0.001865194960000552,0.0015912089956795932,0.001865194960000552,0.0019890509929930216,0.0020974528141920637,0.0,8.794453484671456,0.5169848261856935,0.5169848261856935,0.4921582079729253,0.5098794273378625,0.5438215882147484,0.37507743487649514,0.35612786980736283,0.37507743487649514,0.3780728919208101,0.7647058823529411,119,0
efficientnet_b0,2024,FaceSwap,435_456,1,jpeg_sev1,jpeg,1,0.18414699512828792,0.12605042016806722,0.12605042016806722,0.0,0.0,0.0,0.0,0.0,0.0,0.0,0.0,0.0,0.0,5.417467021140732,0.11292547830752855,0.11292547830752855,0.1318517588509113,0.12907190016047007,0.22086444114831275,0.1416386187126685,0.14597615242007073,0.1416386187126685,0.13702448018222907,0.2184873949579832,119,0
efficientnet_b0,2024,FaceSwap,435_456,1,jpeg_sev2,jpeg,2,0.0016285389957606596,0.0,0.0,0.0,0.0,0.0,0.0,0.0,0.0,0.0,0.0,0.0,0.0,1.8166053034678227,0.00015354391677862702,0.00015354391677862702,0.00014197538918727133,0.00015425780935294869,0.03740376131049652,0.03428706227423955,0.029829293770665687,0.03428706227423955,0.035663479610918536,0.09243697478991597,119,0
efficientnet_b0,2024,FaceSwap,435_456,1,jpeg_sev3,jpeg,3,3.9828137894744796e-05,0.0,0.0,0.0004122388472187471,0.0004122388472187471,0.0004122388472187471,0.0004122388472187471,0.00024071385212832774,0.00024071385212832774,0.00024071385212832774,0.00024071385212832774,8.961369951495315e-06,0.0,2.0697184169993683,2.114540517108035e-06,2.114540517108035e-06,2.2397694731271907e-06,2.949338855261552e-06,0.026997433467600255,0.026625616695704808,0.02587231932204094,0.026625616695704808,0.027040207725091036,0.09243697478991597,119,0
efficientnet_b0,2024,FaceSwap,435_456,1,resize_sev1,resize,1,0.9763057797896761,1.0,1.0,0.004192980972439743,0.004031033933873979,0.004192980972439743,0.0046834623831136565,0.003612481029318031,0.003051569532827026,0.003612481029318031,0.004294924494490609,0.005541709951456247,0.0,13.53741249116529,0.2555069146646547,0.2555069146646547,0.6217057801873087,0.5162441304047444,0.7602787784238292,0.5051678270568638,0.4180600345126144,0.5051678270568638,0.571333687099838,0.907563025210084,119,0
efficientnet_b0,2024,FaceSwap,435_456,1,resize_sev2,resize,2,0.7909018096412305,0.7983193277310925,0.7983193277310925,0.0021778616129467833,0.0016134516662520563,0.0021778616129467833,0.002527237115719221,0.0018689042384732598,0.0012507681469133732,0.0018689042384732598,0.0022715201666016127,0.00233709067223351,0.0,12.56686796460833,0.19805550335382088,0.19805550335382088,0.612055769281906,0.5088810206095232,0.721380388575713,0.4852488115400998,0.4199091195666939,0.4852488115400998,0.5343241127475696,0.773109243697479,119,0
efficientnet_b0,2024,FaceSwap,435_456,1,resize_sev3,resize,3,0.48609794618389685,0.48739495798319327,0.48739495798319327,0.016131402028951226,0.01576104611477947,0.016131402028951226,0.016078231258231206,0.015349797444530498,0.013504725552366786,0.015349797444530498,0.015476075793774588,0.015335073333241628,0.025210084033613446,8.486230738022748,0.09897670071540761,0.09897670071540761,0.2914436723285613,0.354961007512605,0.3032614584894655,0.1940150014690134,0.16152348600789032,0.1940150014690134,0.21152403057918776,0.5126050420168067,119,0
efficientnet_b0,2024,FaceSwap,437_360,1,brightening_sev1,brightening,1,0.9869443602168683,1.0,1.0,0.1277617675513079,0.07479437647902736,0.1277617675513079,0.17157150854746941,0.05582135667209383,0.019245047367827787,0.05582135667209383,0.09705102740815379,0.10577583989291107,0.010309278350515464,15.605826309046794,0.2018764767718991,0.2018764767718991,0.6415970801728653,0.5656629081949899,0.7676875317552806,0.443127941344221,0.36911599743796725,0.443127941344221,0.5307926512339529,1.0,97,0
efficientnet_b0,2024,FaceSwap,437_360,1,brightening_sev2,brightening,2,0.7616542409913442,0.7938144329896907,0.7938144329896907,0.06386226193244449,0.020053192643688315,0.06386226193244449,0.09769943225241202,0.027949563844018015,0.00515370702693191,0.027949563844018015,0.05383343071899755,0.04047443612732717,0.0,15.148166626999059,0.5072631266762588,0.5072631266762588,0.7389684096299779,0.7425269732345076,0.6165261280288382,0.28823512693278874,0.2684678235338951,0.28823512693278874,0.3506788311229686,0.7938144329896907,97,0
efficientnet_b0,2024,FaceSwap,437_360,1,brightening_sev3,brightening,3,0.4285268431394985,0.41237113402061853,0.41237113402061853,0.05673471420173018,0.011369956178865038,0.05673471420173018,0.07302875291548211,0.023687298143035957,0.002737766838232573,0.023687298143035957,0.035275024802106814,0.019607476727017698,0.0,14.588977056680266,0.22056146489801942,0.22056146489801942,0.41448670853536634,0.41571530347273533,0.6032553402354257,0.2825079233041553,0.268845856991777,0.2825079233041553,0.3186090189992565,0.41237113402061853,97,0
efficientnet_b0,2024,FaceSwap,437_360,1,clean,clean,0,0.9994489642762646,1.0,1.0,0.27848459347098214,0.24866012189065753,0.27848459347098214,0.28819995965686773,0.12964686767188463,0.0669037269344898,0.12964686767188463,0.1753231622397036,0.26576205336357533,0.21649484536082475,16.127396386923248,-0.00036889683340013185,-0.00036889683340013185,0.08117565804535577,0.01717222720077355,,,,,,,97,0
efficientnet_b0,2024,FaceSwap,437_360,1,darkening_sev1,darkening,1,0.9994752640576706,1.0,1.0,0.34318369402714616,0.3533612441676847,0.34318369402714616,0.3406335982115041,0.16546601397806684,0.09891459403958655,0.16546601397806684,0.2160148328361915,0.34419759677711015,0.41237113402061853,16.068826527939628,-0.00030241307524061405,-0.00030241307524061405,0.022657792900026442,0.01028747564738557,0.9494246443564017,0.7716095735254641,0.6824005065585784,0.7716095735254641,0.7951400410723021,1.0,97,0
efficientnet_b0,2024,FaceSwap,437_360,1,darkening_sev2,darkening,2,0.9999588408420995,1.0,1.0,0.352505533102224,0.361676156355758,0.352505533102224,0.34351726957297,0.17200174145747615,0.10172272657010908,0.17200174145747615,0.21981415187547942,0.3489013619219739,0.4020618556701031,16.151439017856244,-4.115915790046345e-05,-4.115915790046345e-05,0.053817595095978533,0.02241119127912617,0.9262539771355466,0.7296508835581875,0.638802405853623,0.7296508835581875,0.7606238864978686,1.0,97,0
efficientnet_b0,2024,FaceSwap,437_360,1,darkening_sev3,darkening,3,0.9999959241483629,1.0,1.0,0.3935846181874646,0.4960957132667356,0.3935846181874646,0.33294568032479877,0.19551804583878934,0.14572509069998466,0.19551804583878934,0.2093810343681833,0.39457644599067426,0.5257731958762887,16.22673748448952,-4.0758516370628465e-06,-4.0758516370628465e-06,0.6118131808398926,0.6404443451577855,0.7343005308498871,0.4515834757211221,0.29976986026657243,0.4515834757211221,0.5620795619852101,1.0,97,0
efficientnet_b0,2024,FaceSwap,437_360,1,jpeg_sev1,jpeg,1,0.9987749371331992,1.0,1.0,0.27372089845180836,0.24208262561090912,0.27372089845180836,0.28575211116285065,0.12791133618993597,0.06562476397375874,0.12791133618993597,0.17450029726579178,0.2582168119673711,0.15463917525773196,16.075169268342638,0.009023732668960227,0.009023732668960227,0.2214819876112274,0.14432940332545446,0.9678834668063612,0.7962324284362758,0.7499420218077989,0.7962324284362758,0.8237711603937585,1.0,97,0
efficientnet_b0,2024,FaceSwap,437_360,1,jpeg_sev2,jpeg,2,0.9237024891622287,0.9690721649484536,0.9690721649484536,0.2042980088892444,0.16948834907083257,0.2042980088892444,0.22880789581925187,0.09285495333633274,0.045585289787796524,0.09285495333633274,0.13316198297122814,0.1808267182502603,0.061855670103092786,15.701381299913544,0.2566092176322067,0.2566092176322067,0.8809058569881693,0.8683265378149935,0.6366813757147659,0.3124381857857277,0.2592278180878175,0.3124381857857277,0.40278905584494024,0.9690721649484536,97,0
efficientnet_b0,2024,FaceSwap,437_360,1,jpeg_sev3,jpeg,3,0.2989286694714089,0.21649484536082475,0.21649484536082475,0.1141642814581511,0.06256539120464677,0.1141642814581511,0.13245459770867604,0.05074601779118029,0.017036795952163595,0.05074601779118029,0.06962245390897882,0.06399468152589784,0.010309278350515464,14.858451971073741,0.11611709620721981,0.11611709620721981,0.2955630148977415,0.29742330612694295,0.581233427578777,0.27346878600649516,0.2524128260032806,0.27346878600649516,0.3306024174415715,0.21649484536082475,97,0
efficientnet_b0,2024,FaceSwap,437_360,1,resize_sev1,resize,1,0.9994318681893889,1.0,1.0,0.28816234875547764,0.2467124363606007,0.28816234875547764,0.30354089191215583,0.13465881875642544,0.06620109610459259,0.13465881875642544,0.18671485852509245,0.27093878701181295,0.25773195876288657,16.02570011689491,0.0005449290128098394,0.0005449290128098394,0.07366590893145686,0.026539161647717954,0.9899249605600026,0.8811389670576477,0.8527393693657638,0.8811389670576477,0.887765254072645,1.0,97,0
efficientnet_b0,2024,FaceSwap,437_360,1,resize_sev2,resize,2,0.9991291232944763,1.0,1.0,0.28266175090167256,0.23688556881445758,0.28266175090167256,0.3035275597014543,0.131669759702137,0.06321323438730077,0.131669759702137,0.18711121312827902,0.26676773238750257,0.27835051546391754,15.988056762931274,-0.00018711126956741698,-0.00018711126956741698,0.06340242814771904,0.023563463048836598,0.978344427927872,0.8244110750237509,0.7959076915289859,0.8244110750237509,0.8371896829302053,1.0,97,0
efficientnet_b0,2024,FaceSwap,437_360,1,resize_sev3,resize,3,0.9987613362135347,1.0,1.0,0.33487001571491226,0.3088948861880292,0.33487001571491226,0.33987794315521364,0.16124442361126348,0.0847242165430149,0.16124442361126348,0.21553380055781937,0.31940521124438204,0.3711340206185567,15.953965118250895,-0.0012310325484914757,-0.0012310325484914757,0.1476197542296242,0.04340085694470354,0.939082411996613,0.7134885183382426,0.6761147643324992,0.7134885183382426,0.7333268768989533,1.0,97,0
efficientnet_b0,2024,FaceSwap,456_435,1,brightening_sev1,brightening,1,0.5038802461499816,0.5042016806722689,0.5042016806722689,0.02334409203095675,0.019201090573717307,0.02334409203095675,0.025537835084343305,0.010398672324136417,0.006208088038155054,0.010398672324136417,0.013533717753011956,0.019872423038003476,0.01680672268907563,10.241923436397263,0.3242626130933572,0.3242626130933572,0.3734403675479057,0.3756879976276306,0.5655924815143836,0.40328159959107024,0.3851316150115385,0.40328159959107024,0.40269589167588443,0.7478991596638656,119,0
efficientnet_b0,2024,FaceSwap,456_435,1,brightening_sev2,brightening,2,0.41306888014606413,0.35294117647058826,0.35294117647058826,0.028423810223366736,0.027642757880065046,0.028423810223366736,0.028321974641736015,0.011753883840722585,0.00900326054197399,0.011753883840722585,0.012754355156391102,0.025958519332855277,0.04201680672268908,9.782729629708939,0.20120383812772,0.20120383812772,0.2923226813412029,0.2793281853791843,0.36204591263583835,0.2338876280541053,0.19875984756514942,0.2338876280541053,0.24876540667504288,0.6134453781512605,119,0
efficientnet_b0,2024,FaceSwap,456_435,1,brightening_sev3,brightening,3,0.4362807785832918,0.42857142857142855,0.42857142857142855,0.025774714096157187,0.022524481158865472,0.025774714096157187,0.02709621537075896,0.01333851917116909,0.007996123837623546,0.01333851917116909,0.015636248144481942,0.019731812272965138,0.01680672268907563,10.138955581088027,0.3309050596029568,0.3309050596029568,0.36347156840263073,0.35533110326534617,0.2674782391124974,0.18434140782719713,0.13817995719715337,0.18434140782719713,0.2082042248744981,0.6890756302521008,119,0
efficientnet_b0,2024,FaceSwap,456_435,1,clean,clean,0,0.7189734802442455,0.7394957983193278,0.7394957983193278,0.020986723337578363,0.01642034786385294,0.020986723337578363,0.023205195658631977,0.010996129580852092,0.005674218022469343,0.010996129580852092,0.014524012929340144,0.017798751513548355,0.025210084033613446,11.900303496032201,0.39841528222827677,0.39841528222827677,0.5194770833120306,0.5625159898194427,,,,,,,119,0
efficientnet_b0,2024,FaceSwap,456_435,1,darkening_sev1,darkening,1,0.6798662894597167,0.7058823529411765,0.7058823529411765,0.04647329558451574,0.041347612902032586,0.04647329558451574,0.04620544180516922,0.025291704047602927,0.015010714156392956,0.025291704047602927,0.02712920079519365,0.038787958330929115,0.05042016806722689,11.425712729702477,0.3064936095909333,0.3064936095909333,0.4081484109501769,0.4724195642991602,0.7359634598666682,0.5657852403527309,0.5334301848590086,0.5657852403527309,0.5727519868396034,0.9327731092436975,119,0
efficientnet_b0,2024,FaceSwap,456_435,1,darkening_sev2,darkening,2,0.5217279301341936,0.5126050420168067,0.5126050420168067,0.049430510407536966,0.05058744437427592,0.049430510407536966,0.048760587637614386,0.0232573585801429,0.018049995899106736,0.0232573585801429,0.023795517804473212,0.043186118737252754,0.03361344537815126,9.11012066111845,0.18937469030116066,0.18937469030116066,0.3259791112820395,0.3680251027719595,0.4646316123179053,0.3282719435379612,0.3116438500086532,0.3282719435379612,0.3285142084817256,0.7394957983193278,119,0
efficientnet_b0,2024,FaceSwap,456_435,1,darkening_sev3,darkening,3,0.36608101363991336,0.3277310924369748,0.3277310924369748,0.03225769232041489,0.03441891671101692,0.03225769232041489,0.03223566628350208,0.015790578649274776,0.012995798847619117,0.015790578649274776,0.016039918242238504,0.03272761682505763,0.025210084033613446,5.69240242292901,0.244979524751636,0.244979524751636,0.22248401819188304,0.2609550022077942,0.25791691441047004,0.18774384294206892,0.16584096234719908,0.18774384294206892,0.18532367429680718,0.5378151260504201,119,0
efficientnet_b0,2024,FaceSwap,456_435,1,jpeg_sev1,jpeg,1,0.19270446800247484,0.15966386554621848,0.15966386554621848,0.005312020159986992,0.004551355886106756,0.005312020159986992,0.005312020159986992,0.0019490377846717976,0.001391828467158589,0.0019490377846717976,0.0019490377846717976,0.003497259765902781,0.0,8.454976987438041,0.09867523834692145,0.09867523834692145,0.1431679236231059,0.1484633830153013,0.4453925163428204,0.2720427142635415,0.26901378997239567,0.2720427142635415,0.26601522456372473,0.42016806722689076,119,0
efficientnet_b0,2024,FaceSwap,456_435,1,jpeg_sev2,jpeg,2,0.0041097997674109975,0.0,0.0,0.00025205328311290505,0.00025205328311290505,0.00025205328311290505,0.00025205328311290505,5.211539331388991e-05,5.211539331388991e-05,5.211539331388991e-05,5.211539331388991e-05,2.3531308295035295e-05,0.0,4.32059804131003,0.0007607818235107722,0.0007607818235107722,0.0008391969280742065,0.0008939632871380875,0.15636492522753478,0.07890412139189945,0.08447358103362415,0.07890412139189945,0.07886319108611144,0.2605042016806723,119,0
efficientnet_b0,2024,FaceSwap,456_435,1,jpeg_sev3,jpeg,3,3.7119528041268515e-05,0.0,0.0,0.0,0.0,0.0,0.0,0.0,0.0,0.0,0.0,0.0,0.0,1.4098140011314584,-1.1188616720843951e-05,-1.1188616720843951e-05,-2.7188787870357217e-06,-3.443493963309559e-06,0.1007772059333767,0.0668734814698588,0.0690393039850012,0.0668734814698588,0.06572130917225188,0.2605042016806723,119,0
efficientnet_b0,2024,FaceSwap,456_435,1,resize_sev1,resize,1,0.8865389834244212,0.9159663865546218,0.9159663865546218,0.08286244501158856,0.08393361132182309,0.08286244501158856,0.08502043091907893,0.05149486208081492,0.031762102849198934,0.05149486208081492,0.06334464418672552,0.08394131629703676,0.12605042016806722,12.30842398795761,0.2589437909494741,0.2589437909494741,0.4066993438828533,0.46572031136289116,0.6508209134063171,0.4589271733146065,0.4116114592666914,0.4589271733146065,0.47982779714733187,0.8235294117647058,119,0
efficientnet_b0,2024,FaceSwap,456_435,1,resize_sev2,resize,2,0.8418834796146012,0.865546218487395,0.865546218487395,0.09958644421977937,0.10834971683476308,0.09958644421977937,0.09433963522517556,0.05971036294875848,0.04030397823835131,0.05971036294875848,0.06887214949860244,0.09721249728960861,0.07563025210084033,11.916672426111559,0.10291464705051494,0.10291464705051494,0.6127982215736719,0.5877861451952398,0.45723505803464853,0.3096843469130481,0.22633126734625172,0.3096843469130481,0.3445300037699946,0.7899159663865546,119,0
efficientnet_b0,2024,FaceSwap,456_435,1,resize_sev3,resize,3,0.5297937706981575,0.5882352941176471,0.5882352941176471,0.10359490424838338,0.10891040385025452,0.10359490424838338,0.10051307566796427,0.048923020799864304,0.03888694908370754,0.048923020799864304,0.050468938864279535,0.11020682161411487,0.13445378151260504,8.341840856215534,-0.02484205610533596,-0.02484205610533596,0.2499528751129425,0.3026471060833761,0.1857257265261136,0.13130945284298665,0.09773225763546213,0.13130945284298665,0.15162474223058267,0.6302521008403361,119,0
efficientnet_b0,2024,FaceSwap,607_683,1,brightening_sev1,brightening,1,1.0,1.0,1.0,0.010427856457011492,0.0066970771817808465,0.010427856457011492,0.013260381808386778,0.009007534145424132,0.004998430569388354,0.009007534145424132,0.012208065089283387,0.014673135935867665,0.0,16.554267331173545,5.176192835757607e-08,5.176192835757607e-08,0.10260033097706338,0.22510939130657592,0.984743228997203,0.8217350947778265,0.7912516335707444,0.8217350947778265,0.8706489772656646,1.0,76,0
efficientnet_b0,2024,FaceSwap,607_683,1,brightening_sev2,brightening,2,1.0,1.0,1.0,0.010704661239241428,0.005333393706000386,0.010704661239241428,0.015306180499834104,0.009295856085760763,0.00400210941906557,0.009295856085760763,0.01417039627939926,0.013932361052581601,0.0,16.434535992772954,1.380318089535362e-07,1.380318089535362e-07,0.1753216021155056,0.3602835495319021,0.9623563358870406,0.7228302596486071,0.6953009145411386,0.7228302596486071,0.7702846174140007,1.0,76,0
efficientnet_b0,2024,FaceSwap,607_683,1,brightening_sev3,brightening,3,1.0,1.0,1.0,0.01012132941142404,0.004184534597230079,0.01012132941142404,0.015146728656557844,0.008869173011827465,0.003184264983055631,0.008869173011827465,0.013867390446320205,0.011704117381615841,0.0,16.211237480765895,3.846068131295745e-06,3.846068131295745e-06,0.15279023270857958,0.31231517815276194,0.8778404025680323,0.5180509469394077,0.5294524388257958,0.5180509469394077,0.6153955081631083,1.0,76,0
efficientnet_b0,2024,FaceSwap,607_683,1,clean,clean,0,1.0,1.0,1.0,0.009107758063395812,0.0061290411695890485,0.009107758063395812,0.012269970907287325,0.007860923216858605,0.004620770412299396,0.007860923216858605,0.01131021185932021,0.013262126574966863,0.0,16.470889204426815,7.529007761101973e-08,7.529007761101973e-08,0.08850775070880586,0.25329755511330926,,,,,,,76,0
efficientnet_b0,2024,FaceSwap,607_683,1,darkening_sev1,darkening,1,1.0,1.0,1.0,0.009653381201101268,0.00723431452099834,0.009653381201101268,0.012381921654960918,0.008269581844372908,0.005410060507126828,0.008269581844372908,0.011348916180621473,0.013524338388822965,0.013157894736842105,16.500193721369694,1.5999141492341694e-07,1.5999141492341694e-07,0.07018894349273878,0.22366106000385783,0.9814697525380932,0.823835485869315,0.7862594740035709,0.823835485869315,0.8498833672272759,1.0,76,0
efficientnet_b0,2024,FaceSwap,607_683,1,darkening_sev2,darkening,2,1.0,1.0,1.0,0.01071142347545835,0.00980465144468296,0.01071142347545835,0.011772260507939064,0.009162111195389015,0.007312924386267125,0.009162111195389015,0.010752895954462207,0.013938469005638577,0.013157894736842105,16.561096542759945,1.3391438283415717e-05,1.3391438283415717e-05,0.07006812330923577,0.12044390251761984,0.9331639519552976,0.6747696914205675,0.5605986659928436,0.6747696914205675,0.7325502169540343,1.0,76,0
efficientnet_b0,2024,FaceSwap,607_683,1,darkening_sev3,darkening,3,0.9999469824527439,1.0,1.0,0.010540832812203797,0.015072506436436995,0.010540832812203797,0.01229656781143382,0.00900690063611619,0.011137373455146435,0.00900690063611619,0.011230945529937437,0.016991141057368375,0.0,16.704020424893027,6.875944764990454e-05,6.875944764990454e-05,0.1457474921879015,0.1797348896139546,0.7892260468362287,0.43792385686681806,0.2797271168470672,0.43792385686681806,0.5415616213471245,1.0,76,0
efficientnet_b0,2024,FaceSwap,607_683,1,jpeg_sev1,jpeg,1,1.0,1.0,1.0,0.010073070154591555,0.007070876605909392,0.010073070154591555,0.01322499038150087,0.008708577356377858,0.005251564617442244,0.008708577356377858,0.012217174604086134,0.01433646044901699,0.0,16.46555225472701,0.0,0.0,0.06498566269874569,0.24929957023184546,0.9904234796010831,0.8774316084413537,0.8553802213956212,0.8774316084413537,0.8874299329161873,1.0,76,0
efficientnet_b0,2024,FaceSwap,607_683,1,jpeg_sev2,jpeg,2,1.0,1.0,1.0,0.012069213928436984,0.0059137136403505245,0.012069213928436984,0.017167180213023558,0.010464037613026623,0.0044358153407475604,0.010464037613026623,0.015946631075475434,0.016590811492859556,0.0,16.555165315929212,0.0,0.0,0.04783353954553599,0.11787519839249157,0.9712765446906209,0.7704144680748956,0.7655835867964773,0.7704144680748956,0.7912382562509268,1.0,76,0
efficientnet_b0,2024,FaceSwap,607_683,1,jpeg_sev3,jpeg,3,0.9983914761166823,1.0,1.0,0.007583973875303125,0.010933776424648534,0.007583973875303125,0.006959530625867435,0.006433663696203827,0.008074416475227695,0.006433663696203827,0.006231756568951544,0.010294806102070043,0.013157894736842105,16.594510517622297,-0.0013029300852825645,-0.0013029300852825645,0.30742088666087697,0.6251647162104124,0.8581082749026022,0.5323168305255664,0.5208037944716476,0.5323168305255664,0.5558055912249938,1.0,76,0
efficientnet_b0,2024,FaceSwap,607_683,1,resize_sev1,resize,1,1.0,1.0,1.0,0.009390322793540615,0.0070812349564342335,0.009390322793540615,0.012308981423674894,0.008098444070064046,0.005297177489327246,0.008098444070064046,0.011328491749864783,0.01350889740140291,0.0,16.477968579844426,1.41168895520662e-08,1.41168895520662e-08,0.07804885036066954,0.22741251653305397,0.9966166595297272,0.9207217872605039,0.9096008210977565,0.9207217872605039,0.9302079772777685,1.0,76,0
efficientnet_b0,2024,FaceSwap,607_683,1,resize_sev2,resize,2,1.0,1.0,1.0,0.00901894689435859,0.005799507476241891,0.00901894689435859,0.011904818542920304,0.007760575704084803,0.004388470685830131,0.007760575704084803,0.010952914957848994,0.012958546691076869,0.0,16.470295830776816,2.4469275223581416e-07,2.4469275223581416e-07,0.06718905975944113,0.21281346124841974,0.9962097710954747,0.9163271355298135,0.8957076804050382,0.9163271355298135,0.9269400145303139,1.0,76,0
efficientnet_b0,2024,FaceSwap,607_683,1,resize_sev3,resize,3,1.0,1.0,1.0,0.009945193906220477,0.006927141320755559,0.009945193906220477,0.01289262247150038,0.008575905582784852,0.005149448729246909,0.008575905582784852,0.01186859105591966,0.014142785408576532,0.0,16.476739695197658,0.0,0.0,0.047810867428779553,0.16670094864246873,0.9892114087439301,0.8628568006115602,0.8407470495334144,0.8628568006115602,0.884218132280877,1.0,76,0
efficientnet_b0,2024,FaceSwap,671_677,1,brightening_sev1,brightening,1,0.9999999939640866,1.0,1.0,0.20175489434498503,0.23489066135600745,0.20175489434498503,0.17731192059150366,0.1148583234762902,0.08115294091904497,0.1148583234762902,0.12332627622984373,0.17316615490040652,0.20253164556962025,16.857528445086903,-6.035913394976266e-09,-6.035913394976266e-09,0.23092015031017835,0.13021502747565883,0.9516467642779103,0.6959665517380327,0.6739402632477806,0.6959665517380327,0.7371442357562531,1.0,79,0
efficientnet_b0,2024,FaceSwap,671_677,1,brightening_sev2,brightening,2,0.9999990055832682,1.0,1.0,0.10896844391387274,0.11683954388389367,0.10896844391387274,0.11124551587233295,0.05743208346968782,0.03894358898993483,0.05743208346968782,0.07180820387825916,0.12204172786157116,0.10126582278481013,16.856679119641267,0.0009111882765081836,0.0009111882765081836,0.30658000358675097,0.2523748923706102,0.8260331852921242,0.43986076425121884,0.3491643850160212,0.43986076425121884,0.5209574620211733,1.0,79,0
efficientnet_b0,2024,FaceSwap,671_677,1,brightening_sev3,brightening,3,0.9851615378468097,0.9873417721518988,0.9873417721518988,0.10920203919938026,0.11606779559879075,0.10920203919938026,0.10944712934416903,0.056044574459110555,0.03786332107021014,0.056044574459110555,0.06943230580627412,0.11859930914061022,0.13924050632911392,16.750122794622108,0.03851461883699168,0.03851461883699168,0.7368028094900677,0.7291098750222922,0.6814159901062371,0.26723504381124374,0.1583006753631676,0.26723504381124374,0.3862128133992714,0.9873417721518988,79,0
efficientnet_b0,2024,FaceSwap,671_677,1,clean,clean,0,1.0,1.0,1.0,0.23909681690798268,0.2745316353922901,0.23909681690798268,0.20079738191239604,0.13991180940699344,0.09605543942018731,0.13991180940699344,0.14353728700699225,0.1987842271442663,0.22784810126582278,16.648215269740625,0.0,0.0,0.12850664499439768,0.1062389691419239,,,,,,,79,0
efficientnet_b0,2024,FaceSwap,671_677,1,darkening_sev1,darkening,1,1.0,1.0,1.0,0.26269330999390034,0.2947129949452659,0.26269330999390034,0.2199427474895666,0.15757325360568236,0.10439875959019558,0.15757325360568236,0.16134885048271164,0.21706354864262248,0.1518987341772152,16.59995681424684,0.0,0.0,0.13373227587229086,0.11181496140323105,0.9774848282064132,0.7852681510251959,0.7713458921770645,0.7852681510251959,0.8025530148519789,1.0,79,0
efficientnet_b0,2024,FaceSwap,671_677,1,darkening_sev2,darkening,2,1.0,1.0,1.0,0.2864064265777381,0.31580871769853225,0.2864064265777381,0.23251956288698264,0.17442620965801398,0.1124658483143685,0.17442620965801398,0.17221984584999808,0.2247605708088343,0.08860759493670886,16.662497677380525,0.0,0.0,0.3798236062255087,0.3297673802398428,0.889903586949813,0.5614613906266587,0.5109091451591754,0.5614613906266587,0.6079894382881725,1.0,79,0
efficientnet_b0,2024,FaceSwap,671_677,1,darkening_sev3,darkening,3,0.9999985785423955,1.0,1.0,0.27444799822918103,0.32360969310263565,0.27444799822918103,0.22245758942835275,0.16344861375048642,0.11527590417359546,0.16344861375048642,0.16165613126146053,0.23845927319662633,0.12658227848101267,16.411255739912203,-1.3942959942395174e-06,-1.3942959942395174e-06,0.49358523014602784,0.5507853454143941,0.7223900680146751,0.37150197509470834,0.3132677521174223,0.37150197509470834,0.43534734214429527,1.0,79,0
efficientnet_b0,2024,FaceSwap,671_677,1,jpeg_sev1,jpeg,1,1.0,1.0,1.0,0.20046229896425835,0.22411380751974908,0.20046229896425835,0.17951838959192795,0.11413412649154518,0.0771221260476699,0.11413412649154518,0.12532045278235843,0.17393161350344624,0.17721518987341772,16.846979310240926,0.0,0.0,0.17383466811874243,0.11462314294863349,0.9504328290445255,0.7138573269836663,0.675509237538872,0.7138573269836663,0.7247869281224041,1.0,79,0
efficientnet_b0,2024,FaceSwap,671_677,1,jpeg_sev2,jpeg,2,0.9834203358881081,0.9873417721518988,0.9873417721518988,0.10126827227298489,0.08861796575407417,0.10126827227298489,0.10720486252097038,0.05326544925507171,0.02905311738707593,0.05326544925507171,0.06913527459156715,0.10869369780537032,0.0759493670886076,16.7298433931568,0.07285033175839653,0.07285033175839653,0.5636827808073899,0.6107356226723052,0.7551255242936892,0.3668721889903835,0.26866668243432906,0.3668721889903835,0.46078987923929554,0.9873417721518988,79,0
efficientnet_b0,2024,FaceSwap,671_677,1,jpeg_sev3,jpeg,3,0.9464824050664902,0.9746835443037974,0.9746835443037974,0.12256111679997836,0.15916750981651115,0.12256111679997836,0.10771801267443608,0.0624801233942162,0.05156228957029412,0.0624801233942162,0.06757443942827081,0.11437907286707713,0.0759493670886076,16.58332216286961,0.027785257053196087,0.027785257053196087,0.8705692315754876,0.9238249639812596,0.47151689507680855,0.13614882115447835,0.04214467540618834,0.13614882115447835,0.2643672968997463,0.9746835443037974,79,0
efficientnet_b0,2024,FaceSwap,671_677,1,resize_sev1,resize,1,1.0,1.0,1.0,0.2430859541293307,0.28114087051460146,0.2430859541293307,0.20588655620464982,0.14229867455057313,0.0983845231410222,0.14229867455057313,0.14792197602772017,0.2004358500280342,0.17721518987341772,16.68214545672453,0.0,0.0,0.1189423145938523,0.08519219673132593,0.9899242000438593,0.8467052452376285,0.836831893837088,0.8467052452376285,0.8666293931983732,1.0,79,0
efficientnet_b0,2024,FaceSwap,671_677,1,resize_sev2,resize,2,1.0,1.0,1.0,0.24093253428332215,0.27004968805501794,0.24093253428332215,0.20723617862591306,0.14137942417991817,0.09419082444699572,0.14137942417991817,0.14938741397852184,0.1989000616538071,0.20253164556962025,16.70982905279232,0.0,0.0,0.10052958130836484,0.05478062018563474,0.9803674752958966,0.8091227857072826,0.7950896865361021,0.8091227857072826,0.8215951427599167,1.0,79,0
efficientnet_b0,2024,FaceSwap,671_677,1,resize_sev3,resize,3,1.0,1.0,1.0,0.23247251589735154,0.25964976104560716,0.23247251589735154,0.20165977274899224,0.13465840101935414,0.09023504906675019,0.13465840101935414,0.14346857347872097,0.1931656245240379,0.16455696202531644,16.749948223934897,0.0,0.0,0.10156252753885484,0.06355679035186765,0.9367880860668868,0.6737812055420482,0.639367679412709,0.6737812055420482,0.6925704510238083,1.0,79,0
efficientnet_b0,2024,FaceSwap,677_671,1,brightening_sev1,brightening,1,1.0,1.0,1.0,0.10226844373458747,0.12179931542771948,0.10226844373458747,0.08676522988297894,0.07000460683619111,0.055096464472353286,0.07000460683619111,0.06908917103457406,0.07686198999120011,0.20253164556962025,16.88823139818409,6.035913394976266e-09,6.035913394976266e-09,0.00800540100170085,0.0027178880534594464,0.9541431772089527,0.6352575328886979,0.6057349878257491,0.6352575328886979,0.6804081722408115,1.0,79,0
efficientnet_b0,2024,FaceSwap,677_671,1,brightening_sev2,brightening,2,0.9999999834012382,1.0,1.0,0.07404790612906426,0.08515842256127935,0.07404790612906426,0.06884457324740584,0.04870195920365168,0.03774267628474288,0.04870195920365168,0.05297889026817493,0.0633036654153913,0.1518987341772152,16.83293823049038,3.4403951862188844e-05,3.4403951862188844e-05,0.031786166414429835,0.02341974083381361,0.8820522473659979,0.44669799182030956,0.3689912937628369,0.44669799182030956,0.5366009108315474,1.0,79,0
efficientnet_b0,2024,FaceSwap,677_671,1,brightening_sev3,brightening,3,0.9999865716016745,1.0,1.0,0.056585646863556174,0.056859841158046744,0.056585646863556174,0.05741402031700485,0.03563760017760413,0.023830741745518955,0.03563760017760413,0.04337280148906036,0.05391110083371537,0.0759493670886076,16.74512129192111,2.8180925151968985e-05,2.8180925151968985e-05,0.10533982741681831,0.12971890764900398,0.7398045608477795,0.2626199611640922,0.16014689696635773,0.2626199611640922,0.3888217812785556,1.0,79,0
efficientnet_b0,2024,FaceSwap,677_671,1,clean,clean,0,1.0,1.0,1.0,0.09603107426621807,0.11473592140359566,0.09603107426621807,0.08238424694287634,0.06427126981826671,0.05069971777099256,0.06427126981826671,0.0648239281524756,0.07814611440241524,0.24050632911392406,16.78403016585338,0.0,0.0,0.000415222554267202,1.5259543551673337e-05,,,,,,,79,0
efficientnet_b0,2024,FaceSwap,677_671,1,darkening_sev1,darkening,1,1.0,1.0,1.0,0.09781287784098598,0.11706113717776909,0.09781287784098598,0.08438306303911024,0.06614288258605946,0.05221519048472506,0.06614288258605946,0.06752173922146233,0.08348946240320716,0.21518987341772153,16.666978896418705,0.0,0.0,0.0003713218471671923,1.7093706734571785e-05,0.9786110851757535,0.7815138229725301,0.7673693431648798,0.7815138229725301,0.7929753381218951,1.0,79,0
efficientnet_b0,2024,FaceSwap,677_671,1,darkening_sev2,darkening,2,1.0,1.0,1.0,0.11772505762470965,0.1328737719818455,0.11772505762470965,0.10282229970232454,0.0827250093599905,0.060146735012944534,0.0827250093599905,0.08576897568368541,0.09692650375089208,0.24050632911392406,16.67833615556548,0.0,0.0,0.004046102867850756,0.0024217593518993425,0.9398647841917321,0.626652561896107,0.6209829063297503,0.626652561896107,0.6587998599389154,1.0,79,0
efficientnet_b0,2024,FaceSwap,677_671,1,darkening_sev3,darkening,3,0.999999995473065,1.0,1.0,0.14615279560592412,0.16905451668766705,0.14615279560592412,0.12147023672225084,0.10795124938048954,0.08000644288980224,0.10795124938048954,0.10480505952121315,0.11988251214182594,0.2911392405063291,16.47269347951382,-4.5269350462321995e-09,-4.5269350462321995e-09,0.08792153415800645,0.14981746202028248,0.8334417116652759,0.4454233627541916,0.40650156641916074,0.4454233627541916,0.4922391979634761,1.0,79,0
efficientnet_b0,2024,FaceSwap,677_671,1,jpeg_sev1,jpeg,1,1.0,1.0,1.0,0.0981081994566916,0.11961732832493564,0.0981081994566916,0.08512811337094205,0.06636994342479778,0.05359632534582712,0.06636994342479778,0.06776714036101397,0.07826913659996675,0.24050632911392406,16.85306619088861,0.0,0.0,0.0016415956654125962,0.00027424474305743864,0.9804363522640714,0.7459638723160312,0.7615593554519859,0.7459638723160312,0.7787835836438948,1.0,79,0
efficientnet_b0,2024,FaceSwap,677_671,1,jpeg_sev2,jpeg,2,0.9999236547494237,1.0,1.0,0.10069471911643987,0.1158395983331642,0.10069471911643987,0.08915118428822164,0.07044798322362415,0.054426578665129184,0.07044798322362415,0.07216886562127357,0.08543687829949109,0.13924050632911392,16.62640997729724,0.000714019884037066,0.000714019884037066,0.16040424153774596,0.21696018418179278,0.8070150366841793,0.36589533477848224,0.2965529273852843,0.36589533477848224,0.464341389909803,1.0,79,0
efficientnet_b0,2024,FaceSwap,677_671,1,jpeg_sev3,jpeg,3,0.7692434914127181,0.8734177215189873,0.8734177215189873,0.030908975863789444,0.028392072374973876,0.030908975863789444,0.03458389123940467,0.019693281276253354,0.012379933386558274,0.019693281276253354,0.02582082623340106,0.029033013052025273,0.012658227848101266,15.411913811406002,0.3487980403241855,0.3487980403241855,0.5588904627727026,0.663812920402535,0.32253272411940004,0.1113269161083628,0.04948164185384536,0.1113269161083628,0.1922685626845215,0.8734177215189873,79,0
efficientnet_b0,2024,FaceSwap,677_671,1,resize_sev1,resize,1,1.0,1.0,1.0,0.100342373717659,0.1208413955827532,0.100342373717659,0.08670826234871959,0.06814799663820513,0.05428528019574981,0.06814799663820513,0.06906179312833768,0.08100427063064651,0.24050632911392406,16.791835422757305,0.0,0.0,0.0005268695988232511,2.1116643012321796e-05,0.9926435728490974,0.8411014017233216,0.8382264699237034,0.8411014017233216,0.8661735324040234,1.0,79,0
efficientnet_b0,2024,FaceSwap,677_671,1,resize_sev2,resize,2,1.0,1.0,1.0,0.10210178869660368,0.12122599615256895,0.10210178869660368,0.08881005630249601,0.06985193314915762,0.05445528337389417,0.06985193314915762,0.07145050338987452,0.08054405217334389,0.25316455696202533,16.830897512315193,0.0,0.0,0.0004810638065579474,4.0100345128698494e-05,0.9836288380601861,0.7735294268133548,0.772646411407522,0.7735294268133548,0.8031482305166224,1.0,79,0
efficientnet_b0,2024,FaceSwap,677_671,1,resize_sev3,resize,3,1.0,1.0,1.0,0.11547522087860843,0.1351214946637315,0.11547522087860843,0.10046644892293788,0.08171995188620271,0.062074449729599405,0.08171995188620271,0.08311581513213533,0.08694940859817536,0.25316455696202533,16.834044927283177,0.0,0.0,0.005139747752418972,0.002680913556980172,0.9459149388802414,0.6131875074847469,0.6034267444061004,0.6131875074847469,0.65678369331999,1.0,79,0
efficientnet_b0,2024,FaceSwap,683_607,1,brightening_sev1,brightening,1,0.999999756875791,1.0,1.0,0.2031856347272257,0.23011344795457375,0.2031856347272257,0.1938464768767382,0.11458753367061841,0.07901756025177648,0.11458753367061841,0.13936894178341755,0.19628124956965792,0.2894736842105263,16.276462780801875,-2.431242089522512e-07,-2.431242089522512e-07,0.44532643199751254,0.1422646986810784,0.9572719231339076,0.729682341245806,0.6342979534360119,0.729682341245806,0.7771948015463375,1.0,76,0
efficientnet_b0,2024,FaceSwap,683_607,1,brightening_sev2,brightening,2,0.9997135879177796,1.0,1.0,0.15465431045004502,0.12943241784319473,0.15465431045004502,0.15541565716977274,0.08323703839469505,0.04174512894326857,0.08323703839469505,0.10627034904165308,0.1426831800005307,0.21052631578947367,16.154160825829756,-0.00014172886547289402,-0.00014172886547289402,0.3722542786088429,0.29108891861611286,0.8904914358894073,0.620101896614557,0.527459733522727,0.620101896614557,0.6436284935012436,1.0,76,0
efficientnet_b0,2024,FaceSwap,683_607,1,brightening_sev3,brightening,3,0.954066561240899,0.9868421052631579,0.9868421052631579,0.1120617379021421,0.08578208740212609,0.1120617379021421,0.12377016846675563,0.060726267629595654,0.03119553845592201,0.060726267629595654,0.07922444290876161,0.0995319211250122,0.039473684210526314,15.33658934894361,-0.01937645948246902,-0.01937645948246902,0.6667873888815704,0.6688782688916514,0.6529206566788287,0.45459231028889296,0.3324470682503485,0.45459231028889296,0.48208548930560946,0.9868421052631579,76,0
efficientnet_b0,2024,FaceSwap,683_607,1,clean,clean,0,1.0,1.0,1.0,0.15899205297844973,0.17508507296110212,0.15899205297844973,0.15962104009260042,0.08537655362397267,0.05852768739223977,0.08537655362397267,0.10934675269671515,0.1606304698714115,0.25,16.372013995521947,0.0,0.0,0.2745713638631921,0.060247322446421524,,,,,,,76,0
efficientnet_b0,2024,FaceSwap,683_607,1,darkening_sev1,darkening,1,1.0,1.0,1.0,0.17773706248574875,0.20572868853184956,0.17773706248574875,0.17137645692279166,0.09770053154361974,0.0701068283223069,0.09770053154361974,0.11951507943212762,0.17956781696453375,0.2631578947368421,16.247282517583745,0.0,0.0,0.26042538244081165,0.08938178145571754,0.9855732106797442,0.8550463917173563,0.7668457361517123,0.8550463917173563,0.8874253853696404,1.0,76,0
efficientnet_b0,2024,FaceSwap,683_607,1,darkening_sev2,darkening,2,1.0,1.0,1.0,0.20272421642438795,0.23501734206081606,0.20272421642438795,0.1897275890101755,0.11525529496554761,0.08144487268363776,0.11525529496554761,0.13644422970695033,0.20406271252392347,0.2894736842105263,16.06709532988699,0.0,0.0,0.3214908635341807,0.15000941055385686,0.9450202070921098,0.7213525021422835,0.6147899225220056,0.7213525021422835,0.7851424516826944,1.0,76,0
efficientnet_b0,2024,FaceSwap,683_607,1,darkening_sev3,darkening,3,0.999951350061517,1.0,1.0,0.21808867196423573,0.2556937085302257,0.21808867196423573,0.1948698822867451,0.1259912859661819,0.08878219919765314,0.1259912859661819,0.1409998251468412,0.2200820743256547,0.23684210526315788,15.857779653448807,0.0001014839661748774,0.0001014839661748774,0.7039963710183081,0.7605630584600332,0.8587234857983383,0.5817513850451809,0.46489520643045273,0.5817513850451809,0.6514949078929039,1.0,76,0
efficientnet_b0,2024,FaceSwap,683_607,1,jpeg_sev1,jpeg,1,1.0,1.0,1.0,0.15801676054518593,0.1744834632367256,0.15801676054518593,0.157656606206381,0.0846747741724962,0.05792824690802771,0.0846747741724962,0.10775091020253784,0.15951190970394322,0.25,16.387485654730547,0.0,0.0,0.221106373361851,0.035598624693719924,0.9946266421281195,0.9107859769479071,0.8115630086652584,0.9107859769479071,0.9257326412295072,1.0,76,0
efficientnet_b0,2024,FaceSwap,683_607,1,jpeg_sev2,jpeg,2,1.0,1.0,1.0,0.16301909171692755,0.1766794023219185,0.16301909171692755,0.16629692676782,0.08799393775002383,0.0587906072558238,0.08799393775002383,0.11523604555458963,0.16521947795198297,0.3026315789473684,16.443825445677106,0.0,0.0,0.21005687294037717,0.03828255518486621,0.9820278802925614,0.8263388354806624,0.6726898457771098,0.8263388354806624,0.8720647386266426,1.0,76,0
efficientnet_b0,2024,FaceSwap,683_607,1,jpeg_sev3,jpeg,3,0.9925870511092638,1.0,1.0,0.14695891651167975,0.15076956912501868,0.14695891651167975,0.15113982932158904,0.07780131196714103,0.048741536723901406,0.07780131196714103,0.10248121761175182,0.14986998648536407,0.18421052631578946,16.615343420129072,0.003755268297697393,0.003755268297697393,0.5672310879392746,0.6302428257063424,0.6626275566083755,0.36911788139789603,0.17318773620809455,0.36911788139789603,0.43952213863580986,1.0,76,0
efficientnet_b0,2024,FaceSwap,683_607,1,resize_sev1,resize,1,1.0,1.0,1.0,0.16029671071955157,0.1759739076284081,0.16029671071955157,0.16045443508090632,0.08616888251069747,0.05880900867372663,0.08616888251069747,0.11002126627398792,0.1618303163218072,0.25,16.363330928902876,0.0,0.0,0.2624939911459621,0.04626124940420447,0.9982249520504498,0.9433459098164582,0.8926148154946111,0.9433459098164582,0.9541574785553264,1.0,76,0
efficientnet_b0,2024,FaceSwap,683_607,1,resize_sev2,resize,2,1.0,1.0,1.0,0.1614180561824519,0.17889162486152677,0.1614180561824519,0.16075545506387393,0.08690058920423846,0.059932625587864406,0.08690058920423846,0.11033467911513165,0.1629178478737888,0.25,16.363222410804347,0.0,0.0,0.23964728238551236,0.04063585361367773,0.9971073709306664,0.9330698416706193,0.8653937285227219,0.9330698416706193,0.9440067600849753,1.0,76,0
efficientnet_b0,2024,FaceSwap,683_607,1,resize_sev3,resize,3,1.0,1.0,1.0,0.15875415873205267,0.1720164718740352,0.15875415873205267,0.15959294593244824,0.08525381905056827,0.057415707189158914,0.08525381905056827,0.10941930677488991,0.16142218971508018,0.23684210526315788,16.358409116142674,0.0,0.0,0.1809750336565469,0.02853965288714354,0.992146860757668,0.8906342503681195,0.7979618597110784,0.8906342503681195,0.9089938505654437,1.0,76,0
efficientnet_b0,2024,FaceSwap,876_891,1,brightening_sev1,brightening,1,0.2230930403984038,0.1891891891891892,0.1891891891891892,0.0014491057763426917,0.0006636100386100378,0.0014491057763426917,0.001557529184416958,0.0008613339502918798,0.00027805968640110136,0.0008613339502918798,0.0009628255489316704,0.0007154197869223163,0.0,12.629718226355475,0.13385606788309615,0.13385606788309615,0.17088440638959532,0.14139656621222996,0.7803547866226447,0.6022466360273665,0.5059685044107494,0.6022466360273665,0.6360190941555129,0.7972972972972973,74,0
efficientnet_b0,2024,FaceSwap,876_891,1,brightening_sev2,brightening,2,0.1044028812008233,0.08108108108108109,0.08108108108108109,0.000288579292616977,0.0,0.000288579292616977,0.000288579292616977,0.00016417642757612027,0.0,0.00016417642757612027,0.00016417642757612027,3.5461253707148646e-06,0.0,12.611924790047311,0.09343874060114345,0.09343874060114345,0.1006004731900948,0.08421532244348191,0.6409222052110402,0.4775843361434583,0.39054656472331883,0.4775843361434583,0.5066634002216096,0.6891891891891891,74,0
efficientnet_b0,2024,FaceSwap,876_891,1,brightening_sev3,brightening,3,0.18503400027622918,0.14864864864864866,0.14864864864864866,0.0006253192452798838,0.0,0.0006253192452798838,0.000721023082550723,0.00034272003956428243,0.0,0.00034272003956428243,0.00039921165760392705,1.3145478233714328e-05,0.0,12.475578978254989,0.12454977343406569,0.12454977343406569,0.17275313065463138,0.15242768136689647,0.670500512519705,0.4909260485102907,0.407026750227758,0.4909260485102907,0.5187335338510591,0.7567567567567568,74,0
efficientnet_b0,2024,FaceSwap,876_891,1,clean,clean,0,0.4280207818908918,0.3918918918918919,0.3918918918918919,0.011294610854413792,0.010169989749280293,0.011294610854413792,0.011822718088661378,0.007420281024877324,0.004480608740491608,0.007420281024877324,0.00868782737511555,0.010821576578035659,0.02702702702702703,13.05482696842503,0.1366661811876789,0.1366661811876789,0.2985262180128191,0.2079052739134881,,,,,,,74,0
efficientnet_b0,2024,FaceSwap,876_891,1,darkening_sev1,darkening,1,0.5717293333979575,0.581081081081081,0.581081081081081,0.018855325689720984,0.017151833502979785,0.018855325689720984,0.019170064662353024,0.012194894757741786,0.00752905845582609,0.012194894757741786,0.013948628865127903,0.015649270364976844,0.02702702702702703,13.147180299501162,0.07789388761876899,0.07789388761876899,0.382567890419572,0.29822675479384064,0.8444249911224324,0.6610278512486073,0.5742130224945623,0.6610278512486073,0.6991880803445807,0.8108108108108109,74,0
efficientnet_b0,2024,FaceSwap,876_891,1,darkening_sev2,darkening,2,0.7043806698198456,0.7162162162162162,0.7162162162162162,0.024612129039957596,0.0233493414408353,0.024612129039957596,0.024593078959699873,0.015903213319552703,0.01011272103342576,0.015903213319552703,0.017780091456550542,0.02139640785653207,0.02702702702702703,13.055553719804093,0.1112587747539274,0.1112587747539274,0.5752934366236012,0.4925452266399736,0.584642593164748,0.45191589953006484,0.3610636504560883,0.45191589953006484,0.49336812286748827,0.6756756756756757,74,0
efficientnet_b0,2024,FaceSwap,876_891,1,darkening_sev3,darkening,3,0.564314963157616,0.5675675675675675,0.5675675675675675,0.01618062959257183,0.015903833847752055,0.01618062959257183,0.016210607229197403,0.00971293771867607,0.007012753675364284,0.00971293771867607,0.010525321443552369,0.015414306065548196,0.013513513513513514,9.862173080444336,0.27860901219065526,0.27860901219065526,0.43807608721741614,0.41815795907687797,0.3822389987041849,0.29685106028621255,0.22507234068404489,0.29685106028621255,0.3185197761191083,0.7162162162162162,74,0
efficientnet_b0,2024,FaceSwap,876_891,1,jpeg_sev1,jpeg,1,0.015561276794101435,0.0,0.0,0.0,0.0,0.0,0.0,0.0,0.0,0.0,0.0,0.0,0.0,11.741075786384377,0.0125593546724585,0.0125593546724585,0.010618055962305833,0.008470685797224577,0.4124771079249171,0.3455293702130371,0.2961280017134141,0.3455293702130371,0.35397296196340206,0.6081081081081081,74,0
efficientnet_b0,2024,FaceSwap,876_891,1,jpeg_sev2,jpeg,2,4.788051402418137e-06,0.0,0.0,0.0,0.0,0.0,0.0,0.0,0.0,0.0,0.0,0.0,0.0,11.861045463665112,4.650736116094186e-06,4.650736116094186e-06,4.438262650214243e-06,4.377114679969409e-06,0.34481568152392233,0.3185592209474956,0.2683356350210895,0.3185592209474956,0.33054626264483644,0.6081081081081081,74,0
efficientnet_b0,2024,FaceSwap,876_891,1,jpeg_sev3,jpeg,3,1.6558467496589337e-07,0.0,0.0,0.0,0.0,0.0,0.0,0.0,0.0,0.0,0.0,0.0,0.0,11.544096998266271,9.326789507473854e-08,9.326789507473854e-08,1.1414484906808906e-07,1.3087706453359053e-07,0.26139907029108167,0.21217928443332898,0.18106923991970494,0.21217928443332898,0.22332216904965327,0.6081081081081081,74,0
efficientnet_b0,2024,FaceSwap,876_891,1,resize_sev1,resize,1,0.5754565189063952,0.581081081081081,0.581081081081081,0.0153194749907407,0.011956920723103635,0.0153194749907407,0.01706381548650879,0.008760951429582036,0.00498739229509275,0.008760951429582036,0.01115700880911937,0.010646936699611798,0.013513513513513514,13.293011472031877,0.10507446781067865,0.10507446781067865,0.4533471736515551,0.3447246148818915,0.7615161235913276,0.5871867661449837,0.5119218080141423,0.5871867661449837,0.6160783177379597,0.7837837837837838,74,0
efficientnet_b0,2024,FaceSwap,876_891,1,resize_sev2,resize,2,0.5582244785438053,0.5540540540540541,0.5540540540540541,0.01520169334702918,0.015750104292406947,0.01520169334702918,0.01705451320393888,0.00911509919421958,0.006537334209885895,0.00911509919421958,0.011906898013439205,0.014826533105798383,0.04054054054054054,13.39829209044173,0.0015992613598182085,0.0015992613598182085,0.440697804267271,0.34034927859738673,0.604617691415255,0.47365992418829617,0.3912044134338454,0.47365992418829617,0.5076627493840404,0.7567567567567568,74,0
efficientnet_b0,2024,FaceSwap,876_891,1,resize_sev3,resize,3,0.2293547883502371,0.13513513513513514,0.13513513513513514,0.0029192979593444398,0.001834860664759742,0.0029192979593444398,0.0029192979593444398,0.0016193545877886961,0.000757407673780577,0.0016193545877886961,0.0016193545877886961,0.0016309046617911753,0.0,9.976503591279727,0.025556722848016956,0.025556722848016956,0.141983184433893,0.1420995515845051,0.2616464797128566,0.21340434753656623,0.17711095408187033,0.21340434753656623,0.2205265867888355,0.7162162162162162,74,0
efficientnet_b0,2024,FaceSwap,891_876,1,brightening_sev1,brightening,1,0.9927880474039026,1.0,1.0,0.0006629701804213197,0.000940459590017227,0.0006629701804213197,0.0005073803707807946,0.0006584684631733095,0.0009277745780470526,0.0006584684631733095,0.0005049436755165919,0.0006257109545755351,0.0,15.479056268124967,0.025243807609218204,0.025243807609218204,0.2870725969708449,0.27622691441226643,0.9543468334994011,0.7088924770496097,0.72891285710991,0.7088924770496097,0.7098737896568627,1.0,74,0
efficientnet_b0,2024,FaceSwap,891_876,1,brightening_sev2,brightening,2,0.9931334079922857,1.0,1.0,0.0005576065607225506,0.0008186381509833689,0.0005576065607225506,0.0004741423119762602,0.0005538498411180783,0.0008071408429667892,0.0005538498411180783,0.000472196978984645,0.0005488273318967167,0.0,15.465583234219938,0.04558674049739902,0.04558674049739902,0.3599409756055605,0.3795281825461299,0.8977005063953977,0.5851357013669051,0.5986914399479413,0.5851357013669051,0.5909524735454793,1.0,74,0
efficientnet_b0,2024,FaceSwap,891_876,1,brightening_sev3,brightening,3,0.9970861093418019,1.0,1.0,0.00039079161665302024,0.0006041206443133242,0.00039079161665302024,0.0003333948017784392,0.000387980442747123,0.0005954626582003514,0.000387980442747123,0.0003318497757736973,0.00041760765923931934,0.0,15.78287529300999,0.07916300920014446,0.07916300920014446,0.33748848955272825,0.4092455717005037,0.8404331362857924,0.4804995135889388,0.4472217575018714,0.4804995135889388,0.5128498758616292,1.0,74,0
efficientnet_b0,2024,FaceSwap,891_876,1,clean,clean,0,0.9888914114720112,1.0,1.0,0.0006465254298010006,0.001102965874771162,0.0006465254298010006,0.0005003200042689028,0.0006421176698476868,0.0010881319202716948,0.0006421176698476868,0.0004980795868232446,0.0006366584009491325,0.0,15.544759260641563,0.024266982904157127,0.024266982904157127,0.22305307134583185,0.18509173799759226,,,,,,,74,0
efficientnet_b0,2024,FaceSwap,891_876,1,darkening_sev1,darkening,1,0.9826220000112379,1.0,1.0,0.0005699702359409818,0.0009121421601367229,0.0005699702359409818,0.0004818977787561473,0.0005660589320864759,0.000899863181169227,0.0005660589320864759,0.00047959497130657295,0.0006200133234136689,0.0,15.301233394725903,0.017872007312001413,0.017872007312001413,0.3566111482025401,0.2951569058617728,0.9553829894992798,0.7241733428749189,0.7459082730626448,0.7241733428749189,0.7203766017390467,1.0,74,0
efficientnet_b0,2024,FaceSwap,891_876,1,darkening_sev2,darkening,2,0.92627738104076,0.9459459459459459,0.9459459459459459,0.0005043864805985054,0.0006321832484708298,0.0005043864805985054,0.0004099536944701874,0.0005004462592837608,0.0006226971467336513,0.0005004462592837608,0.00040777793633760463,0.0005158971168401829,0.0,14.427818169464937,0.05505721940583475,0.05505721940583475,0.6232421851867961,0.5665382661516905,0.7671916155041874,0.47977990489580613,0.4614250964967168,0.47977990489580613,0.4904490686412425,0.9459459459459459,74,0
efficientnet_b0,2024,FaceSwap,891_876,1,darkening_sev3,darkening,3,0.670683841356328,0.7162162162162162,0.7162162162162162,0.000413393967977573,0.0005148362301982338,0.000413393967977573,0.00038305102916339325,0.0004093826468407919,0.0005059196127185946,0.0004093826468407919,0.0003794694795397162,0.00031840032456947887,0.0,11.066765463030016,0.03225004187206158,0.03225004187206158,0.5268120993250459,0.4955067430242166,0.5036104838411481,0.31648004466437535,0.29692412142405883,0.31648004466437535,0.3095295127273854,0.7162162162162162,74,0
efficientnet_b0,2024,FaceSwap,891_876,1,jpeg_sev1,jpeg,1,0.857727806511763,0.9324324324324325,0.9324324324324325,0.0005281525206497243,0.0008438364494026527,0.0005281525206497243,0.00044638517318164187,0.0005239013473772216,0.0008314608372695649,0.0005239013473772216,0.00044343678082267026,0.0005479220531589613,0.0,13.574450621733794,0.01376905294789658,0.01376905294789658,0.46725422990936283,0.4395257197194607,0.6719331002275073,0.4112624290867305,0.4077447778895698,0.4112624290867305,0.4174897471860982,0.9324324324324325,74,0
efficientnet_b0,2024,FaceSwap,891_876,1,jpeg_sev2,jpeg,2,0.16236686872965747,0.02702702702702703,0.02702702702702703,0.0,0.0,0.0,0.0,0.0,0.0,0.0,0.0,0.0,0.0,8.344753046293516,0.02152853406152789,0.02152853406152789,0.06206616321051603,0.03364049222019838,0.12553742309767796,0.06150594765026781,0.030094770888109683,0.06150594765026781,0.07189402478618719,0.02702702702702703,74,0
efficientnet_b0,2024,FaceSwap,891_876,1,jpeg_sev3,jpeg,3,0.0034201994056495748,0.0,0.0,0.0,0.0,0.0,0.0,0.0,0.0,0.0,0.0,0.0,0.0,10.50502159788802,0.0012687574503615693,0.0012687574503615693,0.0019319701290152805,0.0016295783855775879,0.14216269989831537,0.06126538118195026,0.036969984662601645,0.06126538118195026,0.0752314487904247,0.0,74,0
efficientnet_b0,2024,FaceSwap,891_876,1,resize_sev1,resize,1,0.9913395457976574,0.9864864864864865,0.9864864864864865,0.0007162715183880419,0.0011735787817557445,0.0007162715183880419,0.0005049222737414826,0.0007112005358098851,0.001157384954513519,0.0007112005358098851,0.0005025095208525402,0.0006814304598416328,0.0,15.492312921060098,0.0036424644090033865,0.0036424644090033865,0.23719972684173965,0.21237861918839246,0.9684370124140537,0.7433893989598868,0.7458774622478713,0.7433893989598868,0.7520728618832797,0.9864864864864865,74,0
efficientnet_b0,2024,FaceSwap,891_876,1,resize_sev2,resize,2,0.9944810972020433,1.0,1.0,0.0006446180195064675,0.000926109723115694,0.0006446180195064675,0.0005027808891098325,0.00063990569377355,0.0009127285915670675,0.00063990569377355,0.0005003282350455135,0.0006286952688244868,0.0,15.290184149871001,0.012657434956447503,0.012657434956447503,0.33397469868430407,0.3339241057684695,0.922652715740704,0.634965399118882,0.6392179247747976,0.634965399118882,0.6444504480323897,1.0,74,0
efficientnet_b0,2024,FaceSwap,891_876,1,resize_sev3,resize,3,0.7701001945580985,0.7972972972972973,0.7972972972972973,0.0004472145623241608,0.0006034992233595414,0.0004472145623241608,0.00038055090871467974,0.0004438498266753216,0.0005936795367570759,0.0004438498266753216,0.000378537672053846,0.00037898541372694423,0.0,13.50996460785737,-0.0018009277110969451,-0.0018009277110969451,0.5666193568109963,0.557219535933581,0.5815717952133211,0.36064645073494944,0.32331421005312405,0.36064645073494944,0.3651529591161418,0.7972972972972973,74,0
efficientnet_b0,2024,NeuralTextures,033_097,1,brightening_sev1,brightening,1,0.72829111777246,0.7583333333333333,0.7583333333333333,0.03837198656414176,0.03205597493252515,0.03837198656414176,0.03988786512911719,0.01777866468383849,0.009413651604867268,0.01777866468383849,0.022476520859544706,0.03129102790757686,0.041666666666666664,9.514447156588236,0.48561714035070813,0.48561714035070813,0.5230240227887407,0.4921546082827263,0.6849382798775495,0.4917894696856156,0.506151117045237,0.4917894696856156,0.474763460821335,0.8083333333333333,120,0
efficientnet_b0,2024,NeuralTextures,033_097,1,brightening_sev2,brightening,2,0.5637949446759497,0.55,0.55,0.022654444176917463,0.019999633157804637,0.022654444176917463,0.023694016689915783,0.009827024455574469,0.005840035641229751,0.009827024455574469,0.011885254785040692,0.017732873685921764,0.025,9.342662835121155,0.3789204826190447,0.3789204826190447,0.38837761111402264,0.3565570152597502,0.48723577319676903,0.30893133569552356,0.3086571089752844,0.30893133569552356,0.31257229673246295,0.6,120,0
efficientnet_b0,2024,NeuralTextures,033_097,1,brightening_sev3,brightening,3,0.44843956142819175,0.36666666666666664,0.36666666666666664,0.012305823201941454,0.009872432105770764,0.012305823201941454,0.012502123641176517,0.005346856509200178,0.002889998266946877,0.005346856509200178,0.006204476507192202,0.007608831241203959,0.025,8.992858743667602,0.2857748747803271,0.2857748747803271,0.27559420066342377,0.25906046963063994,0.3464383168303442,0.20429043494918295,0.1946453162319268,0.20429043494918295,0.21323131601467082,0.4166666666666667,120,0
efficientnet_b0,2024,NeuralTextures,033_097,1,clean,clean,0,0.9290792886167765,0.95,0.95,0.07003094353786468,0.06668510247445243,0.07003094353786468,0.0677821826367218,0.03445492228911158,0.020492935990122703,0.03445492228911158,0.04103499011070227,0.06096734278724757,0.075,11.781898482640583,0.5298315131183092,0.5298315131183092,0.5350432193760449,0.5751805630105082,,,,,,,120,0
efficientnet_b0,2024,NeuralTextures,033_097,1,darkening_sev1,darkening,1,0.9262665264308453,0.9416666666666667,0.9416666666666667,0.09488638216366585,0.09072981914858845,0.09488638216366585,0.09393423227920779,0.04716895608754152,0.02850435911168991,0.04716895608754152,0.05751557032278826,0.08212326607538153,0.075,11.273193407058717,0.6197566479095258,0.6197566479095258,0.5800857199084324,0.6205575636199986,0.8951525238484563,0.7387589034250654,0.7393327172293286,0.7387589034250654,0.7102769284557635,0.9916666666666667,120,0
efficientnet_b0,2024,NeuralTextures,033_097,1,darkening_sev2,darkening,2,0.9319641242735088,0.9416666666666667,0.9416666666666667,0.12700939942128295,0.1360892840213502,0.12700939942128295,0.12468915885977928,0.06752782061629413,0.04503990740976174,0.06752782061629413,0.08182031421971021,0.12476291263223042,0.15,11.026831126213073,0.6618917667646504,0.6618917667646504,0.5771931661972,0.6524774317770304,0.8100413144877603,0.6044494337285146,0.5747557833153779,0.6044494337285146,0.5772397575661672,0.9916666666666667,120,0
efficientnet_b0,2024,NeuralTextures,033_097,1,darkening_sev3,darkening,3,0.9657783559833963,0.9833333333333333,0.9833333333333333,0.1809309260631257,0.2203303715614947,0.1809309260631257,0.16865294549160242,0.10107521602958708,0.07734505696283735,0.10107521602958708,0.11700198718350512,0.18750934403347333,0.23333333333333334,11.421961983044943,0.7434254252385775,0.7434254252385775,0.5651719676951568,0.7171946620528615,0.6993309738193124,0.48017730842939493,0.39929712087816643,0.48017730842939493,0.46524679153510645,0.9666666666666667,120,0
efficientnet_b0,2024,NeuralTextures,033_097,1,jpeg_sev1,jpeg,1,0.745319527387619,0.7916666666666666,0.7916666666666666,0.04667507226329668,0.043369956535143424,0.04667507226329668,0.045381807372351875,0.022423643562735265,0.013252036526482188,0.022423643562735265,0.02695768014479622,0.04022630371694284,0.041666666666666664,9.0893754641215,0.49283830310450866,0.49283830310450866,0.5104395885951817,0.5028546540454651,0.6048793428942802,0.4287300200771306,0.4236255520089508,0.4287300200771306,0.415340936635345,0.8083333333333333,120,0
efficientnet_b0,2024,NeuralTextures,033_097,1,jpeg_sev2,jpeg,2,0.2542202023886299,0.19166666666666668,0.19166666666666668,0.010980702462743307,0.00834626625985427,0.010980702462743307,0.012601539040810945,0.00508484043304305,0.0025292068883951764,0.00508484043304305,0.006987941471885453,0.007234629024668075,0.008333333333333333,5.627504841486613,0.1578827329816704,0.1578827329816704,0.1620476840621753,0.13926969194581035,0.18238028390196565,0.11047728290835382,0.10165456411352028,0.11047728290835382,0.11625360057253606,0.24166666666666667,120,0
efficientnet_b0,2024,NeuralTextures,033_097,1,jpeg_sev3,jpeg,3,0.025468883919233982,0.0,0.0,0.0,0.0,0.0,0.0,0.0,0.0,0.0,0.0,0.0,0.0,4.160332274436951,0.008477032686937471,0.008477032686937471,0.008286128392577039,0.005655669938899623,0.07541035733965894,0.02459647314278044,0.02028801534855016,0.02459647314278044,0.03430793693143598,0.05,120,0
efficientnet_b0,2024,NeuralTextures,033_097,1,resize_sev1,resize,1,0.982707375784715,1.0,1.0,0.1258973225440107,0.13279722490281912,0.1258973225440107,0.12406590505818188,0.06496597787831923,0.04271992561935367,0.06496597787831923,0.07965727803018309,0.12410193085633024,0.08333333333333333,11.910797039667765,0.3348223521374166,0.3348223521374166,0.573945534749267,0.714616205758648,0.7834129167170698,0.5712515755751875,0.5453832155362247,0.5712515755751875,0.5313313792754707,0.95,120,0
efficientnet_b0,2024,NeuralTextures,033_097,1,resize_sev2,resize,2,0.9699605067571004,1.0,1.0,0.14816687556037617,0.16517733375081373,0.14816687556037617,0.1458702478380797,0.07839504753814769,0.05446162177206773,0.07839504753814769,0.0971680865549705,0.14722578733583686,0.125,12.00744780699412,0.3123137277783826,0.3123137277783826,0.6062308736989508,0.6643676351784962,0.735340164076705,0.5210790200221805,0.47686631074783564,0.5210790200221805,0.4782436976405997,0.95,120,0
efficientnet_b0,2024,NeuralTextures,033_097,1,resize_sev3,resize,3,0.8989233697454134,1.0,1.0,0.28524130567334255,0.3255329207882282,0.28524130567334255,0.24869268732969257,0.18864141514661287,0.12552479092053676,0.18864141514661287,0.19990929362045082,0.2697117645511017,0.31666666666666665,11.733849898974102,0.02453419044613838,0.02453419044613838,0.24119348277648286,0.23768454740444817,0.45494212502652975,0.2530392821067289,0.17097768420035805,0.2530392821067289,0.2955205830700872,0.95,120,0
efficientnet_b0,2024,NeuralTextures,097_033,1,brightening_sev1,brightening,1,0.9935986111561458,1.0,1.0,0.1736530053414533,0.21507340880138032,0.1736530053414533,0.14189886596675852,0.11360766674003703,0.08571412668632777,0.11360766674003703,0.1107849257794837,0.15030332692444287,0.23333333333333334,12.636202144622803,0.380589130303512,0.380589130303512,0.4536108820931986,0.5910278413087023,0.9288710357918294,0.6756647549651761,0.6218525213307785,0.6756647549651761,0.7047895814438185,1.0,120,0
efficientnet_b0,2024,NeuralTextures,097_033,1,brightening_sev2,brightening,2,0.9774906009435653,1.0,1.0,0.15166386696737924,0.1805510877939002,0.15166386696737924,0.1298843388989031,0.09482176449338658,0.06967634367683402,0.09482176449338658,0.0970822624590857,0.1355492553112863,0.175,12.256542181968689,0.4714727777405642,0.4714727777405642,0.5087873296812176,0.6310695809583801,0.8083635884507416,0.5174879422814946,0.39649855226754543,0.5174879422814946,0.5857330490488495,1.0,120,0
efficientnet_b0,2024,NeuralTextures,097_033,1,brightening_sev3,brightening,3,0.9526603564620018,1.0,1.0,0.13867232076035446,0.1604670644910803,0.13867232076035446,0.1252615905614859,0.08532243515595193,0.06033772703662602,0.08532243515595193,0.09455481752913969,0.12928629926740592,0.18333333333333332,11.986685291926067,0.5242148539672296,0.5242148539672296,0.5449879455380142,0.6623077997472138,0.705162491303078,0.4233609992560943,0.2828467792617311,0.4233609992560943,0.49261462080596957,1.0,120,0
efficientnet_b0,2024,NeuralTextures,097_033,1,clean,clean,0,0.9998109176754951,1.0,1.0,0.19911007900815078,0.24883860719050435,0.19911007900815078,0.1565889082087625,0.13444397510340894,0.10133780120241148,0.13444397510340894,0.12540022019563513,0.16540590758706658,0.26666666666666666,12.659752162297567,0.18876237397392587,0.18876237397392587,0.3076649527375897,0.3348919511772692,,,,,,,120,0
efficientnet_b0,2024,NeuralTextures,097_033,1,darkening_sev1,darkening,1,0.9999737227956454,1.0,1.0,0.2105034136838047,0.26085267149112995,0.2105034136838047,0.1664533534899111,0.1452564136304992,0.10697183382268532,0.1452564136304992,0.1366757179914834,0.18207635506499206,0.3,12.518390266100566,0.16408650471518435,0.16408650471518435,0.38249856332937876,0.2577967481920495,0.9777109904530226,0.794433289233778,0.8022818302088925,0.794433289233778,0.8213679599348969,1.0,120,0
efficientnet_b0,2024,NeuralTextures,097_033,1,darkening_sev2,darkening,2,0.9999995201826095,1.0,1.0,0.21721490991260284,0.2663769247051474,0.21721490991260284,0.173805849880939,0.15159806870107034,0.10961230917699256,0.15159806870107034,0.14538868436232644,0.1967063926966118,0.30833333333333335,12.346261970202129,0.19711709320545193,0.19711709320545193,0.4250216195980708,0.21712300653258956,0.9461142969370078,0.7081480180241025,0.7139838835570363,0.7081480180241025,0.740062381762182,1.0,120,0
efficientnet_b0,2024,NeuralTextures,097_033,1,darkening_sev3,darkening,3,0.9999774401386579,1.0,1.0,0.2066708230499747,0.2636276239201884,0.2066708230499747,0.17212511214842713,0.1400808578560949,0.10803525283639383,0.1400808578560949,0.1426948876971462,0.19731540433768377,0.30833333333333335,12.162852899233501,0.421899301931262,0.421899301931262,0.5656166444222133,0.3446898157397906,0.9206947994179066,0.6610746283023554,0.6466173351400487,0.6610746283023554,0.7157842040475088,1.0,120,0
efficientnet_b0,2024,NeuralTextures,097_033,1,jpeg_sev1,jpeg,1,0.9623960490028064,1.0,1.0,0.15509806089578568,0.18589609357470638,0.15509806089578568,0.13247206183591081,0.09832045764502544,0.07224470900211132,0.09832045764502544,0.10205737878808778,0.13618976374744335,0.20833333333333334,12.194688320159912,0.5370095707456737,0.5370095707456737,0.5623603007756174,0.6861309684997347,0.7435126999239529,0.4656118431472382,0.35156719528343433,0.4656118431472382,0.5248006837895846,1.0,120,0
efficientnet_b0,2024,NeuralTextures,097_033,1,jpeg_sev2,jpeg,2,0.21905501632973026,0.13333333333333333,0.13333333333333333,0.013196488361917728,0.011762190715644053,0.013196488361917728,0.013496486014149411,0.005863937762754131,0.003804373850757682,0.005863937762754131,0.006202569719074299,0.008637724538300253,0.0,5.2292697668075565,0.09075878535555261,0.09075878535555261,0.10640910664780372,0.10163895757483107,0.05067993332636269,0.03070422860891382,0.012170668156716103,0.03070422860891382,0.042679472958970455,0.13333333333333333,120,0
efficientnet_b0,2024,NeuralTextures,097_033,1,jpeg_sev3,jpeg,3,0.0030437540312381545,0.0,0.0,0.0006235409755498217,1.2218963831866668e-05,0.0006235409755498217,0.0006793478260869559,0.00029512677366829414,3.6358347876666667e-06,0.00029512677366829414,0.00032569046378322,6.182518912255583e-05,0.0,6.153107039133707,-0.000570074171997717,-0.000570074171997717,0.0005668389303721561,0.00047844536336278927,0.008510876910707184,0.0026433198592356157,0.0009259259259259259,0.0026433198592356157,0.004465722734975457,0.0,120,0
efficientnet_b0,2024,NeuralTextures,097_033,1,resize_sev1,resize,1,0.9999999940395355,1.0,1.0,0.1883915318990568,0.2631823696369679,0.1883915318990568,0.15019638949212158,0.12289264838247721,0.10766304843058015,0.12289264838247721,0.11768683326413322,0.16597747286251077,0.30833333333333335,12.462216385205586,0.017226939896742465,0.017226939896742465,0.34114609807729723,0.2448586116234461,0.938124431306174,0.6502154653181952,0.6452005518105604,0.6502154653181952,0.7257050300642963,1.0,120,0
efficientnet_b0,2024,NeuralTextures,097_033,1,resize_sev2,resize,2,0.9994427194197972,1.0,1.0,0.16175537729482448,0.22727460532155644,0.16175537729482448,0.13196123292134204,0.09971955372583002,0.08875158115566847,0.09971955372583002,0.09897313463948851,0.1331268698127648,0.20833333333333334,12.854633339246114,0.19645462793608504,0.19645462793608504,0.4668126827726761,0.4999386639955143,0.8843556568800628,0.5999714042370616,0.4710135857248004,0.5999714042370616,0.6557156633215501,1.0,120,0
efficientnet_b0,2024,NeuralTextures,097_033,1,resize_sev3,resize,3,0.8172625819842021,0.975,0.975,0.1849943425992455,0.22415659001315086,0.1849943425992455,0.15394213650028937,0.12215840515108911,0.08897827506076833,0.12215840515108911,0.12286360700485312,0.1558381425113168,0.25833333333333336,12.39968971411387,-0.02165216567615667,-0.02165216567615667,0.21535253034283713,0.21662375368177889,0.8320642061280334,0.5421989492143425,0.45229040780945373,0.5421989492143425,0.5959556292355569,0.975,120,0
efficientnet_b0,2024,NeuralTextures,360_437,1,brightening_sev1,brightening,1,0.9094819678473718,0.9587628865979382,0.9587628865979382,0.043168646019651986,0.03759656152697421,0.043168646019651986,0.045756960192629224,0.022634659904115034,0.011752148006721521,0.022634659904115034,0.029782278824154188,0.04448870288324475,0.030927835051546393,16.445546877752875,0.4586247733347694,0.4586247733347694,0.5336047476733622,0.6324440304084307,0.8159328460264372,0.5098995930563405,0.43065438347126345,0.5098995930563405,0.5737347043428278,0.979381443298969,97,0
efficientnet_b0,2024,NeuralTextures,360_437,1,brightening_sev2,brightening,2,0.7941002648938256,0.8350515463917526,0.8350515463917526,0.003087129279938179,0.0010502660564751154,0.003087129279938179,0.007016411139072263,0.00132779158407578,0.000282015432474,0.00132779158407578,0.0037551714664326883,0.008151324273146037,0.0,15.992429684117898,0.6529977922681863,0.6529977922681863,0.7393258623982847,0.7175052720146042,0.5918709009803561,0.3398802292635261,0.23375300272018756,0.3398802292635261,0.40569047169317346,0.8762886597938144,97,0
efficientnet_b0,2024,NeuralTextures,360_437,1,brightening_sev3,brightening,3,0.16681920298370384,0.10309278350515463,0.10309278350515463,8.519715122651444e-05,0.0,8.519715122651444e-05,0.005085307515507019,3.455701844575729e-05,0.0,3.455701844575729e-05,0.0025842860724288844,0.00046632009380788447,0.0,15.291153376864404,0.1595271925423018,0.1595271925423018,0.16277028961961792,0.16254362617031254,0.42711680956383147,0.23928801842913672,0.17381141387756247,0.23928801842913672,0.2868915313849203,0.14432989690721648,97,0
efficientnet_b0,2024,NeuralTextures,360_437,1,clean,clean,0,0.9395966279445235,0.9587628865979382,0.9587628865979382,0.1141384984277246,0.12246932588314638,0.1141384984277246,0.11068084997187336,0.06326876426604813,0.03978408367443616,0.06326876426604813,0.07652603221909597,0.11177019455264747,0.14432989690721648,16.280095572324143,0.3148283918349783,0.3148283918349783,0.40248459251117463,0.5239195165406797,,,,,,,97,0
efficientnet_b0,2024,NeuralTextures,360_437,1,darkening_sev1,darkening,1,0.9561677464504832,0.9690721649484536,0.9690721649484536,0.1946699433698599,0.21724401623738165,0.1946699433698599,0.1765489467352597,0.11147795460162582,0.07214942315025791,0.11147795460162582,0.12622022149381917,0.187350054619992,0.23711340206185566,16.11875131941333,0.1299239631847853,0.1299239631847853,0.2700138094537344,0.3401779694789925,0.8720868567138359,0.598916621717464,0.5495557404409349,0.598916621717464,0.6570450126043835,0.9896907216494846,97,0
efficientnet_b0,2024,NeuralTextures,360_437,1,darkening_sev2,darkening,2,0.9525484721819611,0.979381443298969,0.979381443298969,0.21292648086624827,0.24347826297433708,0.21292648086624827,0.18523337019119304,0.11976950840000278,0.08076831835790237,0.11976950840000278,0.12952642468495296,0.2038457895171034,0.24742268041237114,15.86928024488626,0.0931105551972371,0.0931105551972371,0.3176955840425546,0.3275452152413037,0.7388861373330488,0.429429451665962,0.3550536805149919,0.429429451665962,0.49905914628588177,0.979381443298969,97,0
efficientnet_b0,2024,NeuralTextures,360_437,1,darkening_sev3,darkening,3,0.5305743546791605,0.4948453608247423,0.4948453608247423,0.04154311499760263,0.045370678207550155,0.04154311499760263,0.039073930442317314,0.021247476465989238,0.01675515832092716,0.021247476465989238,0.022407642677359705,0.04060878170502757,0.061855670103092786,14.060978260236917,0.22207526038472836,0.22207526038472836,0.36425155573572543,0.35372969299463614,0.4696514651307013,0.25217442222089176,0.23656873584578697,0.25217442222089176,0.26432915962017645,0.5360824742268041,97,0
efficientnet_b0,2024,NeuralTextures,360_437,1,jpeg_sev1,jpeg,1,0.594214594817346,0.6082474226804123,0.6082474226804123,0.015139528812426254,0.012815271311349564,0.015139528812426254,0.020792873314404086,0.007613620828279314,0.0037519669383263487,0.007613620828279314,0.012534979577320868,0.01589862698210255,0.0,15.613599934528784,0.49353837643071324,0.49353837643071324,0.49268470593720926,0.5135381233052725,0.6545127469210624,0.3769517392989207,0.3047334323052604,0.3769517392989207,0.43520786701817177,0.6494845360824743,97,0
efficientnet_b0,2024,NeuralTextures,360_437,1,jpeg_sev2,jpeg,2,0.028589701822319156,0.0,0.0,0.00039555964193504334,0.0,0.00039555964193504334,0.006891392317124494,0.00016128721035325153,0.0,0.00016128721035325153,0.003386698080925868,0.00037739926498923487,0.0,15.01738897303945,0.027919419555689332,0.027919419555689332,0.027496599695964876,0.02805489550507544,0.44856896206073177,0.2728579250509358,0.1943940136093365,0.2728579250509358,0.31871963411549603,0.041237113402061855,97,0
efficientnet_b0,2024,NeuralTextures,360_437,1,jpeg_sev3,jpeg,3,0.05085731953137655,0.010309278350515464,0.010309278350515464,0.00020809511640293793,0.0,0.00020809511640293793,0.007213721159365073,8.671296826697904e-05,0.0,8.671296826697904e-05,0.0036281319042539236,0.0003709048332741989,0.0,14.840403792784386,0.0448108259789506,0.0448108259789506,0.049208674918284526,0.04897176605211905,0.4245604502255414,0.24967236346167196,0.1835671351768898,0.24967236346167196,0.2832041992891259,0.05154639175257732,97,0
efficientnet_b0,2024,NeuralTextures,360_437,1,resize_sev1,resize,1,0.9069029068785537,0.9278350515463918,0.9278350515463918,0.09418686112686128,0.10265712040248885,0.09418686112686128,0.09389164841520635,0.05179650326957308,0.03323299427643113,0.05179650326957308,0.06391721875998473,0.09500370142303975,0.14432989690721648,16.208712351690863,0.3139846600428915,0.3139846600428915,0.41233753762447956,0.522984226080637,0.9394368288212901,0.6964749258824977,0.6471257458772164,0.6964749258824977,0.742945386168467,0.9484536082474226,97,0
efficientnet_b0,2024,NeuralTextures,360_437,1,resize_sev2,resize,2,0.8903608708498404,0.9175257731958762,0.9175257731958762,0.0868736402095769,0.08710474186528647,0.0868736402095769,0.0863967056043714,0.0472061291806627,0.027521768826102723,0.0472061291806627,0.058024871954046944,0.08757969530472852,0.10309278350515463,16.28457565897519,0.2664402003913695,0.2664402003913695,0.3996083409016587,0.5059393535358543,0.8819956492151938,0.5914792495321916,0.5341424220228281,0.5914792495321916,0.6512339640671249,0.9175257731958762,97,0
efficientnet_b0,2024,NeuralTextures,360_437,1,resize_sev3,resize,3,0.727600193976127,0.7731958762886598,0.7731958762886598,0.05562316533126914,0.046381120684118114,0.05562316533126914,0.06146291418598493,0.029684176263867244,0.014500524368532029,0.029684176263867244,0.040021094695391154,0.05497718115117761,0.07216494845360824,15.94498459334226,0.34385388574716585,0.34385388574716585,0.32047423427521254,0.36977969430694263,0.6606741894010335,0.3642193592392214,0.31103992313469203,0.3642193592392214,0.41104113418719235,0.7731958762886598,97,0
efficientnet_b0,2024,NeuralTextures,435_456,1,brightening_sev1,brightening,1,0.7339367959178796,0.7983193277310925,0.7983193277310925,0.06659915615522055,0.06561564498190582,0.06659915615522055,0.0652124195242633,0.033664674586813784,0.022843984696592802,0.033664674586813784,0.03821018965847227,0.05757457617017734,0.05042016806722689,11.858210203026523,0.5542393167216542,0.5542393167216542,0.6205387733163295,0.5931768996635904,0.8817423689865627,0.6798526998358618,0.6438410592258424,0.6798526998358618,0.7039523139533947,0.8907563025210085,119,0
efficientnet_b0,2024,NeuralTextures,435_456,1,brightening_sev2,brightening,2,0.7224292009599319,0.773109243697479,0.773109243697479,0.051916050122027844,0.05302311252626245,0.051916050122027844,0.05211047083571635,0.02635064877181697,0.017844445089847297,0.02635064877181697,0.03153368387880271,0.047779635714876055,0.05042016806722689,11.618481531864456,0.5360738336609504,0.5360738336609504,0.5909597153145382,0.5672033606754996,0.7723776154858308,0.5648799990655089,0.5148623028650322,0.5648799990655089,0.5995099066254537,0.865546218487395,119,0
efficientnet_b0,2024,NeuralTextures,435_456,1,brightening_sev3,brightening,3,0.7298533995361889,0.7983193277310925,0.7983193277310925,0.06002770742702761,0.05966362526667447,0.06002770742702761,0.06143073109320129,0.030515425700436055,0.02063959325407004,0.030515425700436055,0.03642883302316871,0.059650303684530594,0.04201680672268908,10.615635879901276,0.4463686797583961,0.4463686797583961,0.5462032542099292,0.5118075753493673,0.6504668724346048,0.4657504953432254,0.39601964459044803,0.4657504953432254,0.49894601092732643,0.8571428571428571,119,0
efficientnet_b0,2024,NeuralTextures,435_456,1,clean,clean,0,0.8313151988036492,0.907563025210084,0.907563025210084,0.0835360728513176,0.08599379625566568,0.0835360728513176,0.08230441296422653,0.047866434745994564,0.031081235661343326,0.047866434745994564,0.055432534284638846,0.07291796793097174,0.058823529411764705,12.558995158732438,0.5829302869578666,0.5829302869578666,0.6705140033526494,0.6356016283614185,,,,,,,119,0
efficientnet_b0,2024,NeuralTextures,435_456,1,darkening_sev1,darkening,1,0.8657504907582237,0.9243697478991597,0.9243697478991597,0.10142949817734355,0.10753162811371031,0.10142949817734355,0.0966858483202181,0.05966861915121356,0.03940380303252635,0.05966861915121356,0.06845726484385514,0.09114176399157524,0.07563025210084033,12.74743084146195,0.6475310347061565,0.6475310347061565,0.7051002536029672,0.6850573675855681,0.9289063706193212,0.7517565074243088,0.7248980879398541,0.7517565074243088,0.7821915619022305,0.9831932773109243,119,0
efficientnet_b0,2024,NeuralTextures,435_456,1,darkening_sev2,darkening,2,0.8379772431647577,0.8907563025210085,0.8907563025210085,0.10837040822855093,0.11202827511085837,0.10837040822855093,0.10530637752032813,0.06492147575392072,0.0412575876832478,0.06492147575392072,0.07460714729932484,0.10007153623468375,0.08403361344537816,12.331402113457688,0.6979555127579238,0.6979555127579238,0.7087155141370731,0.6962998528547092,0.843727361395088,0.6151022385021764,0.581910964596427,0.6151022385021764,0.6393861126385538,0.9159663865546218,119,0
efficientnet_b0,2024,NeuralTextures,435_456,1,darkening_sev3,darkening,3,0.6291516672295495,0.6890756302521008,0.6890756302521008,0.08156012775542554,0.08470037014093951,0.08156012775542554,0.08009276955919264,0.044842531172389295,0.030875433706094496,0.044842531172389295,0.049483671648848496,0.07839709896029722,0.06722689075630252,8.794453484671456,0.5169848261856935,0.5169848261856935,0.4921582079729253,0.5098794273378625,0.5438215882147484,0.37507743487649514,0.35612786980736283,0.37507743487649514,0.3780728919208101,0.7647058823529411,119,0
efficientnet_b0,2024,NeuralTextures,435_456,1,jpeg_sev1,jpeg,1,0.18414699512828792,0.12605042016806722,0.12605042016806722,0.009645724651998443,0.009162103782487791,0.009645724651998443,0.009645724651998443,0.002986663576302243,0.0025779866796739707,0.002986663576302243,0.002986663576302243,0.0034696111070017187,0.0,5.417467021140732,0.11292547830752855,0.11292547830752855,0.1318517588509113,0.12907190016047007,0.22086444114831275,0.1416386187126685,0.14597615242007073,0.1416386187126685,0.13702448018222907,0.2184873949579832,119,0
efficientnet_b0,2024,NeuralTextures,435_456,1,jpeg_sev2,jpeg,2,0.0016285389957606596,0.0,0.0,0.0,0.0,0.0,0.0,0.0,0.0,0.0,0.0,0.0,0.0,1.8166053034678227,0.00015354391677862702,0.00015354391677862702,0.00014197538918727133,0.00015425780935294869,0.03740376131049652,0.03428706227423955,0.029829293770665687,0.03428706227423955,0.035663479610918536,0.09243697478991597,119,0
efficientnet_b0,2024,NeuralTextures,435_456,1,jpeg_sev3,jpeg,3,3.9828137894744796e-05,0.0,0.0,0.0,0.0,0.0,0.0,0.0,0.0,0.0,0.0,0.0,0.0,2.0697184169993683,2.114540517108035e-06,2.114540517108035e-06,2.2397694731271907e-06,2.949338855261552e-06,0.026997433467600255,0.026625616695704808,0.02587231932204094,0.026625616695704808,0.027040207725091036,0.09243697478991597,119,0
efficientnet_b0,2024,NeuralTextures,435_456,1,resize_sev1,resize,1,0.9763057797896761,1.0,1.0,0.16128829354921162,0.18460100456766285,0.16128829354921162,0.13794580584301533,0.10444171720826323,0.07118209404169777,0.10444171720826323,0.10872347056965054,0.1363142202480694,0.16806722689075632,13.53741249116529,0.2555069146646547,0.2555069146646547,0.6217057801873087,0.5162441304047444,0.7602787784238292,0.5051678270568638,0.4180600345126144,0.5051678270568638,0.571333687099838,0.907563025210084,119,0
efficientnet_b0,2024,NeuralTextures,435_456,1,resize_sev2,resize,2,0.7909018096412305,0.7983193277310925,0.7983193277310925,0.12354968279811927,0.14488723791288927,0.12354968279811927,0.10988221098475699,0.07347889816826118,0.053337695884299756,0.07347889816826118,0.07969180306816717,0.11443912141509913,0.15126050420168066,12.56686796460833,0.19805550335382088,0.19805550335382088,0.612055769281906,0.5088810206095232,0.721380388575713,0.4852488115400998,0.4199091195666939,0.4852488115400998,0.5343241127475696,0.773109243697479,119,0
efficientnet_b0,2024,NeuralTextures,435_456,1,resize_sev3,resize,3,0.48609794618389685,0.48739495798319327,0.48739495798319327,0.13169553232415518,0.14598557455562078,0.13169553232415518,0.12033962863470588,0.0849399794508177,0.058055961897442374,0.0849399794508177,0.08675811836290288,0.1384197823328589,0.15126050420168066,8.486230738022748,0.09897670071540761,0.09897670071540761,0.2914436723285613,0.354961007512605,0.3032614584894655,0.1940150014690134,0.16152348600789032,0.1940150014690134,0.21152403057918776,0.5126050420168067,119,0
efficientnet_b0,2024,NeuralTextures,437_360,1,brightening_sev1,brightening,1,0.9869443602168683,1.0,1.0,0.13026825987140433,0.07844656451664078,0.13026825987140433,0.17013431114721944,0.059584604497851114,0.021547344819062147,0.059584604497851114,0.09951474608077603,0.10714637303703664,0.010309278350515464,15.605826309046794,0.2018764767718991,0.2018764767718991,0.6415970801728653,0.5656629081949899,0.7676875317552806,0.443127941344221,0.36911599743796725,0.443127941344221,0.5307926512339529,1.0,97,0
efficientnet_b0,2024,NeuralTextures,437_360,1,brightening_sev2,brightening,2,0.7616542409913442,0.7938144329896907,0.7938144329896907,0.07420357322264381,0.028610217949636804,0.07420357322264381,0.10553230429760758,0.033836325869113094,0.007939744142131831,0.033836325869113094,0.059712251387077864,0.046863727956297015,0.0,15.148166626999059,0.5072631266762588,0.5072631266762588,0.7389684096299779,0.7425269732345076,0.6165261280288382,0.28823512693278874,0.2684678235338951,0.28823512693278874,0.3506788311229686,0.7938144329896907,97,0
efficientnet_b0,2024,NeuralTextures,437_360,1,brightening_sev3,brightening,3,0.4285268431394985,0.41237113402061853,0.41237113402061853,0.06993870564057286,0.025066789165649746,0.06993870564057286,0.08521393489914246,0.030319118210929672,0.006910514767335324,0.030319118210929672,0.042082467855454,0.027812009135306567,0.0,14.588977056680266,0.22056146489801942,0.22056146489801942,0.41448670853536634,0.41571530347273533,0.6032553402354257,0.2825079233041553,0.268845856991777,0.2825079233041553,0.3186090189992565,0.41237113402061853,97,0
efficientnet_b0,2024,NeuralTextures,437_360,1,clean,clean,0,0.9994489642762646,1.0,1.0,0.2652328810175754,0.22597479556808,0.2652328810175754,0.27981153140063675,0.12895208403096406,0.06412677658891028,0.12895208403096406,0.17647710706777311,0.25259728507275336,0.1958762886597938,16.127396386923248,-0.00036889683340013185,-0.00036889683340013185,0.08117565804535577,0.01717222720077355,,,,,,,97,0
efficientnet_b0,2024,NeuralTextures,437_360,1,darkening_sev1,darkening,1,0.9994752640576706,1.0,1.0,0.3323869677324871,0.324201656566944,0.3323869677324871,0.3358057228176734,0.16808882063355715,0.09577580061786338,0.16808882063355715,0.2219287760928896,0.3282567339679283,0.4020618556701031,16.068826527939628,-0.00030241307524061405,-0.00030241307524061405,0.022657792900026442,0.01028747564738557,0.9494246443564017,0.7716095735254641,0.6824005065585784,0.7716095735254641,0.7951400410723021,1.0,97,0
efficientnet_b0,2024,NeuralTextures,437_360,1,darkening_sev2,darkening,2,0.9999588408420995,1.0,1.0,0.33819317548944366,0.33868992876068266,0.33819317548944366,0.33555584700311847,0.17284722989615037,0.10085353301042772,0.17284722989615037,0.22319813536956076,0.33422510729155247,0.38144329896907214,16.151439017856244,-4.115915790046345e-05,-4.115915790046345e-05,0.053817595095978533,0.02241119127912617,0.9262539771355466,0.7296508835581875,0.638802405853623,0.7296508835581875,0.7606238864978686,1.0,97,0
efficientnet_b0,2024,NeuralTextures,437_360,1,darkening_sev3,darkening,3,0.9999959241483629,1.0,1.0,0.3672267581479922,0.46437143773318884,0.3672267581479922,0.3171997342860536,0.18953824302534214,0.14422483380394607,0.18953824302534214,0.20599812396050496,0.3764700329641222,0.5051546391752577,16.22673748448952,-4.0758516370628465e-06,-4.0758516370628465e-06,0.6118131808398926,0.6404443451577855,0.7343005308498871,0.4515834757211221,0.29976986026657243,0.4515834757211221,0.5620795619852101,1.0,97,0
efficientnet_b0,2024,NeuralTextures,437_360,1,jpeg_sev1,jpeg,1,0.9987749371331992,1.0,1.0,0.2625844423904601,0.2240182220980162,0.2625844423904601,0.27632255640981507,0.12789737513324928,0.06394959716195345,0.12789737513324928,0.1742965319816398,0.24604814410334658,0.15463917525773196,16.075169268342638,0.009023732668960227,0.009023732668960227,0.2214819876112274,0.14432940332545446,0.9678834668063612,0.7962324284362758,0.7499420218077989,0.7962324284362758,0.8237711603937585,1.0,97,0
efficientnet_b0,2024,NeuralTextures,437_360,1,jpeg_sev2,jpeg,2,0.9237024891622287,0.9690721649484536,0.9690721649484536,0.1985638923756989,0.15774175705346513,0.1985638923756989,0.22573406849760075,0.0936962519931868,0.04457015906699406,0.0936962519931868,0.13566425442320104,0.17360042018102426,0.061855670103092786,15.701381299913544,0.2566092176322067,0.2566092176322067,0.8809058569881693,0.8683265378149935,0.6366813757147659,0.3124381857857277,0.2592278180878175,0.3124381857857277,0.40278905584494024,0.9690721649484536,97,0
efficientnet_b0,2024,NeuralTextures,437_360,1,jpeg_sev3,jpeg,3,0.2989286694714089,0.21649484536082475,0.21649484536082475,0.12108235277124395,0.07277749655591642,0.12108235277124395,0.13880903028841154,0.055740538098253266,0.0209071002256995,0.055740538098253266,0.0752157938724335,0.07018776316851683,0.010309278350515464,14.858451971073741,0.11611709620721981,0.11611709620721981,0.2955630148977415,0.29742330612694295,0.581233427578777,0.27346878600649516,0.2524128260032806,0.27346878600649516,0.3306024174415715,0.21649484536082475,97,0
efficientnet_b0,2024,NeuralTextures,437_360,1,resize_sev1,resize,1,0.9994318681893889,1.0,1.0,0.27408385072051383,0.22479163451341627,0.27408385072051383,0.29352867080495626,0.13378964751596212,0.06370162785477239,0.13378964751596212,0.18710341141805417,0.25696661110311175,0.23711340206185566,16.02570011689491,0.0005449290128098394,0.0005449290128098394,0.07366590893145686,0.026539161647717954,0.9899249605600026,0.8811389670576477,0.8527393693657638,0.8811389670576477,0.887765254072645,1.0,97,0
efficientnet_b0,2024,NeuralTextures,437_360,1,resize_sev2,resize,2,0.9991291232944763,1.0,1.0,0.2689295294416162,0.21720276003391428,0.2689295294416162,0.2924348803789795,0.13086099708389387,0.061192602694628485,0.13086099708389387,0.18652372011164003,0.25283081679974984,0.25773195876288657,15.988056762931274,-0.00018711126956741698,-0.00018711126956741698,0.06340242814771904,0.023563463048836598,0.978344427927872,0.8244110750237509,0.7959076915289859,0.8244110750237509,0.8371896829302053,1.0,97,0
efficientnet_b0,2024,NeuralTextures,437_360,1,resize_sev3,resize,3,0.9987613362135347,1.0,1.0,0.32007659776722097,0.2896695043428127,0.32007659776722097,0.32839927055874113,0.16116989537409,0.08416899576041968,0.16116989537409,0.21577723706116111,0.30467636514204,0.35051546391752575,15.953965118250895,-0.0012310325484914757,-0.0012310325484914757,0.1476197542296242,0.04340085694470354,0.939082411996613,0.7134885183382426,0.6761147643324992,0.7134885183382426,0.7333268768989533,1.0,97,0
efficientnet_b0,2024,NeuralTextures,456_435,1,brightening_sev1,brightening,1,0.5038802461499816,0.5042016806722689,0.5042016806722689,0.03437529941100901,0.028904246928988714,0.03437529941100901,0.03666166061394397,0.013846418489605706,0.008016427322990672,0.013846418489605706,0.017720625692213093,0.026605083688275945,0.01680672268907563,10.241923436397263,0.3242626130933572,0.3242626130933572,0.3734403675479057,0.3756879976276306,0.5655924815143836,0.40328159959107024,0.3851316150115385,0.40328159959107024,0.40269589167588443,0.7478991596638656,119,0
efficientnet_b0,2024,NeuralTextures,456_435,1,brightening_sev2,brightening,2,0.41306888014606413,0.35294117647058826,0.35294117647058826,0.04256065106455351,0.0417965612692596,0.04256065106455351,0.04247366724515902,0.015618736320038512,0.011760064084108192,0.015618736320038512,0.017184888335563687,0.03333310103742955,0.04201680672268908,9.782729629708939,0.20120383812772,0.20120383812772,0.2923226813412029,0.2793281853791843,0.36204591263583835,0.2338876280541053,0.19875984756514942,0.2338876280541053,0.24876540667504288,0.6134453781512605,119,0
efficientnet_b0,2024,NeuralTextures,456_435,1,brightening_sev3,brightening,3,0.4362807785832918,0.42857142857142855,0.42857142857142855,0.039136477695633054,0.03510000097976781,0.039136477695633054,0.040488727806063766,0.01732232123658043,0.010428648124473104,0.01732232123658043,0.02034116266151514,0.028261064181159243,0.01680672268907563,10.138955581088027,0.3309050596029568,0.3309050596029568,0.36347156840263073,0.35533110326534617,0.2674782391124974,0.18434140782719713,0.13817995719715337,0.18434140782719713,0.2082042248744981,0.6890756302521008,119,0
efficientnet_b0,2024,NeuralTextures,456_435,1,clean,clean,0,0.7189734802442455,0.7394957983193278,0.7394957983193278,0.03563745476892423,0.026238122713746488,0.03563745476892423,0.03859365734846473,0.016447244412784827,0.007717584929498669,0.016447244412784827,0.021830846793706175,0.02736498321920586,0.025210084033613446,11.900303496032201,0.39841528222827677,0.39841528222827677,0.5194770833120306,0.5625159898194427,,,,,,,119,0
efficientnet_b0,2024,NeuralTextures,456_435,1,darkening_sev1,darkening,1,0.6798662894597167,0.7058823529411765,0.7058823529411765,0.06938289088054143,0.06176144330968093,0.06938289088054143,0.06917179021954155,0.03358465051541289,0.019367589838129324,0.03358465051541289,0.03681378354878029,0.051764773066300764,0.04201680672268908,11.425712729702477,0.3064936095909333,0.3064936095909333,0.4081484109501769,0.4724195642991602,0.7359634598666682,0.5657852403527309,0.5334301848590086,0.5657852403527309,0.5727519868396034,0.9327731092436975,119,0
efficientnet_b0,2024,NeuralTextures,456_435,1,darkening_sev2,darkening,2,0.5217279301341936,0.5126050420168067,0.5126050420168067,0.06792436373897628,0.06905478102309008,0.06792436373897628,0.06694221225993731,0.029340313212409246,0.021846248678416773,0.029340313212409246,0.03027128295613539,0.06331216045057365,0.07563025210084033,9.11012066111845,0.18937469030116066,0.18937469030116066,0.3259791112820395,0.3680251027719595,0.4646316123179053,0.3282719435379612,0.3116438500086532,0.3282719435379612,0.3285142084817256,0.7394957983193278,119,0
efficientnet_b0,2024,NeuralTextures,456_435,1,darkening_sev3,darkening,3,0.36608101363991336,0.3277310924369748,0.3277310924369748,0.04737970292125188,0.051182811310893764,0.04737970292125188,0.04744689816019161,0.02072010824955003,0.017034315127455856,0.02072010824955003,0.0211848545323078,0.05055937311866807,0.058823529411764705,5.69240242292901,0.244979524751636,0.244979524751636,0.22248401819188304,0.2609550022077942,0.25791691441047004,0.18774384294206892,0.16584096234719908,0.18774384294206892,0.18532367429680718,0.5378151260504201,119,0
efficientnet_b0,2024,NeuralTextures,456_435,1,jpeg_sev1,jpeg,1,0.19270446800247484,0.15966386554621848,0.15966386554621848,0.013028685707393746,0.012090491232632413,0.013028685707393746,0.013028685707393746,0.0037666489299063755,0.0029979199274266593,0.0037666489299063755,0.0037666489299063755,0.0089190232126988,0.008403361344537815,8.454976987438041,0.09867523834692145,0.09867523834692145,0.1431679236231059,0.1484633830153013,0.4453925163428204,0.2720427142635415,0.26901378997239567,0.2720427142635415,0.26601522456372473,0.42016806722689076,119,0
efficientnet_b0,2024,NeuralTextures,456_435,1,jpeg_sev2,jpeg,2,0.0041097997674109975,0.0,0.0,0.0021275042792801395,0.0021252453111767697,0.0021275042792801395,0.0021275042792801395,0.00038098804650850594,0.00038025162013531014,0.00038098804650850594,0.00038098804650850594,0.0006737736908894177,0.0,4.32059804131003,0.0007607818235107722,0.0007607818235107722,0.0008391969280742065,0.0008939632871380875,0.15636492522753478,0.07890412139189945,0.08447358103362415,0.07890412139189945,0.07886319108611144,0.2605042016806723,119,0
efficientnet_b0,2024,NeuralTextures,456_435,1,jpeg_sev3,jpeg,3,3.7119528041268515e-05,0.0,0.0,6.302521008403361e-05,6.302521008403361e-05,6.302521008403361e-05,6.302521008403361e-05,7.895422497216806e-06,7.895422497216806e-06,7.895422497216806e-06,7.895422497216806e-06,1.0526916581394959e-06,0.0,1.4098140011314584,-1.1188616720843951e-05,-1.1188616720843951e-05,-2.7188787870357217e-06,-3.443493963309559e-06,0.1007772059333767,0.0668734814698588,0.0690393039850012,0.0668734814698588,0.06572130917225188,0.2605042016806723,119,0
efficientnet_b0,2024,NeuralTextures,456_435,1,resize_sev1,resize,1,0.8865389834244212,0.9159663865546218,0.9159663865546218,0.11370080995303086,0.11396322646532017,0.11370080995303086,0.11268794510703972,0.06387395300924383,0.03770424555760848,0.06387395300924383,0.07852110558622587,0.10947505623880237,0.11764705882352941,12.30842398795761,0.2589437909494741,0.2589437909494741,0.4066993438828533,0.46572031136289116,0.6508209134063171,0.4589271733146065,0.4116114592666914,0.4589271733146065,0.47982779714733187,0.8235294117647058,119,0
efficientnet_b0,2024,NeuralTextures,456_435,1,resize_sev2,resize,2,0.8418834796146012,0.865546218487395,0.865546218487395,0.14204790587439198,0.15765651847497714,0.14204790587439198,0.1343890581246774,0.08160928200662558,0.052682022131998234,0.08160928200662558,0.09714830823694612,0.14089447467025895,0.18487394957983194,11.916672426111559,0.10291464705051494,0.10291464705051494,0.6127982215736719,0.5877861451952398,0.45723505803464853,0.3096843469130481,0.22633126734625172,0.3096843469130481,0.3445300037699946,0.7899159663865546,119,0
efficientnet_b0,2024,NeuralTextures,456_435,1,resize_sev3,resize,3,0.5297937706981575,0.5882352941176471,0.5882352941176471,0.1279683961708287,0.13306771085953814,0.1279683961708287,0.12442950518652494,0.05622860601957028,0.04181337928347747,0.05622860601957028,0.059868019347443104,0.12535723664989512,0.12605042016806722,8.341840856215534,-0.02484205610533596,-0.02484205610533596,0.2499528751129425,0.3026471060833761,0.1857257265261136,0.13130945284298665,0.09773225763546213,0.13130945284298665,0.15162474223058267,0.6302521008403361,119,0
efficientnet_b0,2024,NeuralTextures,607_683,1,brightening_sev1,brightening,1,1.0,1.0,1.0,0.11960662692761648,0.09827099436611869,0.11960662692761648,0.13914527912653385,0.055085541272579204,0.02602298607072455,0.055085541272579204,0.0845774898299985,0.14948722043041027,0.02631578947368421,16.554267331173545,5.176192835757607e-08,5.176192835757607e-08,0.10260033097706338,0.22510939130657592,0.984743228997203,0.8217350947778265,0.7912516335707444,0.8217350947778265,0.8706489772656646,1.0,76,0
efficientnet_b0,2024,NeuralTextures,607_683,1,brightening_sev2,brightening,2,1.0,1.0,1.0,0.10772942069371419,0.0860169398199135,0.10772942069371419,0.13448252094980678,0.049168240506372356,0.022477951553555663,0.049168240506372356,0.08084318477347123,0.1381958133785545,0.02631578947368421,16.434535992772954,1.380318089535362e-07,1.380318089535362e-07,0.1753216021155056,0.3602835495319021,0.9623563358870406,0.7228302596486071,0.6953009145411386,0.7228302596486071,0.7702846174140007,1.0,76,0
efficientnet_b0,2024,NeuralTextures,607_683,1,brightening_sev3,brightening,3,1.0,1.0,1.0,0.11682875075119287,0.08156336891412046,0.11682875075119287,0.15180247964849522,0.05564191622074418,0.02217231114759706,0.05564191622074418,0.09325347216858956,0.1345793481054162,0.039473684210526314,16.211237480765895,3.846068131295745e-06,3.846068131295745e-06,0.15279023270857958,0.31231517815276194,0.8778404025680323,0.5180509469394077,0.5294524388257958,0.5180509469394077,0.6153955081631083,1.0,76,0
efficientnet_b0,2024,NeuralTextures,607_683,1,clean,clean,0,1.0,1.0,1.0,0.1045448439632542,0.08447049072519858,0.1045448439632542,0.13378233682407045,0.046651920442085125,0.022008899386955088,0.046651920442085125,0.08014311365327453,0.13595680712215955,0.0,16.470889204426815,7.529007761101973e-08,7.529007761101973e-08,0.08850775070880586,0.25329755511330926,,,,,,,76,0
efficientnet_b0,2024,NeuralTextures,607_683,1,darkening_sev1,darkening,1,1.0,1.0,1.0,0.11875423353047382,0.08846277140931658,0.11875423353047382,0.1450009315347228,0.05390840418158843,0.02315797238033045,0.05390840418158843,0.08847731485686584,0.14537891624398616,0.07894736842105263,16.500193721369694,1.5999141492341694e-07,1.5999141492341694e-07,0.07018894349273878,0.22366106000385783,0.9814697525380932,0.823835485869315,0.7862594740035709,0.823835485869315,0.8498833672272759,1.0,76,0
efficientnet_b0,2024,NeuralTextures,607_683,1,darkening_sev2,darkening,2,1.0,1.0,1.0,0.1394621147669221,0.11889895160332034,0.1394621147669221,0.15803788851375114,0.0649188549566439,0.032158229172197524,0.0649188549566439,0.09813404459316218,0.1631080504206639,0.11842105263157894,16.561096542759945,1.3391438283415717e-05,1.3391438283415717e-05,0.07006812330923577,0.12044390251761984,0.9331639519552976,0.6747696914205675,0.5605986659928436,0.6747696914205675,0.7325502169540343,1.0,76,0
efficientnet_b0,2024,NeuralTextures,607_683,1,darkening_sev3,darkening,3,0.9999469824527439,1.0,1.0,0.1902294427114545,0.22598275433589882,0.1902294427114545,0.1844325490299131,0.09341009925500195,0.06521959464989303,0.09341009925500195,0.11930550359940284,0.2031925134906401,0.2631578947368421,16.704020424893027,6.875944764990454e-05,6.875944764990454e-05,0.1457474921879015,0.1797348896139546,0.7892260468362287,0.43792385686681806,0.2797271168470672,0.43792385686681806,0.5415616213471245,1.0,76,0
efficientnet_b0,2024,NeuralTextures,607_683,1,jpeg_sev1,jpeg,1,1.0,1.0,1.0,0.10575899829992477,0.08688336044655888,0.10575899829992477,0.13265635889810495,0.04738758805466523,0.022857930735215887,0.04738758805466523,0.0794295719077969,0.136628373599683,0.013157894736842105,16.46555225472701,0.0,0.0,0.06498566269874569,0.24929957023184546,0.9904234796010831,0.8774316084413537,0.8553802213956212,0.8774316084413537,0.8874299329161873,1.0,76,0
efficientnet_b0,2024,NeuralTextures,607_683,1,jpeg_sev2,jpeg,2,1.0,1.0,1.0,0.10807489413799098,0.08037737179226959,0.10807489413799098,0.14465267244664748,0.0482879716810504,0.02092376914565026,0.0482879716810504,0.08716543638834162,0.14687072403539467,0.02631578947368421,16.555165315929212,0.0,0.0,0.04783353954553599,0.11787519839249157,0.9712765446906209,0.7704144680748956,0.7655835867964773,0.7704144680748956,0.7912382562509268,1.0,76,0
efficientnet_b0,2024,NeuralTextures,607_683,1,jpeg_sev3,jpeg,3,0.9983914761166823,1.0,1.0,0.1471456767969774,0.14364659499011517,0.1471456767969774,0.15421905076495926,0.06833015566434528,0.03894594291378624,0.06833015566434528,0.09384219589967015,0.16684692665197307,0.18421052631578946,16.594510517622297,-0.0013029300852825645,-0.0013029300852825645,0.30742088666087697,0.6251647162104124,0.8581082749026022,0.5323168305255664,0.5208037944716476,0.5323168305255664,0.5558055912249938,1.0,76,0
efficientnet_b0,2024,NeuralTextures,607_683,1,resize_sev1,resize,1,1.0,1.0,1.0,0.10510509965683815,0.08526171338680714,0.10510509965683815,0.1338366150295034,0.046985485416211545,0.022278953763782347,0.046985485416211545,0.08034284496853945,0.13610137180307458,0.013157894736842105,16.477968579844426,1.41168895520662e-08,1.41168895520662e-08,0.07804885036066954,0.22741251653305397,0.9966166595297272,0.9207217872605039,0.9096008210977565,0.9207217872605039,0.9302079772777685,1.0,76,0
efficientnet_b0,2024,NeuralTextures,607_683,1,resize_sev2,resize,2,1.0,1.0,1.0,0.10291484899147066,0.0825776213437934,0.10291484899147066,0.12974369896359572,0.04582865894916624,0.021508282232287325,0.04582865894916624,0.07731750817809245,0.13248266079166846,0.0,16.470295830776816,2.4469275223581416e-07,2.4469275223581416e-07,0.06718905975944113,0.21281346124841974,0.9962097710954747,0.9163271355298135,0.8957076804050382,0.9163271355298135,0.9269400145303139,1.0,76,0
efficientnet_b0,2024,NeuralTextures,607_683,1,resize_sev3,resize,3,1.0,1.0,1.0,0.11328808314488892,0.09192677929394655,0.11328808314488892,0.13777095709997905,0.05122801600931919,0.024139416737970723,0.05122801600931919,0.08323276081932493,0.14169326435856558,0.013157894736842105,16.476739695197658,0.0,0.0,0.047810867428779553,0.16670094864246873,0.9892114087439301,0.8628568006115602,0.8407470495334144,0.8628568006115602,0.884218132280877,1.0,76,0
efficientnet_b0,2024,NeuralTextures,671_677,1,brightening_sev1,brightening,1,0.9999999939640866,1.0,1.0,0.2492037590448063,0.31653904934370797,0.2492037590448063,0.2134188577583871,0.12839560078019482,0.0968408944769445,0.12839560078019482,0.1376052133436904,0.2128467880122167,0.4050632911392405,16.857528445086903,-6.035913394976266e-09,-6.035913394976266e-09,0.23092015031017835,0.13021502747565883,0.9516467642779103,0.6959665517380327,0.6739402632477806,0.6959665517380327,0.7371442357562531,1.0,79,0
efficientnet_b0,2024,NeuralTextures,671_677,1,brightening_sev2,brightening,2,0.9999990055832682,1.0,1.0,0.1401748762997933,0.1609943865436641,0.1401748762997933,0.13737103145954307,0.0668063588290048,0.04736622445435469,0.0668063588290048,0.08181918005128161,0.1463073192022974,0.26582278481012656,16.856679119641267,0.0009111882765081836,0.0009111882765081836,0.30658000358675097,0.2523748923706102,0.8260331852921242,0.43986076425121884,0.3491643850160212,0.43986076425121884,0.5209574620211733,1.0,79,0
efficientnet_b0,2024,NeuralTextures,671_677,1,brightening_sev3,brightening,3,0.9851615378468097,0.9873417721518988,0.9873417721518988,0.13718469633355346,0.1533231507896147,0.13718469633355346,0.13555742038235774,0.06413351046394473,0.04439085368609766,0.06413351046394473,0.07960795161900792,0.14178043509287916,0.25316455696202533,16.750122794622108,0.03851461883699168,0.03851461883699168,0.7368028094900677,0.7291098750222922,0.6814159901062371,0.26723504381124374,0.1583006753631676,0.26723504381124374,0.3862128133992714,0.9873417721518988,79,0
efficientnet_b0,2024,NeuralTextures,671_677,1,clean,clean,0,1.0,1.0,1.0,0.2907214896139754,0.3521694759139681,0.2907214896139754,0.24494975265516694,0.15492837431495177,0.10880186025524807,0.15492837431495177,0.16392627121157682,0.2474529823829543,0.4430379746835443,16.648215269740625,0.0,0.0,0.12850664499439768,0.1062389691419239,,,,,,,79,0
efficientnet_b0,2024,NeuralTextures,671_677,1,darkening_sev1,darkening,1,1.0,1.0,1.0,0.3186291421405539,0.3798100900288439,0.3186291421405539,0.2675850405251747,0.17381787050177802,0.1187156693981079,0.17381787050177802,0.18371424587508617,0.2725862508141302,0.4430379746835443,16.59995681424684,0.0,0.0,0.13373227587229086,0.11181496140323105,0.9774848282064132,0.7852681510251959,0.7713458921770645,0.7852681510251959,0.8025530148519789,1.0,79,0
efficientnet_b0,2024,NeuralTextures,671_677,1,darkening_sev2,darkening,2,1.0,1.0,1.0,0.3404210696094264,0.4342541885495994,0.3404210696094264,0.27039784665960925,0.18711894173366464,0.13824736420345893,0.18711894173366464,0.18517375878720152,0.2835047423057143,0.4430379746835443,16.662497677380525,0.0,0.0,0.3798236062255087,0.3297673802398428,0.889903586949813,0.5614613906266587,0.5109091451591754,0.5614613906266587,0.6079894382881725,1.0,79,0
efficientnet_b0,2024,NeuralTextures,671_677,1,darkening_sev3,darkening,3,0.9999985785423955,1.0,1.0,0.32777849670597076,0.4381725150968814,0.32777849670597076,0.25498874820659967,0.17680007463369174,0.13946239217142603,0.17680007463369174,0.1700867331065141,0.3018530480440785,0.4936708860759494,16.411255739912203,-1.3942959942395174e-06,-1.3942959942395174e-06,0.49358523014602784,0.5507853454143941,0.7223900680146751,0.37150197509470834,0.3132677521174223,0.37150197509470834,0.43534734214429527,1.0,79,0
efficientnet_b0,2024,NeuralTextures,671_677,1,jpeg_sev1,jpeg,1,1.0,1.0,1.0,0.24866878898859712,0.3059677506566261,0.24866878898859712,0.2155505941540041,0.1284198229470239,0.09316107572638523,0.1284198229470239,0.13942943255747664,0.21553437868023784,0.43037974683544306,16.846979310240926,0.0,0.0,0.17383466811874243,0.11462314294863349,0.9504328290445255,0.7138573269836663,0.675509237538872,0.7138573269836663,0.7247869281224041,1.0,79,0
efficientnet_b0,2024,NeuralTextures,671_677,1,jpeg_sev2,jpeg,2,0.9834203358881081,0.9873417721518988,0.9873417721518988,0.13851932581478346,0.1459288317751918,0.13851932581478346,0.13528943652551553,0.06641184033155292,0.04252771504473522,0.06641184033155292,0.08104685417949344,0.13448230984773824,0.16455696202531644,16.7298433931568,0.07285033175839653,0.07285033175839653,0.5636827808073899,0.6107356226723052,0.7551255242936892,0.3668721889903835,0.26866668243432906,0.3668721889903835,0.46078987923929554,0.9873417721518988,79,0
efficientnet_b0,2024,NeuralTextures,671_677,1,jpeg_sev3,jpeg,3,0.9464824050664902,0.9746835443037974,0.9746835443037974,0.13101851061244787,0.15676343888079042,0.13101851061244787,0.12184107683962452,0.05945195598253788,0.0432896833781324,0.05945195598253788,0.0699798717196332,0.12635840486975486,0.22784810126582278,16.58332216286961,0.027785257053196087,0.027785257053196087,0.8705692315754876,0.9238249639812596,0.47151689507680855,0.13614882115447835,0.04214467540618834,0.13614882115447835,0.2643672968997463,0.9746835443037974,79,0
efficientnet_b0,2024,NeuralTextures,671_677,1,resize_sev1,resize,1,1.0,1.0,1.0,0.2973121589073373,0.36299529880229986,0.2973121589073373,0.2498463299141458,0.15862925013585494,0.11216427071083214,0.15862925013585494,0.1677660242181493,0.25087560898136785,0.4430379746835443,16.68214545672453,0.0,0.0,0.1189423145938523,0.08519219673132593,0.9899242000438593,0.8467052452376285,0.836831893837088,0.8467052452376285,0.8666293931983732,1.0,79,0
efficientnet_b0,2024,NeuralTextures,671_677,1,resize_sev2,resize,2,1.0,1.0,1.0,0.2968329537734407,0.35619509583841014,0.2968329537734407,0.25180940143743546,0.15863533180404302,0.10987345590067286,0.15863533180404302,0.16974320841486798,0.2497211193553729,0.45569620253164556,16.70982905279232,0.0,0.0,0.10052958130836484,0.05478062018563474,0.9803674752958966,0.8091227857072826,0.7950896865361021,0.8091227857072826,0.8215951427599167,1.0,79,0
efficientnet_b0,2024,NeuralTextures,671_677,1,resize_sev3,resize,3,1.0,1.0,1.0,0.288364043277193,0.3623836888385388,0.288364043277193,0.24129147828709954,0.1517988667779108,0.11230204577621726,0.1517988667779108,0.15945506225780662,0.2451912401248521,0.46835443037974683,16.749948223934897,0.0,0.0,0.10156252753885484,0.06355679035186765,0.9367880860668868,0.6737812055420482,0.639367679412709,0.6737812055420482,0.6925704510238083,1.0,79,0
efficientnet_b0,2024,NeuralTextures,677_671,1,brightening_sev1,brightening,1,1.0,1.0,1.0,0.16312184422128465,0.1839539531961342,0.16312184422128465,0.14423939082270834,0.09838818949349215,0.06524146827175842,0.09838818949349215,0.107384477898626,0.12593990357317092,0.20253164556962025,16.88823139818409,6.035913394976266e-09,6.035913394976266e-09,0.00800540100170085,0.0027178880534594464,0.9541431772089527,0.6352575328886979,0.6057349878257491,0.6352575328886979,0.6804081722408115,1.0,79,0
efficientnet_b0,2024,NeuralTextures,677_671,1,brightening_sev2,brightening,2,0.9999999834012382,1.0,1.0,0.11637514635518875,0.13098462556383747,0.11637514635518875,0.10963734715598528,0.06609329390116216,0.045603152958941275,0.06609329390116216,0.07682287460836905,0.10350364399663664,0.189873417721519,16.83293823049038,3.4403951862188844e-05,3.4403951862188844e-05,0.031786166414429835,0.02341974083381361,0.8820522473659979,0.44669799182030956,0.3689912937628369,0.44669799182030956,0.5366009108315474,1.0,79,0
efficientnet_b0,2024,NeuralTextures,677_671,1,brightening_sev3,brightening,3,0.9999865716016745,1.0,1.0,0.09584235753425033,0.10299075145514873,0.09584235753425033,0.0956252886220349,0.051300624421621546,0.0341008825750868,0.051300624421621546,0.06484921861140527,0.09040725657037703,0.16455696202531644,16.74512129192111,2.8180925151968985e-05,2.8180925151968985e-05,0.10533982741681831,0.12971890764900398,0.7398045608477795,0.2626199611640922,0.16014689696635773,0.2626199611640922,0.3888217812785556,1.0,79,0
efficientnet_b0,2024,NeuralTextures,677_671,1,clean,clean,0,1.0,1.0,1.0,0.17814752350226828,0.1994785469279225,0.17814752350226828,0.15251400240314653,0.10959434576681065,0.07086740361870364,0.10959434576681065,0.11579914150128018,0.13489504526330706,0.21518987341772153,16.78403016585338,0.0,0.0,0.000415222554267202,1.5259543551673337e-05,,,,,,,79,0
efficientnet_b0,2024,NeuralTextures,677_671,1,darkening_sev1,darkening,1,1.0,1.0,1.0,0.18151320442728106,0.20084268330425442,0.18151320442728106,0.1555609337367574,0.11291997776757948,0.07154146242797556,0.11291997776757948,0.12047756657452724,0.14383370353781266,0.189873417721519,16.666978896418705,0.0,0.0,0.0003713218471671923,1.7093706734571785e-05,0.9786110851757535,0.7815138229725301,0.7673693431648798,0.7815138229725301,0.7929753381218951,1.0,79,0
efficientnet_b0,2024,NeuralTextures,677_671,1,darkening_sev2,darkening,2,1.0,1.0,1.0,0.2098816210163665,0.2184953116702498,0.2098816210163665,0.18313709521170818,0.1358014753673326,0.07845416313782823,0.1358014753673326,0.14959508830178586,0.16028717325565756,0.21518987341772153,16.67833615556548,0.0,0.0,0.004046102867850756,0.0024217593518993425,0.9398647841917321,0.626652561896107,0.6209829063297503,0.626652561896107,0.6587998599389154,1.0,79,0
efficientnet_b0,2024,NeuralTextures,677_671,1,darkening_sev3,darkening,3,0.999999995473065,1.0,1.0,0.23520869254197452,0.24683549928424112,0.23520869254197452,0.2033962443075777,0.15806277617361172,0.09092497537996254,0.15806277617361172,0.17165087006967764,0.1861808110424729,0.24050632911392406,16.47269347951382,-4.5269350462321995e-09,-4.5269350462321995e-09,0.08792153415800645,0.14981746202028248,0.8334417116652759,0.4454233627541916,0.40650156641916074,0.4454233627541916,0.4922391979634761,1.0,79,0
efficientnet_b0,2024,NeuralTextures,677_671,1,jpeg_sev1,jpeg,1,1.0,1.0,1.0,0.17812204465821452,0.20485063813902354,0.17812204465821452,0.15433273053457644,0.11045987454308089,0.07370441854520372,0.11045987454308089,0.11862753094595276,0.13282344137094831,0.22784810126582278,16.85306619088861,0.0,0.0,0.0016415956654125962,0.00027424474305743864,0.9804363522640714,0.7459638723160312,0.7615593554519859,0.7459638723160312,0.7787835836438948,1.0,79,0
efficientnet_b0,2024,NeuralTextures,677_671,1,jpeg_sev2,jpeg,2,0.9999236547494237,1.0,1.0,0.1568730799117504,0.173251568265714,0.1568730799117504,0.14281098536234946,0.09483972781155424,0.06165912316813489,0.09483972781155424,0.10737299242289607,0.13662166799150374,0.13924050632911392,16.62640997729724,0.000714019884037066,0.000714019884037066,0.16040424153774596,0.21696018418179278,0.8070150366841793,0.36589533477848224,0.2965529273852843,0.36589533477848224,0.464341389909803,1.0,79,0
efficientnet_b0,2024,NeuralTextures,677_671,1,jpeg_sev3,jpeg,3,0.7692434914127181,0.8734177215189873,0.8734177215189873,0.04415894728538127,0.04317989487589276,0.04415894728538127,0.05072069887173591,0.02287484766362625,0.01392165992102771,0.02287484766362625,0.03282265698381219,0.04330239982117161,0.05063291139240506,15.411913811406002,0.3487980403241855,0.3487980403241855,0.5588904627727026,0.663812920402535,0.32253272411940004,0.1113269161083628,0.04948164185384536,0.1113269161083628,0.1922685626845215,0.8734177215189873,79,0
efficientnet_b0,2024,NeuralTextures,677_671,1,resize_sev1,resize,1,1.0,1.0,1.0,0.18411372608738633,0.20506427265330054,0.18411372608738633,0.15713160463269096,0.1154465682621497,0.07386050888509912,0.1154465682621497,0.12091401346549105,0.13714412509405036,0.24050632911392406,16.791835422757305,0.0,0.0,0.0005268695988232511,2.1116643012321796e-05,0.9926435728490974,0.8411014017233216,0.8382264699237034,0.8411014017233216,0.8661735324040234,1.0,79,0
efficientnet_b0,2024,NeuralTextures,677_671,1,resize_sev2,resize,2,1.0,1.0,1.0,0.18825551420640269,0.20805619256631425,0.18825551420640269,0.16174274463490515,0.11930869546942123,0.07518125296287965,0.11930869546942123,0.12618594777034348,0.1377751023591707,0.25316455696202533,16.830897512315193,0.0,0.0,0.0004810638065579474,4.0100345128698494e-05,0.9836288380601861,0.7735294268133548,0.772646411407522,0.7735294268133548,0.8031482305166224,1.0,79,0
efficientnet_b0,2024,NeuralTextures,677_671,1,resize_sev3,resize,3,1.0,1.0,1.0,0.19899678682482116,0.21637937697649914,0.19899678682482116,0.17559217450114148,0.13001871132706527,0.07920348660285402,0.13001871132706527,0.14182287690718495,0.14327482091986277,0.21518987341772153,16.834044927283177,0.0,0.0,0.005139747752418972,0.002680913556980172,0.9459149388802414,0.6131875074847469,0.6034267444061004,0.6131875074847469,0.65678369331999,1.0,79,0
efficientnet_b0,2024,NeuralTextures,683_607,1,brightening_sev1,brightening,1,0.999999756875791,1.0,1.0,0.2924449393539387,0.3444415261670438,0.2924449393539387,0.2652640470524679,0.1619849109010581,0.11017517555317899,0.1619849109010581,0.19159814281391793,0.27245860992819254,0.42105263157894735,16.276462780801875,-2.431242089522512e-07,-2.431242089522512e-07,0.44532643199751254,0.1422646986810784,0.9572719231339076,0.729682341245806,0.6342979534360119,0.729682341245806,0.7771948015463375,1.0,76,0
efficientnet_b0,2024,NeuralTextures,683_607,1,brightening_sev2,brightening,2,0.9997135879177796,1.0,1.0,0.23667471614864183,0.25441031579794693,0.23667471614864183,0.21288410684251938,0.12360000870090163,0.07697417938392713,0.12360000870090163,0.1429367197611385,0.21808610286283925,0.27631578947368424,16.154160825829756,-0.00014172886547289402,-0.00014172886547289402,0.3722542786088429,0.29108891861611286,0.8904914358894073,0.620101896614557,0.527459733522727,0.620101896614557,0.6436284935012436,1.0,76,0
efficientnet_b0,2024,NeuralTextures,683_607,1,brightening_sev3,brightening,3,0.954066561240899,0.9868421052631579,0.9868421052631579,0.1983737493827517,0.1887480446741313,0.1983737493827517,0.1971885412526337,0.10131367039400196,0.05815303330078708,0.10131367039400196,0.12177110402813628,0.18681420345042535,0.14473684210526316,15.33658934894361,-0.01937645948246902,-0.01937645948246902,0.6667873888815704,0.6688782688916514,0.6529206566788287,0.45459231028889296,0.3324470682503485,0.45459231028889296,0.48208548930560946,0.9868421052631579,76,0
efficientnet_b0,2024,NeuralTextures,683_607,1,clean,clean,0,1.0,1.0,1.0,0.2406764206419604,0.27757336844141006,0.2406764206419604,0.22576418003356433,0.12599567268090306,0.08650389757932866,0.12599567268090306,0.15387942074580255,0.22823693845951765,0.32894736842105265,16.372013995521947,0.0,0.0,0.2745713638631921,0.060247322446421524,,,,,,,76,0
efficientnet_b0,2024,NeuralTextures,683_607,1,darkening_sev1,darkening,1,1.0,1.0,1.0,0.2632864617508803,0.3091491267126606,0.2632864617508803,0.24387576110071818,0.14194548204514296,0.09819648323076836,0.14194548204514296,0.1709097412599798,0.25376814080087556,0.3684210526315789,16.247282517583745,0.0,0.0,0.26042538244081165,0.08938178145571754,0.9855732106797442,0.8550463917173563,0.7668457361517123,0.8550463917173563,0.8874253853696404,1.0,76,0
efficientnet_b0,2024,NeuralTextures,683_607,1,darkening_sev2,darkening,2,1.0,1.0,1.0,0.2947039397841209,0.34474361594960323,0.2947039397841209,0.26567266623014024,0.16524935123303738,0.11123915267120846,0.16524935123303738,0.19301462385446064,0.2868432190517044,0.42105263157894735,16.06709532988699,0.0,0.0,0.3214908635341807,0.15000941055385686,0.9450202070921098,0.7213525021422835,0.6147899225220056,0.7213525021422835,0.7851424516826944,1.0,76,0
efficientnet_b0,2024,NeuralTextures,683_607,1,darkening_sev3,darkening,3,0.999951350061517,1.0,1.0,0.32446148556141907,0.3958105989231724,0.32446148556141907,0.27533776895204837,0.18761300388655347,0.13075218734064586,0.18761300388655347,0.2025604395149856,0.3227209582707906,0.4342105263157895,15.857779653448807,0.0001014839661748774,0.0001014839661748774,0.7039963710183081,0.7605630584600332,0.8587234857983383,0.5817513850451809,0.46489520643045273,0.5817513850451809,0.6514949078929039,1.0,76,0
efficientnet_b0,2024,NeuralTextures,683_607,1,jpeg_sev1,jpeg,1,1.0,1.0,1.0,0.23771794249475248,0.26976442541298823,0.23771794249475248,0.2235158031187785,0.12399798708376365,0.08331754314222051,0.12399798708376365,0.1519988642445429,0.2255967783724153,0.35526315789473684,16.387485654730547,0.0,0.0,0.221106373361851,0.035598624693719924,0.9946266421281195,0.9107859769479071,0.8115630086652584,0.9107859769479071,0.9257326412295072,1.0,76,0
efficientnet_b0,2024,NeuralTextures,683_607,1,jpeg_sev2,jpeg,2,1.0,1.0,1.0,0.25096837010948736,0.27494979991189833,0.25096837010948736,0.24011990968413174,0.1331678514669968,0.08512450694215214,0.1331678514669968,0.16755802633412206,0.23487749070944122,0.39473684210526316,16.443825445677106,0.0,0.0,0.21005687294037717,0.03828255518486621,0.9820278802925614,0.8263388354806624,0.6726898457771098,0.8263388354806624,0.8720647386266426,1.0,76,0
efficientnet_b0,2024,NeuralTextures,683_607,1,jpeg_sev3,jpeg,3,0.9925870511092638,1.0,1.0,0.2395989165893102,0.2698826219857153,0.2395989165893102,0.23033248337060636,0.12504754344145486,0.0820683986249015,0.12504754344145486,0.15873961570728698,0.22420654396324718,0.3157894736842105,16.615343420129072,0.003755268297697393,0.003755268297697393,0.5672310879392746,0.6302428257063424,0.6626275566083755,0.36911788139789603,0.17318773620809455,0.36911788139789603,0.43952213863580986,1.0,76,0
efficientnet_b0,2024,NeuralTextures,683_607,1,resize_sev1,resize,1,1.0,1.0,1.0,0.2419242751511363,0.27650669045082915,0.2419242751511363,0.22705776299705688,0.12684849712193966,0.08604817011977023,0.12684849712193966,0.15506931932540471,0.22939094528067863,0.34210526315789475,16.363330928902876,0.0,0.0,0.2624939911459621,0.04626124940420447,0.9982249520504498,0.9433459098164582,0.8926148154946111,0.9433459098164582,0.9541574785553264,1.0,76,0
efficientnet_b0,2024,NeuralTextures,683_607,1,resize_sev2,resize,2,1.0,1.0,1.0,0.24228555711758043,0.2787654443479141,0.24228555711758043,0.22698779440063663,0.12707740013036115,0.08690898014634343,0.12707740013036115,0.15512718419954588,0.23001218366285334,0.32894736842105265,16.363222410804347,0.0,0.0,0.23964728238551236,0.04063585361367773,0.9971073709306664,0.9330698416706193,0.8653937285227219,0.9330698416706193,0.9440067600849753,1.0,76,0
efficientnet_b0,2024,NeuralTextures,683_607,1,resize_sev3,resize,3,1.0,1.0,1.0,0.23924020540405241,0.2669818192459787,0.23924020540405241,0.2263523365907209,0.12512699426826127,0.0825670095493043,0.12512699426826127,0.1546996009015877,0.22804694795947866,0.32894736842105265,16.358409116142674,0.0,0.0,0.1809750336565469,0.02853965288714354,0.992146860757668,0.8906342503681195,0.7979618597110784,0.8906342503681195,0.9089938505654437,1.0,76,0
efficientnet_b0,2024,NeuralTextures,876_891,1,brightening_sev1,brightening,1,0.2230930403984038,0.1891891891891892,0.1891891891891892,0.009406468451207014,0.0035012880419717242,0.009406468451207014,0.009891356764437514,0.004214668354622972,0.0009685435784427528,0.004214668354622972,0.004714121236634127,0.004086313414939852,0.0,12.629718226355475,0.13385606788309615,0.13385606788309615,0.17088440638959532,0.14139656621222996,0.7803547866226447,0.6022466360273665,0.5059685044107494,0.6022466360273665,0.6360190941555129,0.7972972972972973,74,0
efficientnet_b0,2024,NeuralTextures,876_891,1,brightening_sev2,brightening,2,0.1044028812008233,0.08108108108108109,0.08108108108108109,0.002791954342585035,0.0003552659802659797,0.002791954342585035,0.002791954342585035,0.0011080633763084528,9.591325098869054e-05,0.0011080633763084528,0.0011080633763084528,0.0002690589487237697,0.0,12.611924790047311,0.09343874060114345,0.09343874060114345,0.1006004731900948,0.08421532244348191,0.6409222052110402,0.4775843361434583,0.39054656472331883,0.4775843361434583,0.5066634002216096,0.6891891891891891,74,0
efficientnet_b0,2024,NeuralTextures,876_891,1,brightening_sev3,brightening,3,0.18503400027622918,0.14864864864864866,0.14864864864864866,0.006293618225837826,0.0009472160427575567,0.006293618225837826,0.006383851994957416,0.002548814077247853,0.00025584289422374756,0.002548814077247853,0.0025974570806718963,0.0010392379380359852,0.0,12.475578978254989,0.12454977343406569,0.12454977343406569,0.17275313065463138,0.15242768136689647,0.670500512519705,0.4909260485102907,0.407026750227758,0.4909260485102907,0.5187335338510591,0.7567567567567568,74,0
efficientnet_b0,2024,NeuralTextures,876_891,1,clean,clean,0,0.4280207818908918,0.3918918918918919,0.3918918918918919,0.039075866192738985,0.034236754580911764,0.039075866192738985,0.03903644947470143,0.01993049244148812,0.010506120989333427,0.01993049244148812,0.02367097694955649,0.034498126795106505,0.04054054054054054,13.05482696842503,0.1366661811876789,0.1366661811876789,0.2985262180128191,0.2079052739134881,,,,,,,74,0
efficientnet_b0,2024,NeuralTextures,876_891,1,darkening_sev1,darkening,1,0.5717293333979575,0.581081081081081,0.581081081081081,0.061561506201186694,0.05760565874875832,0.061561506201186694,0.05959105802766283,0.031893666713830336,0.01807421012181208,0.031893666713830336,0.03613200728655055,0.05273555635791072,0.04054054054054054,13.147180299501162,0.07789388761876899,0.07789388761876899,0.382567890419572,0.29822675479384064,0.8444249911224324,0.6610278512486073,0.5742130224945623,0.6610278512486073,0.6991880803445807,0.8108108108108109,74,0
efficientnet_b0,2024,NeuralTextures,876_891,1,darkening_sev2,darkening,2,0.7043806698198456,0.7162162162162162,0.7162162162162162,0.0844670066647412,0.08387948898328115,0.0844670066647412,0.08020258655229875,0.044175780266075416,0.02593556210811077,0.044175780266075416,0.04822099762599815,0.07513945913127693,0.06756756756756757,13.055553719804093,0.1112587747539274,0.1112587747539274,0.5752934366236012,0.4925452266399736,0.584642593164748,0.45191589953006484,0.3610636504560883,0.45191589953006484,0.49336812286748827,0.6756756756756757,74,0
efficientnet_b0,2024,NeuralTextures,876_891,1,darkening_sev3,darkening,3,0.564314963157616,0.5675675675675675,0.5675675675675675,0.05349378582531491,0.056847843724673205,0.05349378582531491,0.048735076876050984,0.026696472399849062,0.01822285267212238,0.026696472399849062,0.02658138345376288,0.05469961093136548,0.08108108108108109,9.862173080444336,0.27860901219065526,0.27860901219065526,0.43807608721741614,0.41815795907687797,0.3822389987041849,0.29685106028621255,0.22507234068404489,0.29685106028621255,0.3185197761191083,0.7162162162162162,74,0
efficientnet_b0,2024,NeuralTextures,876_891,1,jpeg_sev1,jpeg,1,0.015561276794101435,0.0,0.0,0.00022989058728498243,3.544964297951081e-05,0.00022989058728498243,0.00022989058728498243,7.162229480981081e-05,8.525488610960811e-06,7.162229480981081e-05,7.162229480981081e-05,1.1082317652342423e-06,0.0,11.741075786384377,0.0125593546724585,0.0125593546724585,0.010618055962305833,0.008470685797224577,0.4124771079249171,0.3455293702130371,0.2961280017134141,0.3455293702130371,0.35397296196340206,0.6081081081081081,74,0
efficientnet_b0,2024,NeuralTextures,876_891,1,jpeg_sev2,jpeg,2,4.788051402418137e-06,0.0,0.0,0.00020787767483904866,7.070202396327027e-06,0.00020787767483904866,0.00020787767483904866,6.823432374718349e-05,1.801321449414865e-06,6.823432374718349e-05,6.823432374718349e-05,3.945338709152022e-07,0.0,11.861045463665112,4.650736116094186e-06,4.650736116094186e-06,4.438262650214243e-06,4.377114679969409e-06,0.34481568152392233,0.3185592209474956,0.2683356350210895,0.3185592209474956,0.33054626264483644,0.6081081081081081,74,0
efficientnet_b0,2024,NeuralTextures,876_891,1,jpeg_sev3,jpeg,3,1.6558467496589337e-07,0.0,0.0,0.00021189341608023109,0.00015925404175427975,0.00021189341608023109,0.00021189341608023109,5.575410724857973e-05,3.8576483004772976e-05,5.575410724857973e-05,5.575410724857973e-05,2.623779784054924e-07,0.0,11.544096998266271,9.326789507473854e-08,9.326789507473854e-08,1.1414484906808906e-07,1.3087706453359053e-07,0.26139907029108167,0.21217928443332898,0.18106923991970494,0.21217928443332898,0.22332216904965327,0.6081081081081081,74,0
efficientnet_b0,2024,NeuralTextures,876_891,1,resize_sev1,resize,1,0.5754565189063952,0.581081081081081,0.581081081081081,0.06133359534260929,0.05439160495112596,0.06133359534260929,0.06245801202772106,0.027861283318557716,0.015968952833103154,0.027861283318557716,0.03352258070290868,0.047276017418922775,0.013513513513513514,13.293011472031877,0.10507446781067865,0.10507446781067865,0.4533471736515551,0.3447246148818915,0.7615161235913276,0.5871867661449837,0.5119218080141423,0.5871867661449837,0.6160783177379597,0.7837837837837838,74,0
efficientnet_b0,2024,NeuralTextures,876_891,1,resize_sev2,resize,2,0.5582244785438053,0.5540540540540541,0.5540540540540541,0.06637219745782497,0.06766880320242676,0.06637219745782497,0.06459281043882463,0.0325529822193945,0.02030134493040395,0.0325529822193945,0.03841016120167764,0.06237542858316537,0.06756756756756757,13.39829209044173,0.0015992613598182085,0.0015992613598182085,0.440697804267271,0.34034927859738673,0.604617691415255,0.47365992418829617,0.3912044134338454,0.47365992418829617,0.5076627493840404,0.7567567567567568,74,0
efficientnet_b0,2024,NeuralTextures,876_891,1,resize_sev3,resize,3,0.2293547883502371,0.13513513513513514,0.13513513513513514,0.0164742683590804,0.014976573345957995,0.0164742683590804,0.0164742683590804,0.006587682002142339,0.004286898766556432,0.006587682002142339,0.006587682002142339,0.012245177217449837,0.013513513513513514,9.976503591279727,0.025556722848016956,0.025556722848016956,0.141983184433893,0.1420995515845051,0.2616464797128566,0.21340434753656623,0.17711095408187033,0.21340434753656623,0.2205265867888355,0.7162162162162162,74,0
efficientnet_b0,2024,NeuralTextures,891_876,1,brightening_sev1,brightening,1,0.9927880474039026,1.0,1.0,0.21678646564123424,0.25414177473518373,0.21678646564123424,0.18133308140699297,0.1293192698012176,0.08483507944250755,0.1293192698012176,0.1354886897941997,0.18928445135201,0.2702702702702703,15.479056268124967,0.025243807609218204,0.025243807609218204,0.2870725969708449,0.27622691441226643,0.9543468334994011,0.7088924770496097,0.72891285710991,0.7088924770496097,0.7098737896568627,1.0,74,0
efficientnet_b0,2024,NeuralTextures,891_876,1,brightening_sev2,brightening,2,0.9931334079922857,1.0,1.0,0.21959029115193138,0.2519193359579657,0.21959029115193138,0.1831372496193733,0.1319222360577212,0.08427212829145612,0.1319222360577212,0.13862804735899073,0.18682341903065042,0.22972972972972974,15.465583234219938,0.04558674049739902,0.04558674049739902,0.3599409756055605,0.3795281825461299,0.8977005063953977,0.5851357013669051,0.5986914399479413,0.5851357013669051,0.5909524735454793,1.0,74,0
efficientnet_b0,2024,NeuralTextures,891_876,1,brightening_sev3,brightening,3,0.9970861093418019,1.0,1.0,0.20114095915490995,0.2370082936960303,0.20114095915490995,0.17066086149321377,0.11723935694923686,0.0783028142612963,0.11723935694923686,0.1258758697431986,0.16182010644115213,0.25675675675675674,15.78287529300999,0.07916300920014446,0.07916300920014446,0.33748848955272825,0.4092455717005037,0.8404331362857924,0.4804995135889388,0.4472217575018714,0.4804995135889388,0.5128498758616292,1.0,74,0
efficientnet_b0,2024,NeuralTextures,891_876,1,clean,clean,0,0.9888914114720112,1.0,1.0,0.20626923078077306,0.24593712994393305,0.20626923078077306,0.1723841171684739,0.12171464319671288,0.08252929914034302,0.12171464319671288,0.12711930913497468,0.17998265477074898,0.25675675675675674,15.544759260641563,0.024266982904157127,0.024266982904157127,0.22305307134583185,0.18509173799759226,,,,,,,74,0
efficientnet_b0,2024,NeuralTextures,891_876,1,darkening_sev1,darkening,1,0.9826220000112379,1.0,1.0,0.2274586584649967,0.26555236194831605,0.2274586584649967,0.192398772753807,0.13828449740907336,0.08997720056000111,0.13828449740907336,0.1462074841844708,0.20758438367117107,0.28378378378378377,15.301233394725903,0.017872007312001413,0.017872007312001413,0.3566111482025401,0.2951569058617728,0.9553829894992798,0.7241733428749189,0.7459082730626448,0.7241733428749189,0.7203766017390467,1.0,74,0
efficientnet_b0,2024,NeuralTextures,891_876,1,darkening_sev2,darkening,2,0.92627738104076,0.9459459459459459,0.9459459459459459,0.1969542309320086,0.23069018745196432,0.1969542309320086,0.16510200463656127,0.12176022665312662,0.07969395428356618,0.12176022665312662,0.1262700111527155,0.19551431576565043,0.25675675675675674,14.427818169464937,0.05505721940583475,0.05505721940583475,0.6232421851867961,0.5665382661516905,0.7671916155041874,0.47977990489580613,0.4614250964967168,0.47977990489580613,0.4904490686412425,0.9459459459459459,74,0
efficientnet_b0,2024,NeuralTextures,891_876,1,darkening_sev3,darkening,3,0.670683841356328,0.7162162162162162,0.7162162162162162,0.11736419610428216,0.1293400188396862,0.11736419610428216,0.11060138840949424,0.06474647760737388,0.04473850605702849,0.06474647760737388,0.06801022392733014,0.12397246230411052,0.13513513513513514,11.066765463030016,0.03225004187206158,0.03225004187206158,0.5268120993250459,0.4955067430242166,0.5036104838411481,0.31648004466437535,0.29692412142405883,0.31648004466437535,0.3095295127273854,0.7162162162162162,74,0
efficientnet_b0,2024,NeuralTextures,891_876,1,jpeg_sev1,jpeg,1,0.857727806511763,0.9324324324324325,0.9324324324324325,0.15317683268642615,0.16757373551669677,0.15317683268642615,0.14190330464166837,0.08480192860252718,0.05648155137630989,0.08480192860252718,0.09092803730076521,0.15971104198752828,0.20270270270270271,13.574450621733794,0.01376905294789658,0.01376905294789658,0.46725422990936283,0.4395257197194607,0.6719331002275073,0.4112624290867305,0.4077447778895698,0.4112624290867305,0.4174897471860982,0.9324324324324325,74,0
efficientnet_b0,2024,NeuralTextures,891_876,1,jpeg_sev2,jpeg,2,0.16236686872965747,0.02702702702702703,0.02702702702702703,0.002372179083706292,0.0005740986798689635,0.002372179083706292,0.002372179083706292,0.0008458942759039256,0.0001464020562697054,0.0008458942759039256,0.0008458942759039256,0.0005579839890321811,0.0,8.344753046293516,0.02152853406152789,0.02152853406152789,0.06206616321051603,0.03364049222019838,0.12553742309767796,0.06150594765026781,0.030094770888109683,0.06150594765026781,0.07189402478618719,0.02702702702702703,74,0
efficientnet_b0,2024,NeuralTextures,891_876,1,jpeg_sev3,jpeg,3,0.0034201994056495748,0.0,0.0,0.0,0.0,0.0,4.871051099760811e-06,0.0,0.0,0.0,2.39023874302027e-06,1.696355564429784e-08,0.0,10.50502159788802,0.0012687574503615693,0.0012687574503615693,0.0019319701290152805,0.0016295783855775879,0.14216269989831537,0.06126538118195026,0.036969984662601645,0.06126538118195026,0.0752314487904247,0.0,74,0
efficientnet_b0,2024,NeuralTextures,891_876,1,resize_sev1,resize,1,0.9913395457976574,0.9864864864864865,0.9864864864864865,0.22743537724678964,0.26796716971002493,0.22743537724678964,0.18701709976805397,0.1383521186955017,0.09122931611171521,0.1383521186955017,0.14204854954846707,0.194769280427027,0.2702702702702703,15.492312921060098,0.0036424644090033865,0.0036424644090033865,0.23719972684173965,0.21237861918839246,0.9684370124140537,0.7433893989598868,0.7458774622478713,0.7433893989598868,0.7520728618832797,0.9864864864864865,74,0
efficientnet_b0,2024,NeuralTextures,891_876,1,resize_sev2,resize,2,0.9944810972020433,1.0,1.0,0.232605492288619,0.27035840621978946,0.232605492288619,0.19239121445869245,0.1420357802517622,0.09216849029969798,0.1420357802517622,0.14750477854874663,0.20885905469235472,0.2972972972972973,15.290184149871001,0.012657434956447503,0.012657434956447503,0.33397469868430407,0.3339241057684695,0.922652715740704,0.634965399118882,0.6392179247747976,0.634965399118882,0.6444504480323897,1.0,74,0
efficientnet_b0,2024,NeuralTextures,891_876,1,resize_sev3,resize,3,0.7701001945580985,0.7972972972972973,0.7972972972972973,0.14777221570876017,0.17071815798750903,0.14777221570876017,0.12836399629778708,0.08710797304633684,0.05850771475290541,0.08710797304633684,0.09228237694900998,0.15047386403387036,0.21621621621621623,13.50996460785737,-0.0018009277110969451,-0.0018009277110969451,0.5666193568109963,0.557219535933581,0.5815717952133211,0.36064645073494944,0.32331421005312405,0.36064645073494944,0.3651529591161418,0.7972972972972973,74,0
efficientnet_b0,2024,Original,033,0,brightening_sev1,brightening,1,0.030511252399511142,0.0049261083743842365,0.9950738916256158,,,,,,,,,,,,,,,,,,,,,0.9704433497536946,203,0
efficientnet_b0,2024,Original,033,0,brightening_sev2,brightening,2,0.029498532178451536,0.0,1.0,,,,,,,,,,,,,,,,,,,,,0.9655172413793104,203,0
efficientnet_b0,2024,Original,033,0,brightening_sev3,brightening,3,0.037539084797442314,0.0,1.0,,,,,,,,,,,,,,,,,,,,,0.9655172413793104,203,0
efficientnet_b0,2024,Original,033,0,clean,clean,0,0.07166674056754135,0.034482758620689655,0.9655172413793104,,,,,,,,,,,,,,,,,,,,,,203,0
efficientnet_b0,2024,Original,033,0,darkening_sev1,darkening,1,0.05127123290130745,0.024630541871921183,0.9753694581280788,,,,,,,,,,,,,,,,,,,,,0.9901477832512315,203,0
efficientnet_b0,2024,Original,033,0,darkening_sev2,darkening,2,0.04393821998882464,0.009852216748768473,0.9901477832512315,,,,,,,,,,,,,,,,,,,,,0.9753694581280788,203,0
efficientnet_b0,2024,Original,033,0,darkening_sev3,darkening,3,0.07072085310553537,0.03940886699507389,0.9605911330049262,,,,,,,,,,,,,,,,,,,,,0.9655172413793104,203,0
efficientnet_b0,2024,Original,033,0,jpeg_sev1,jpeg,1,0.047017168992008564,0.009852216748768473,0.9901477832512315,,,,,,,,,,,,,,,,,,,,,0.9655172413793104,203,0
efficientnet_b0,2024,Original,033,0,jpeg_sev2,jpeg,2,0.019398868439239183,0.0,1.0,,,,,,,,,,,,,,,,,,,,,0.9655172413793104,203,0
efficientnet_b0,2024,Original,033,0,jpeg_sev3,jpeg,3,0.002257225814007255,0.0,1.0,,,,,,,,,,,,,,,,,,,,,0.9655172413793104,203,0
efficientnet_b0,2024,Original,033,0,resize_sev1,resize,1,0.2176544529986328,0.18226600985221675,0.8177339901477833,,,,,,,,,,,,,,,,,,,,,0.8522167487684729,203,0
efficientnet_b0,2024,Original,033,0,resize_sev2,resize,2,0.4848357775750234,0.47783251231527096,0.5221674876847291,,,,,,,,,,,,,,,,,,,,,0.5566502463054187,203,0
efficientnet_b0,2024,Original,033,0,resize_sev3,resize,3,0.7444850041214468,0.9064039408866995,0.09359605911330049,,,,,,,,,,,,,,,,,,,,,0.12807881773399016,203,0
efficientnet_b0,2024,Original,097,0,brightening_sev1,brightening,1,0.08479501258913534,0.03333333333333333,0.9666666666666667,,,,,,,,,,,,,,,,,,,,,0.8833333333333333,120,0
efficientnet_b0,2024,Original,097,0,brightening_sev2,brightening,2,0.057231451260349744,0.041666666666666664,0.9583333333333334,,,,,,,,,,,,,,,,,,,,,0.8916666666666667,120,0
efficientnet_b0,2024,Original,097,0,brightening_sev3,brightening,3,0.06907945762092514,0.025,0.975,,,,,,,,,,,,,,,,,,,,,0.875,120,0
efficientnet_b0,2024,Original,097,0,clean,clean,0,0.19605280141104228,0.15,0.85,,,,,,,,,,,,,,,,,,,,,,120,0
efficientnet_b0,2024,Original,097,0,darkening_sev1,darkening,1,0.29575499284947,0.25833333333333336,0.7416666666666667,,,,,,,,,,,,,,,,,,,,,0.8916666666666667,120,0
efficientnet_b0,2024,Original,097,0,darkening_sev2,darkening,2,0.4345233292020566,0.4166666666666667,0.5833333333333334,,,,,,,,,,,,,,,,,,,,,0.7333333333333333,120,0
efficientnet_b0,2024,Original,097,0,darkening_sev3,darkening,3,0.7063044659832182,0.7166666666666667,0.2833333333333333,,,,,,,,,,,,,,,,,,,,,0.43333333333333335,120,0
efficientnet_b0,2024,Original,097,0,jpeg_sev1,jpeg,1,0.1259532945300937,0.058333333333333334,0.9416666666666667,,,,,,,,,,,,,,,,,,,,,0.8583333333333333,120,0
efficientnet_b0,2024,Original,097,0,jpeg_sev2,jpeg,2,0.011373577010375363,0.0,1.0,,,,,,,,,,,,,,,,,,,,,0.85,120,0
efficientnet_b0,2024,Original,097,0,jpeg_sev3,jpeg,3,0.0003150680635994078,0.0,1.0,,,,,,,,,,,,,,,,,,,,,0.85,120,0
efficientnet_b0,2024,Original,097,0,resize_sev1,resize,1,0.8771639712775747,0.95,0.05,,,,,,,,,,,,,,,,,,,,,0.2,120,0
efficientnet_b0,2024,Original,097,0,resize_sev2,resize,2,0.8987793439378341,0.925,0.075,,,,,,,,,,,,,,,,,,,,,0.225,120,0
efficientnet_b0,2024,Original,097,0,resize_sev3,resize,3,0.6559179823845624,0.8083333333333333,0.19166666666666668,,,,,,,,,,,,,,,,,,,,,0.325,120,0
efficientnet_b0,2024,Original,360,0,brightening_sev1,brightening,1,0.009084992911783047,0.0,1.0,,,,,,,,,,,,,,,,,,,,,1.0,97,0
efficientnet_b0,2024,Original,360,0,brightening_sev2,brightening,2,0.007242011623404904,0.0,1.0,,,,,,,,,,,,,,,,,,,,,1.0,97,0
efficientnet_b0,2024,Original,360,0,brightening_sev3,brightening,3,0.004031386479555157,0.0,1.0,,,,,,,,,,,,,,,,,,,,,1.0,97,0
efficientnet_b0,2024,Original,360,0,clean,clean,0,0.007770202858348918,0.0,1.0,,,,,,,,,,,,,,,,,,,,,,97,0
efficientnet_b0,2024,Original,360,0,darkening_sev1,darkening,1,0.031031609444629956,0.010309278350515464,0.9896907216494846,,,,,,,,,,,,,,,,,,,,,0.9896907216494846,97,0
efficientnet_b0,2024,Original,360,0,darkening_sev2,darkening,2,0.08262584782246399,0.041237113402061855,0.9587628865979382,,,,,,,,,,,,,,,,,,,,,0.9587628865979382,97,0
efficientnet_b0,2024,Original,360,0,darkening_sev3,darkening,3,0.051373691366026465,0.010309278350515464,0.9896907216494846,,,,,,,,,,,,,,,,,,,,,0.9896907216494846,97,0
efficientnet_b0,2024,Original,360,0,jpeg_sev1,jpeg,1,0.0022742754487705985,0.0,1.0,,,,,,,,,,,,,,,,,,,,,1.0,97,0
efficientnet_b0,2024,Original,360,0,jpeg_sev2,jpeg,2,0.00033129069257602505,0.0,1.0,,,,,,,,,,,,,,,,,,,,,1.0,97,0
efficientnet_b0,2024,Original,360,0,jpeg_sev3,jpeg,3,0.003628247007899343,0.0,1.0,,,,,,,,,,,,,,,,,,,,,1.0,97,0
efficientnet_b0,2024,Original,360,0,resize_sev1,resize,1,0.012284119072795106,0.010309278350515464,0.9896907216494846,,,,,,,,,,,,,,,,,,,,,0.9896907216494846,97,0
efficientnet_b0,2024,Original,360,0,resize_sev2,resize,2,0.01491433652355344,0.0,1.0,,,,,,,,,,,,,,,,,,,,,1.0,97,0
efficientnet_b0,2024,Original,360,0,resize_sev3,resize,3,0.04083353028279099,0.010309278350515464,0.9896907216494846,,,,,,,,,,,,,,,,,,,,,0.9896907216494846,97,0
efficientnet_b0,2024,Original,435,0,brightening_sev1,brightening,1,0.0015644934442818341,0.0,1.0,,,,,,,,,,,,,,,,,,,,,1.0,119,0
efficientnet_b0,2024,Original,435,0,brightening_sev2,brightening,2,0.0013010004122148626,0.0,1.0,,,,,,,,,,,,,,,,,,,,,1.0,119,0
efficientnet_b0,2024,Original,435,0,brightening_sev3,brightening,3,0.0043505830504200075,0.0,1.0,,,,,,,,,,,,,,,,,,,,,1.0,119,0
efficientnet_b0,2024,Original,435,0,clean,clean,0,0.002925802514409594,0.0,1.0,,,,,,,,,,,,,,,,,,,,,,119,0
efficientnet_b0,2024,Original,435,0,darkening_sev1,darkening,1,0.005919573281461494,0.0,1.0,,,,,,,,,,,,,,,,,,,,,1.0,119,0
efficientnet_b0,2024,Original,435,0,darkening_sev2,darkening,2,0.007501438305756624,0.0,1.0,,,,,,,,,,,,,,,,,,,,,1.0,119,0
efficientnet_b0,2024,Original,435,0,darkening_sev3,darkening,3,0.0062224595170494446,0.0,1.0,,,,,,,,,,,,,,,,,,,,,1.0,119,0
efficientnet_b0,2024,Original,435,0,jpeg_sev1,jpeg,1,0.00011348422137398914,0.0,1.0,,,,,,,,,,,,,,,,,,,,,1.0,119,0
efficientnet_b0,2024,Original,435,0,jpeg_sev2,jpeg,2,9.390360597619572e-06,0.0,1.0,,,,,,,,,,,,,,,,,,,,,1.0,119,0
efficientnet_b0,2024,Original,435,0,jpeg_sev3,jpeg,3,5.21798068748074e-06,0.0,1.0,,,,,,,,,,,,,,,,,,,,,1.0,119,0
efficientnet_b0,2024,Original,435,0,resize_sev1,resize,1,0.07575661360789589,0.04201680672268908,0.957983193277311,,,,,,,,,,,,,,,,,,,,,0.957983193277311,119,0
efficientnet_b0,2024,Original,435,0,resize_sev2,resize,2,0.11141754353395522,0.09243697478991597,0.907563025210084,,,,,,,,,,,,,,,,,,,,,0.907563025210084,119,0
efficientnet_b0,2024,Original,435,0,resize_sev3,resize,3,0.12144374858833525,0.08403361344537816,0.9159663865546218,,,,,,,,,,,,,,,,,,,,,0.9159663865546218,119,0
efficientnet_b0,2024,Original,437,0,brightening_sev1,brightening,1,0.017884724035993,0.0,1.0,,,,,,,,,,,,,,,,,,,,,0.9798657718120806,149,0
efficientnet_b0,2024,Original,437,0,brightening_sev2,brightening,2,0.006834561011532854,0.006711409395973154,0.9932885906040269,,,,,,,,,,,,,,,,,,,,,0.9731543624161074,149,0
efficientnet_b0,2024,Original,437,0,brightening_sev3,brightening,3,0.0059673111634585005,0.0,1.0,,,,,,,,,,,,,,,,,,,,,0.9798657718120806,149,0
efficientnet_b0,2024,Original,437,0,clean,clean,0,0.06487032279846967,0.020134228187919462,0.9798657718120806,,,,,,,,,,,,,,,,,,,,,,149,0
efficientnet_b0,2024,Original,437,0,darkening_sev1,darkening,1,0.22451487593309818,0.174496644295302,0.825503355704698,,,,,,,,,,,,,,,,,,,,,0.8456375838926175,149,0
efficientnet_b0,2024,Original,437,0,darkening_sev2,darkening,2,0.5194193330568405,0.4899328859060403,0.5100671140939598,,,,,,,,,,,,,,,,,,,,,0.5302013422818792,149,0
efficientnet_b0,2024,Original,437,0,darkening_sev3,darkening,3,0.7255430092047525,0.7651006711409396,0.2348993288590604,,,,,,,,,,,,,,,,,,,,,0.2550335570469799,149,0
efficientnet_b0,2024,Original,437,0,jpeg_sev1,jpeg,1,0.05469165818758616,0.020134228187919462,0.9798657718120806,,,,,,,,,,,,,,,,,,,,,1.0,149,0
efficientnet_b0,2024,Original,437,0,jpeg_sev2,jpeg,2,0.017276575000735244,0.0,1.0,,,,,,,,,,,,,,,,,,,,,0.9798657718120806,149,0
efficientnet_b0,2024,Original,437,0,jpeg_sev3,jpeg,3,0.019842330291415997,0.006711409395973154,0.9932885906040269,,,,,,,,,,,,,,,,,,,,,0.9865771812080537,149,0
efficientnet_b0,2024,Original,437,0,resize_sev1,resize,1,0.08428740206234929,0.040268456375838924,0.959731543624161,,,,,,,,,,,,,,,,,,,,,0.9798657718120806,149,0
efficientnet_b0,2024,Original,437,0,resize_sev2,resize,2,0.11643890801272405,0.0738255033557047,0.9261744966442953,,,,,,,,,,,,,,,,,,,,,0.9463087248322147,149,0
efficientnet_b0,2024,Original,437,0,resize_sev3,resize,3,0.30494844626038387,0.2684563758389262,0.7315436241610739,,,,,,,,,,,,,,,,,,,,,0.7516778523489933,149,0
efficientnet_b0,2024,Original,456,0,brightening_sev1,brightening,1,0.0020320409225588897,0.0,1.0,,,,,,,,,,,,,,,,,,,,,1.0,152,0
efficientnet_b0,2024,Original,456,0,brightening_sev2,brightening,2,0.004222812719774144,0.0,1.0,,,,,,,,,,,,,,,,,,,,,1.0,152,0
efficientnet_b0,2024,Original,456,0,brightening_sev3,brightening,3,0.004958393253590465,0.0,1.0,,,,,,,,,,,,,,,,,,,,,1.0,152,0
efficientnet_b0,2024,Original,456,0,clean,clean,0,0.0057177768170470905,0.0,1.0,,,,,,,,,,,,,,,,,,,,,,152,0
efficientnet_b0,2024,Original,456,0,darkening_sev1,darkening,1,0.0045331145477349845,0.0,1.0,,,,,,,,,,,,,,,,,,,,,1.0,152,0
efficientnet_b0,2024,Original,456,0,darkening_sev2,darkening,2,0.0024123943750616094,0.0,1.0,,,,,,,,,,,,,,,,,,,,,1.0,152,0
efficientnet_b0,2024,Original,456,0,darkening_sev3,darkening,3,0.00192577589022694,0.0,1.0,,,,,,,,,,,,,,,,,,,,,1.0,152,0
efficientnet_b0,2024,Original,456,0,jpeg_sev1,jpeg,1,0.0004865312986140812,0.0,1.0,,,,,,,,,,,,,,,,,,,,,1.0,152,0
efficientnet_b0,2024,Original,456,0,jpeg_sev2,jpeg,2,2.9191980379794076e-05,0.0,1.0,,,,,,,,,,,,,,,,,,,,,1.0,152,0
efficientnet_b0,2024,Original,456,0,jpeg_sev3,jpeg,3,3.6162790506435333e-06,0.0,1.0,,,,,,,,,,,,,,,,,,,,,1.0,152,0
efficientnet_b0,2024,Original,456,0,resize_sev1,resize,1,0.10761414696222749,0.07894736842105263,0.9210526315789473,,,,,,,,,,,,,,,,,,,,,0.9210526315789473,152,0
efficientnet_b0,2024,Original,456,0,resize_sev2,resize,2,0.18055897725164213,0.15789473684210525,0.8421052631578947,,,,,,,,,,,,,,,,,,,,,0.8421052631578947,152,0
efficientnet_b0,2024,Original,456,0,resize_sev3,resize,3,0.19490777934295592,0.13157894736842105,0.868421052631579,,,,,,,,,,,,,,,,,,,,,0.868421052631579,152,0
efficientnet_b0,2024,Original,607,0,brightening_sev1,brightening,1,0.9392695462233142,0.9649122807017544,0.03508771929824561,,,,,,,,,,,,,,,,,,,,,0.9736842105263158,114,0
efficientnet_b0,2024,Original,607,0,brightening_sev2,brightening,2,0.9365416572412901,0.956140350877193,0.043859649122807015,,,,,,,,,,,,,,,,,,,,,0.9824561403508771,114,0
efficientnet_b0,2024,Original,607,0,brightening_sev3,brightening,3,0.9136880535567016,0.9210526315789473,0.07894736842105263,,,,,,,,,,,,,,,,,,,,,0.9473684210526315,114,0
efficientnet_b0,2024,Original,607,0,clean,clean,0,0.958628872246073,0.9736842105263158,0.02631578947368421,,,,,,,,,,,,,,,,,,,,,,114,0
efficientnet_b0,2024,Original,607,0,darkening_sev1,darkening,1,0.9799436006629676,0.9912280701754386,0.008771929824561403,,,,,,,,,,,,,,,,,,,,,0.9824561403508771,114,0
efficientnet_b0,2024,Original,607,0,darkening_sev2,darkening,2,0.9967730170802066,1.0,0.0,,,,,,,,,,,,,,,,,,,,,0.9736842105263158,114,0
efficientnet_b0,2024,Original,607,0,darkening_sev3,darkening,3,0.9861008598093401,1.0,0.0,,,,,,,,,,,,,,,,,,,,,0.9736842105263158,114,0
efficientnet_b0,2024,Original,607,0,jpeg_sev1,jpeg,1,0.9839281863287875,0.9912280701754386,0.008771929824561403,,,,,,,,,,,,,,,,,,,,,0.9824561403508771,114,0
efficientnet_b0,2024,Original,607,0,jpeg_sev2,jpeg,2,0.9975083250748483,1.0,0.0,,,,,,,,,,,,,,,,,,,,,0.9736842105263158,114,0
efficientnet_b0,2024,Original,607,0,jpeg_sev3,jpeg,3,0.915620017469975,1.0,0.0,,,,,,,,,,,,,,,,,,,,,0.9736842105263158,114,0
efficientnet_b0,2024,Original,607,0,resize_sev1,resize,1,0.9602434653462025,0.9736842105263158,0.02631578947368421,,,,,,,,,,,,,,,,,,,,,1.0,114,0
efficientnet_b0,2024,Original,607,0,resize_sev2,resize,2,0.9734250986785219,0.9824561403508771,0.017543859649122806,,,,,,,,,,,,,,,,,,,,,0.9912280701754386,114,0
efficientnet_b0,2024,Original,607,0,resize_sev3,resize,3,0.9859385474732048,1.0,0.0,,,,,,,,,,,,,,,,,,,,,0.9736842105263158,114,0
efficientnet_b0,2024,Original,671,0,brightening_sev1,brightening,1,0.018737627967004983,0.011627906976744186,0.9883720930232558,,,,,,,,,,,,,,,,,,,,,0.9883720930232558,86,0
efficientnet_b0,2024,Original,671,0,brightening_sev2,brightening,2,0.0070996254015527945,0.0,1.0,,,,,,,,,,,,,,,,,,,,,0.9767441860465116,86,0
efficientnet_b0,2024,Original,671,0,brightening_sev3,brightening,3,0.0007169090163141665,0.0,1.0,,,,,,,,,,,,,,,,,,,,,0.9767441860465116,86,0
efficientnet_b0,2024,Original,671,0,clean,clean,0,0.029643265511130976,0.023255813953488372,0.9767441860465116,,,,,,,,,,,,,,,,,,,,,,86,0
efficientnet_b0,2024,Original,671,0,darkening_sev1,darkening,1,0.06624508149898665,0.03488372093023256,0.9651162790697675,,,,,,,,,,,,,,,,,,,,,0.9883720930232558,86,0
efficientnet_b0,2024,Original,671,0,darkening_sev2,darkening,2,0.16855227959705757,0.11627906976744186,0.8837209302325582,,,,,,,,,,,,,,,,,,,,,0.9069767441860465,86,0
efficientnet_b0,2024,Original,671,0,darkening_sev3,darkening,3,0.5533299250528216,0.5930232558139535,0.4069767441860465,,,,,,,,,,,,,,,,,,,,,0.43023255813953487,86,0
efficientnet_b0,2024,Original,671,0,jpeg_sev1,jpeg,1,0.007645367193188849,0.0,1.0,,,,,,,,,,,,,,,,,,,,,0.9767441860465116,86,0
efficientnet_b0,2024,Original,671,0,jpeg_sev2,jpeg,2,0.0037785338471975722,0.0,1.0,,,,,,,,,,,,,,,,,,,,,0.9767441860465116,86,0
efficientnet_b0,2024,Original,671,0,jpeg_sev3,jpeg,3,0.07821473309106587,0.023255813953488372,0.9767441860465116,,,,,,,,,,,,,,,,,,,,,0.9534883720930233,86,0
efficientnet_b0,2024,Original,671,0,resize_sev1,resize,1,0.04137432948470818,0.03488372093023256,0.9651162790697675,,,,,,,,,,,,,,,,,,,,,0.9883720930232558,86,0
efficientnet_b0,2024,Original,671,0,resize_sev2,resize,2,0.06634741306614282,0.03488372093023256,0.9651162790697675,,,,,,,,,,,,,,,,,,,,,0.9883720930232558,86,0
efficientnet_b0,2024,Original,671,0,resize_sev3,resize,3,0.12962991861253567,0.05813953488372093,0.9418604651162791,,,,,,,,,,,,,,,,,,,,,0.9651162790697675,86,0
efficientnet_b0,2024,Original,677,0,brightening_sev1,brightening,1,0.16819483297582286,0.10126582278481013,0.8987341772151899,,,,,,,,,,,,,,,,,,,,,0.9367088607594937,79,0
efficientnet_b0,2024,Original,677,0,brightening_sev2,brightening,2,0.09693679818736173,0.05063291139240506,0.9493670886075949,,,,,,,,,,,,,,,,,,,,,0.8860759493670886,79,0
efficientnet_b0,2024,Original,677,0,brightening_sev3,brightening,3,0.06092268467992776,0.02531645569620253,0.9746835443037974,,,,,,,,,,,,,,,,,,,,,0.8607594936708861,79,0
efficientnet_b0,2024,Original,677,0,clean,clean,0,0.24634405485755181,0.16455696202531644,0.8354430379746836,,,,,,,,,,,,,,,,,,,,,,79,0
efficientnet_b0,2024,Original,677,0,darkening_sev1,darkening,1,0.2924411627729246,0.22784810126582278,0.7721518987341772,,,,,,,,,,,,,,,,,,,,,0.8860759493670886,79,0
efficientnet_b0,2024,Original,677,0,darkening_sev2,darkening,2,0.3770584104511934,0.34177215189873417,0.6582278481012658,,,,,,,,,,,,,,,,,,,,,0.7974683544303798,79,0
efficientnet_b0,2024,Original,677,0,darkening_sev3,darkening,3,0.47296993628356465,0.4430379746835443,0.5569620253164557,,,,,,,,,,,,,,,,,,,,,0.6962025316455697,79,0
efficientnet_b0,2024,Original,677,0,jpeg_sev1,jpeg,1,0.22163702190936174,0.13924050632911392,0.8607594936708861,,,,,,,,,,,,,,,,,,,,,0.9493670886075949,79,0
efficientnet_b0,2024,Original,677,0,jpeg_sev2,jpeg,2,0.09737433860361383,0.02531645569620253,0.9746835443037974,,,,,,,,,,,,,,,,,,,,,0.8607594936708861,79,0
efficientnet_b0,2024,Original,677,0,jpeg_sev3,jpeg,3,0.028052707495290485,0.012658227848101266,0.9873417721518988,,,,,,,,,,,,,,,,,,,,,0.8481012658227848,79,0
efficientnet_b0,2024,Original,677,0,resize_sev1,resize,1,0.3445808977784612,0.3037974683544304,0.6962025316455697,,,,,,,,,,,,,,,,,,,,,0.8607594936708861,79,0
efficientnet_b0,2024,Original,677,0,resize_sev2,resize,2,0.47465093933706043,0.46835443037974683,0.5316455696202531,,,,,,,,,,,,,,,,,,,,,0.6962025316455697,79,0
efficientnet_b0,2024,Original,677,0,resize_sev3,resize,3,0.5985606912570663,0.5822784810126582,0.4177215189873418,,,,,,,,,,,,,,,,,,,,,0.5822784810126582,79,0
efficientnet_b0,2024,Original,683,0,brightening_sev1,brightening,1,0.48915951488245474,0.4605263157894737,0.5394736842105263,,,,,,,,,,,,,,,,,,,,,0.8552631578947368,76,0
efficientnet_b0,2024,Original,683,0,brightening_sev2,brightening,2,0.3644975215000541,0.3026315789473684,0.6973684210526315,,,,,,,,,,,,,,,,,,,,,0.75,76,0
efficientnet_b0,2024,Original,683,0,brightening_sev3,brightening,3,0.10455050936511003,0.013157894736842105,0.9868421052631579,,,,,,,,,,,,,,,,,,,,,0.5657894736842105,76,0
efficientnet_b0,2024,Original,683,0,clean,clean,0,0.47860696017251986,0.4473684210526316,0.5526315789473685,,,,,,,,,,,,,,,,,,,,,,76,0
efficientnet_b0,2024,Original,683,0,darkening_sev1,darkening,1,0.4746888584677914,0.4473684210526316,0.5526315789473685,,,,,,,,,,,,,,,,,,,,,0.868421052631579,76,0
efficientnet_b0,2024,Original,683,0,darkening_sev2,darkening,2,0.6050339141664537,0.6052631578947368,0.39473684210526316,,,,,,,,,,,,,,,,,,,,,0.7631578947368421,76,0
efficientnet_b0,2024,Original,683,0,darkening_sev3,darkening,3,0.8045212708805737,0.868421052631579,0.13157894736842105,,,,,,,,,,,,,,,,,,,,,0.5526315789473685,76,0
efficientnet_b0,2024,Original,683,0,jpeg_sev1,jpeg,1,0.5514412881120255,0.5394736842105263,0.4605263157894737,,,,,,,,,,,,,,,,,,,,,0.8552631578947368,76,0
efficientnet_b0,2024,Original,683,0,jpeg_sev2,jpeg,2,0.76984109768742,0.8289473684210527,0.17105263157894737,,,,,,,,,,,,,,,,,,,,,0.618421052631579,76,0
efficientnet_b0,2024,Original,683,0,jpeg_sev3,jpeg,3,0.7085320185869932,0.7368421052631579,0.2631578947368421,,,,,,,,,,,,,,,,,,,,,0.5263157894736842,76,0
efficientnet_b0,2024,Original,683,0,resize_sev1,resize,1,0.5075843842994225,0.47368421052631576,0.5263157894736842,,,,,,,,,,,,,,,,,,,,,0.9473684210526315,76,0
efficientnet_b0,2024,Original,683,0,resize_sev2,resize,2,0.5621692159850347,0.5526315789473685,0.4473684210526316,,,,,,,,,,,,,,,,,,,,,0.8947368421052632,76,0
efficientnet_b0,2024,Original,683,0,resize_sev3,resize,3,0.730226069688797,0.7631578947368421,0.23684210526315788,,,,,,,,,,,,,,,,,,,,,0.6842105263157895,76,0
efficientnet_b0,2024,Original,876,0,brightening_sev1,brightening,1,4.065669342390939e-08,0.0,1.0,,,,,,,,,,,,,,,,,,,,,1.0,79,0
efficientnet_b0,2024,Original,876,0,brightening_sev2,brightening,2,9.948808175633437e-08,0.0,1.0,,,,,,,,,,,,,,,,,,,,,1.0,79,0
efficientnet_b0,2024,Original,876,0,brightening_sev3,brightening,3,1.3308893782860162e-06,0.0,1.0,,,,,,,,,,,,,,,,,,,,,1.0,79,0
efficientnet_b0,2024,Original,876,0,clean,clean,0,2.3374717621266616e-07,0.0,1.0,,,,,,,,,,,,,,,,,,,,,,79,0
efficientnet_b0,2024,Original,876,0,darkening_sev1,darkening,1,1.1042593429769596e-06,0.0,1.0,,,,,,,,,,,,,,,,,,,,,1.0,79,0
efficientnet_b0,2024,Original,876,0,darkening_sev2,darkening,2,6.803929413540388e-06,0.0,1.0,,,,,,,,,,,,,,,,,,,,,1.0,79,0
efficientnet_b0,2024,Original,876,0,darkening_sev3,darkening,3,7.549580437458007e-05,0.0,1.0,,,,,,,,,,,,,,,,,,,,,1.0,79,0
efficientnet_b0,2024,Original,876,0,jpeg_sev1,jpeg,1,2.093209277720545e-08,0.0,1.0,,,,,,,,,,,,,,,,,,,,,1.0,79,0
efficientnet_b0,2024,Original,876,0,jpeg_sev2,jpeg,2,2.1909134477849022e-09,0.0,1.0,,,,,,,,,,,,,,,,,,,,,1.0,79,0
efficientnet_b0,2024,Original,876,0,jpeg_sev3,jpeg,3,5.5397172216213086e-08,0.0,1.0,,,,,,,,,,,,,,,,,,,,,1.0,79,0
efficientnet_b0,2024,Original,876,0,resize_sev1,resize,1,1.4345642050967242e-06,0.0,1.0,,,,,,,,,,,,,,,,,,,,,1.0,79,0
efficientnet_b0,2024,Original,876,0,resize_sev2,resize,2,2.2566634804488036e-05,0.0,1.0,,,,,,,,,,,,,,,,,,,,,1.0,79,0
efficientnet_b0,2024,Original,876,0,resize_sev3,resize,3,0.00017428562124741057,0.0,1.0,,,,,,,,,,,,,,,,,,,,,1.0,79,0
efficientnet_b0,2024,Original,891,0,brightening_sev1,brightening,1,0.02421027214776078,0.0,1.0,,,,,,,,,,,,,,,,,,,,,1.0,74,0
efficientnet_b0,2024,Original,891,0,brightening_sev2,brightening,2,0.02273322108034657,0.0,1.0,,,,,,,,,,,,,,,,,,,,,1.0,74,0
efficientnet_b0,2024,Original,891,0,brightening_sev3,brightening,3,0.049017189941165426,0.0,1.0,,,,,,,,,,,,,,,,,,,,,1.0,74,0
efficientnet_b0,2024,Original,891,0,clean,clean,0,0.037763542774738354,0.0,1.0,,,,,,,,,,,,,,,,,,,,,,74,0
efficientnet_b0,2024,Original,891,0,darkening_sev1,darkening,1,0.04816807014200287,0.0,1.0,,,,,,,,,,,,,,,,,,,,,1.0,74,0
efficientnet_b0,2024,Original,891,0,darkening_sev2,darkening,2,0.028802282481721557,0.0,1.0,,,,,,,,,,,,,,,,,,,,,1.0,74,0
efficientnet_b0,2024,Original,891,0,darkening_sev3,darkening,3,0.008992501130638292,0.0,1.0,,,,,,,,,,,,,,,,,,,,,1.0,74,0
efficientnet_b0,2024,Original,891,0,jpeg_sev1,jpeg,1,0.006308589777407879,0.0,1.0,,,,,,,,,,,,,,,,,,,,,1.0,74,0
efficientnet_b0,2024,Original,891,0,jpeg_sev2,jpeg,2,0.0009866557674104513,0.0,1.0,,,,,,,,,,,,,,,,,,,,,1.0,74,0
efficientnet_b0,2024,Original,891,0,jpeg_sev3,jpeg,3,0.0005065380093020096,0.0,1.0,,,,,,,,,,,,,,,,,,,,,1.0,74,0
efficientnet_b0,2024,Original,891,0,resize_sev1,resize,1,0.10561223533718349,0.04054054054054054,0.9594594594594594,,,,,,,,,,,,,,,,,,,,,0.9594594594594594,74,0
efficientnet_b0,2024,Original,891,0,resize_sev2,resize,2,0.16454196234465324,0.08108108108108109,0.918918918918919,,,,,,,,,,,,,,,,,,,,,0.918918918918919,74,0
efficientnet_b0,2024,Original,891,0,resize_sev3,resize,3,0.10616237180294917,0.04054054054054054,0.9594594594594594,,,,,,,,,,,,,,,,,,,,,0.9594594594594594,74,0
